InvoiceNo,StockCode,Description,Quantity,InvoiceDate,UnitPrice,CustomerID,Country
555200,71459,HANGING JAM JAR T-LIGHT HOLDER,24,2011-06-01 12:05:00,0.85,17315.0,United Kingdom
554974,21128,GOLD FISHING GNOME,4,2011-05-27 17:14:00,6.95,14031.0,United Kingdom
550972,21086,SET/6 RED SPOTTY PAPER CUPS,4,2011-04-21 17:05:00,0.65,14031.0,United Kingdom
576652,22812,PACK 3 BOXES CHRISTMAS PANETTONE,3,2011-11-16 10:39:00,1.95,17198.0,United Kingdom
546157,22180,RETROSPOT LAMP,2,2011-03-10 08:40:00,9.95,13502.0,United Kingdom
576200,82482,WOODEN PICTURE FRAME WHITE FINISH,2,2011-11-14 12:14:00,2.95,15572.0,United Kingdom
577076,22614,PACK OF 12 SPACEBOY TISSUES,12,2011-11-17 15:08:00,0.39,14362.0,United Kingdom
568909,22596,CHRISTMAS STAR WISH LIST CHALKBOARD,12,2011-09-29 13:38:00,1.25,16818.0,United Kingdom
578072,21109,LARGE CAKE TOWEL CHOCOLATE SPOTS,1,2011-11-22 16:02:00,6.75,17759.0,United Kingdom
560491,23297,SET 40 HEART SHAPE PETIT FOUR CASES,2,2011-07-19 10:51:00,1.65,12415.0,Australia
545721,82484,WOOD BLACK BOARD ANT WHITE FINISH,1,2011-03-07 10:52:00,7.9,15039.0,United Kingdom
573399,21108,FAIRY CAKE FLANNEL ASSORTED COLOUR,18,2011-10-30 15:35:00,0.79,13949.0,United Kingdom
551954,22799,SWEETHEART WIRE FRUIT BOWL,1,2011-05-05 12:13:00,8.5,14515.0,United Kingdom
563745,22115,METAL SIGN EMPIRE TEA,12,2011-08-19 09:38:00,0.79,15159.0,United Kingdom
540418,22161,HEART DECORATION RUSTIC HANGING ,5,2011-01-07 11:04:00,0.81,,United Kingdom
546237,84508A,CAMOUFLAGE DESIGN TEDDY,6,2011-03-10 12:50:00,2.55,16625.0,United Kingdom
548005,21499,BLUE POLKADOT WRAP,25,2011-03-29 10:49:00,0.42,14128.0,United Kingdom
539000,22622,BOX OF VINTAGE ALPHABET BLOCKS,4,2010-12-15 12:27:00,9.95,13092.0,United Kingdom
545715,82600,NO SINGING METAL SIGN,1,2011-03-07 10:13:00,4.13,,United Kingdom
C572489,22465,HANGING METAL STAR LANTERN,-5,2011-10-24 13:59:00,1.65,17119.0,United Kingdom
577820,23169,CLASSIC GLASS COOKIE JAR,18,2011-11-22 09:24:00,3.75,13408.0,United Kingdom
555091,21936,RED RETROSPOT PICNIC BAG,1,2011-05-31 12:50:00,2.95,12748.0,United Kingdom
556106,22669,RED BABY BUNTING ,2,2011-06-08 16:54:00,2.95,14056.0,United Kingdom
537159,22667,RECIPE BOX RETROSPOT ,1,2010-12-05 13:17:00,2.95,14527.0,United Kingdom
565841,22555,PLASTERS IN TIN STRONGMAN,1,2011-09-07 12:04:00,3.29,,United Kingdom
536532,20685,DOORMAT RED RETROSPOT,2,2010-12-01 13:24:00,7.95,12433.0,Norway
572681,23232,WRAP VINTAGE LEAF DESIGN,25,2011-10-25 13:51:00,0.42,13510.0,United Kingdom
548309,22586,FELTCRAFT HAIRBAND PINK AND BLUE,1,2011-03-30 12:02:00,0.85,16657.0,United Kingdom
577531,22699,ROSES REGENCY TEACUP AND SAUCER ,7,2011-11-20 13:58:00,5.79,,United Kingdom
559133,21987,PACK OF 6 SKULL PAPER CUPS,2,2011-07-06 13:13:00,0.65,17861.0,United Kingdom
566922,23420,PANTRY HOOK TEA STRAINER ,12,2011-09-15 14:58:00,2.08,16156.0,United Kingdom
545227,21080,SET/20 RED RETROSPOT PAPER NAPKINS ,24,2011-03-01 09:35:00,0.85,12428.0,Finland
574074,35095A,BLUE VICTORIAN FABRIC OVAL BOX,2,2011-11-02 15:33:00,0.83,,United Kingdom
569026,23203,JUMBO BAG VINTAGE DOILY ,10,2011-09-30 10:18:00,2.08,16101.0,United Kingdom
538163,22468,BABUSHKA LIGHTS STRING OF 10,2,2010-12-09 17:27:00,6.75,17841.0,United Kingdom
572719,23031,DRAWER KNOB CRACKLE GLAZE PINK,12,2011-10-25 15:03:00,1.65,13871.0,United Kingdom
552828,22046,TEA PARTY  WRAPPING PAPER ,25,2011-05-11 13:23:00,0.42,13662.0,United Kingdom
575922,23225,CHERUB HEART DECORATION SILVER ,24,2011-11-11 17:10:00,0.83,15681.0,United Kingdom
C546730,22720,SET OF 3 CAKE TINS PANTRY DESIGN ,-1,2011-03-16 11:39:00,4.95,18183.0,United Kingdom
560267,71477,COLOUR GLASS. STAR T-LIGHT HOLDER,4,2011-07-17 14:05:00,3.25,13880.0,United Kingdom
540468,21413,PERIWINKLE T-LIGHT HOLDER,1,2011-01-07 13:55:00,2.51,,United Kingdom
545701,48116,DOORMAT MULTICOLOUR STRIPE,10,2011-03-06 15:17:00,6.75,17107.0,United Kingdom
567656,51014A,"FEATHER PEN,HOT PINK",26,2011-09-21 14:40:00,0.83,14096.0,United Kingdom
575063,35970,ZINC FOLKART SLEIGH BELLS,3,2011-11-08 12:32:00,1.69,16764.0,United Kingdom
556917,22659,LUNCH BOX I LOVE LONDON,128,2011-06-15 13:37:00,1.65,12415.0,Australia
561369,22268,DECORATION SITTING BUNNY,2,2011-07-26 16:21:00,0.63,,United Kingdom
538449,82599,FANNY'S REST STOPMETAL SIGN,2,2010-12-12 12:24:00,2.1,17085.0,United Kingdom
536531,22726,ALARM CLOCK BAKELIKE GREEN,9,2010-12-01 13:23:00,3.75,15485.0,United Kingdom
C559030,84857C,PINK MONTE CARLO HANDBAG,-1,2011-07-05 14:51:00,1.95,16571.0,United Kingdom
540681,82494L,WOODEN FRAME ANTIQUE WHITE ,1,2011-01-10 16:25:00,7.62,,United Kingdom
562377,23165,LARGE CERAMIC TOP STORAGE JAR,6,2011-08-04 15:04:00,1.65,14535.0,United Kingdom
568144,21933,PINK VINTAGE PAISLEY PICNIC BAG,10,2011-09-25 11:29:00,1.65,14005.0,United Kingdom
554016,21916,SET 12 RETRO WHITE CHALK STICKS,6,2011-05-20 13:14:00,0.42,13243.0,United Kingdom
562717,22784,LANTERN CREAM GAZEBO ,1,2011-08-08 15:42:00,10.79,,United Kingdom
554959,85099B,JUMBO BAG RED RETROSPOT,2,2011-05-27 15:18:00,4.13,,United Kingdom
550512,22523,CHILDS GARDEN FORK PINK,2,2011-04-18 16:31:00,0.85,18069.0,United Kingdom
578844,21317,GLASS SPHERE CANDLE STAND MEDIUM,4,2011-11-25 16:14:00,10.79,,United Kingdom
572669,22416,SET OF 36 SPACEBOY PAPER DOILIES,1,2011-10-25 13:10:00,1.45,16549.0,United Kingdom
553504,47590B,PINK HAPPY BIRTHDAY BUNTING,3,2011-05-17 13:26:00,5.45,13310.0,United Kingdom
565117,84879,ASSORTED COLOUR BIRD ORNAMENT,40,2011-09-01 11:33:00,1.69,13089.0,United Kingdom
566422,82483,WOOD 2 DRAWER CABINET WHITE FINISH,4,2011-09-12 13:56:00,6.95,13064.0,United Kingdom
536593,22366,DOORMAT AIRMAIL ,2,2010-12-01 17:15:00,7.95,16835.0,United Kingdom
578041,84029G,KNITTED UNION FLAG HOT WATER BOTTLE,3,2011-11-22 14:23:00,4.25,17338.0,United Kingdom
553525,21385,IVORY HANGING DECORATION  HEART,24,2011-05-17 14:50:00,0.85,16266.0,United Kingdom
548728,22367,CHILDRENS APRON SPACEBOY DESIGN,8,2011-04-04 09:55:00,1.95,13198.0,United Kingdom
551660,23148,MINIATURE ANTIQUE ROSE HOOK IVORY,12,2011-05-03 12:16:00,0.83,15271.0,United Kingdom
555383,21731,RED TOADSTOOL LED NIGHT LIGHT,5,2011-06-02 15:13:00,1.65,12517.0,Germany
578998,21810,CHRISTMAS HANGING STAR WITH BELL,1,2011-11-27 16:05:00,0.39,15436.0,United Kingdom
579777,21877,HOME SWEET HOME MUG,1,2011-11-30 15:13:00,3.29,,United Kingdom
557233,22561,WOODEN SCHOOL COLOURING SET,3,2011-06-17 14:44:00,1.65,15356.0,United Kingdom
555924,85131B,BEADED CRYSTAL HEART GREEN ON STICK,5,2011-06-07 17:12:00,0.83,,United Kingdom
558232,21927,BLUE/CREAM STRIPE CUSHION COVER ,2,2011-06-27 14:30:00,1.25,17841.0,United Kingdom
543021,22352,LUNCH BOX WITH CUTLERY RETROSPOT ,6,2011-02-02 14:36:00,2.55,15421.0,United Kingdom
575070,23427,STOOL HOME SWEET HOME ,2,2011-11-08 12:58:00,12.5,17841.0,United Kingdom
544322,79000,MOROCCAN TEA GLASS,24,2011-02-17 15:50:00,0.85,14211.0,United Kingdom
570019,23501,KEY RING BASEBALL BOOT UNION JACK,1,2011-10-07 10:13:00,1.25,17841.0,United Kingdom
553900,22890,NOVELTY BISCUITS CAKE STAND 3 TIER,4,2011-05-19 17:47:00,9.95,12353.0,Bahrain
579619,21174,POTTERING IN THE SHED METAL SIGN,12,2011-11-30 12:10:00,2.08,18241.0,United Kingdom
559200,84375,SET OF 20 KIDS COOKIE CUTTERS,1,2011-07-07 10:36:00,2.1,13291.0,United Kingdom
540464,84792,ENCHANTED BIRD COATHANGER 5 HOOK,8,2011-01-07 13:17:00,3.81,14298.0,United Kingdom
548336,15036,ASSORTED COLOURS SILK FAN,600,2011-03-30 14:06:00,0.65,13082.0,United Kingdom
574257,72818,,-3,2011-11-03 13:46:00,0.0,,United Kingdom
575051,21623,VINTAGE UNION JACK MEMOBOARD,2,2011-11-08 12:14:00,9.95,15957.0,United Kingdom
568095,90201B,BLACK ENAMEL FLOWER RING,6,2011-09-23 14:49:00,2.95,14911.0,EIRE
544646,71038,WHITE HANGING BEADS CANDLE HOLDER,4,2011-02-22 12:06:00,5.45,17075.0,United Kingdom
580610,85049e,SCANDINAVIAN REDS RIBBONS,2,2011-12-05 11:48:00,3.29,,United Kingdom
542112,22423,REGENCY CAKESTAND 3 TIER,2,2011-01-25 13:55:00,12.75,13168.0,United Kingdom
566203,84946,ANTIQUE SILVER T-LIGHT GLASS,12,2011-09-09 14:47:00,1.25,16362.0,United Kingdom
578290,22670,FRENCH WC SIGN BLUE METAL,12,2011-11-23 14:07:00,1.25,13644.0,United Kingdom
547202,22652,TRAVEL SEWING KIT,1,2011-03-21 13:38:00,1.65,17841.0,United Kingdom
550496,84945,MULTI COLOUR SILVER T-LIGHT HOLDER,12,2011-04-18 15:05:00,1.8,,United Kingdom
540114,84030E,ENGLISH ROSE HOT WATER BOTTLE,8,2011-01-05 09:44:00,4.25,15498.0,United Kingdom
573909,22913,RED COAT RACK PARIS FASHION,1,2011-11-01 15:26:00,4.95,17813.0,United Kingdom
576611,23084,RABBIT NIGHT LIGHT,10,2011-11-15 16:29:00,2.08,17357.0,United Kingdom
538658,84360,TABLE LAMP WHITE SHADE WOOD BASE,2,2010-12-13 15:34:00,5.95,17969.0,United Kingdom
541181,22502,PICNIC BASKET WICKER SMALL,16,2011-01-14 11:50:00,4.95,12877.0,United Kingdom
577498,22749,FELTCRAFT PRINCESS CHARLOTTE DOLL,1,2011-11-20 12:22:00,3.75,15906.0,United Kingdom
549682,22923,FRIDGE MAGNETS LES ENFANTS ASSORTED,12,2011-04-11 13:22:00,0.85,12596.0,Spain
546396,72349B,SET/6 PURPLE BUTTERFLY T-LIGHTS,4,2011-03-11 14:35:00,2.1,13226.0,United Kingdom
567959,23205,CHARLOTTE BAG VINTAGE ALPHABET ,20,2011-09-23 09:13:00,0.85,12516.0,Germany
579093,20963,APPLE BATH SPONGE,50,2011-11-28 10:54:00,1.25,13081.0,United Kingdom
559051,22622,BOX OF VINTAGE ALPHABET BLOCKS,1,2011-07-05 16:47:00,24.96,,United Kingdom
563404,20970,PINK FLORAL FELTCRAFT SHOULDER BAG,8,2011-08-16 11:04:00,3.75,16303.0,United Kingdom
568869,23288,GREEN VINTAGE SPOT BEAKER,8,2011-09-29 12:01:00,0.85,12957.0,United Kingdom
558096,21851,LILAC DIAMANTE PEN IN GIFT BOX,2,2011-06-26 13:24:00,4.95,15532.0,United Kingdom
570637,22338,STAR DECORATION PAINTED ZINC ,96,2011-10-11 12:34:00,0.19,12530.0,Germany
566195,21877,HOME SWEET HOME MUG,12,2011-09-09 13:44:00,1.25,12433.0,Norway
559542,23266,SET OF 3 WOODEN STOCKING DECORATION,2,2011-07-10 13:32:00,1.25,17126.0,United Kingdom
565232,22811,SET OF 6 T-LIGHTS CACTI ,2,2011-09-02 09:30:00,5.79,,United Kingdom
555602,47504K,ENGLISH ROSE GARDEN SECATEURS,12,2011-06-06 11:26:00,1.95,16235.0,United Kingdom
540154,84968C,SET OF 16 VINTAGE PISTACHIO CUTLERY,4,2011-01-05 11:30:00,8.47,,United Kingdom
565331,22791,T-LIGHT GLASS FLUTED ANTIQUE,12,2011-09-02 13:59:00,1.25,16674.0,United Kingdom
540121,22610,PENS ASSORTED FUNNY FACE,36,2011-01-05 10:35:00,0.21,16145.0,United Kingdom
576837,21945,STRAWBERRIES  DESIGN FLANNEL ,3,2011-11-16 15:16:00,1.63,,United Kingdom
543172,22197,SMALL POPCORN HOLDER,6,2011-02-04 09:11:00,1.63,,United Kingdom
555590,21668,RED STRIPE CERAMIC DRAWER KNOB,24,2011-06-06 09:39:00,1.25,17690.0,United Kingdom
557466,23240,SET OF 4 KNICK KNACK TINS DOILEY ,6,2011-06-20 13:08:00,4.15,13815.0,Germany
568721,22189,CREAM HEART CARD HOLDER,1,2011-09-28 16:24:00,8.29,,United Kingdom
544684,22635,CHILDS BREAKFAST SET DOLLY GIRL ,1,2011-02-22 16:32:00,19.96,,United Kingdom
537469,22112,CHOCOLATE HOT WATER BOTTLE,24,2010-12-07 10:43:00,4.25,17720.0,United Kingdom
578307,22630,DOLLY GIRL LUNCH BOX,2,2011-11-23 15:53:00,1.95,17290.0,United Kingdom
550636,37476,CONDIMENT TRAY 4 BOWLS AND 4 SPOONS,1,2011-04-19 15:37:00,8.29,,United Kingdom
543979,85114A,BLACK ENCHANTED FOREST PLACEMAT,5,2011-02-14 15:43:00,1.65,14606.0,United Kingdom
580881,23199,JUMBO BAG APPLES,10,2011-12-06 12:19:00,2.08,16620.0,United Kingdom
549557,22990,COTTON APRON PANTRY DESIGN,3,2011-04-10 12:59:00,4.95,14450.0,United Kingdom
560576,22295,HEART FILIGREE DOVE LARGE,6,2011-07-19 14:59:00,1.65,17287.0,United Kingdom
548567,23078,ICE CREAM PEN LIP GLOSS ,24,2011-04-01 10:34:00,1.25,17965.0,United Kingdom
549250,85144,JARDIN ETCHED GLASS CHEESE DISH,1,2011-04-07 12:10:00,1.95,14446.0,United Kingdom
552325,23206,LUNCH BAG APPLE DESIGN,10,2011-05-09 09:47:00,1.65,12490.0,France
546643,85150,LADIES & GENTLEMEN METAL SIGN,6,2011-03-15 13:23:00,2.55,16214.0,United Kingdom
554842,22568,FELTCRAFT CUSHION OWL,4,2011-05-26 18:17:00,3.75,14740.0,United Kingdom
561214,21429,RED GINGHAM ROSE JEWELLERY BOX,1,2011-07-25 17:00:00,4.13,,United Kingdom
547962,21714,CITRONELLA CANDLE GARDEN POT,12,2011-03-28 15:38:00,1.25,12957.0,United Kingdom
540468,22585,PACK OF 6 BIRDY GIFT TAGS,2,2011-01-07 13:55:00,2.51,,United Kingdom
579161,23493,VINTAGE DOILY TRAVEL SEWING KIT,5,2011-11-28 13:56:00,1.95,17379.0,United Kingdom
560567,22081,RIBBON REEL FLORA + FAUNA ,2,2011-07-19 13:57:00,3.29,,United Kingdom
550438,22844,VINTAGE CREAM DOG FOOD CONTAINER,2,2011-04-18 12:16:00,8.5,15265.0,United Kingdom
540646,90214W,"LETTER ""W"" BLING KEY RING",1,2011-01-10 14:32:00,0.85,,United Kingdom
544724,85152,HAND OVER THE CHOCOLATE   SIGN ,24,2011-02-23 10:46:00,2.1,15605.0,United Kingdom
580505,23350,ROLL WRAP VINTAGE SPOT ,4,2011-12-04 13:32:00,1.25,15867.0,United Kingdom
580504,23079,TOADSTOOL BEDSIDE LIGHT ,1,2011-12-04 13:32:00,8.95,17936.0,United Kingdom
578344,22541,MINI JIGSAW LEAP FROG,1,2011-11-24 09:21:00,0.83,,United Kingdom
562928,84926D,LA PALMIERA TILE COASTER,24,2011-08-10 15:29:00,0.29,15494.0,United Kingdom
546008,22136,LOVE HEART SOCK HANGER,1,2011-03-08 15:43:00,3.29,,United Kingdom
559557,23159,SET OF 5 PANCAKE DAY MAGNETS,12,2011-07-11 10:33:00,2.08,17444.0,Canada
572472,22553,PLASTERS IN TIN SKULLS,12,2011-10-24 13:34:00,1.65,14139.0,United Kingdom
572509,23203,JUMBO BAG VINTAGE DOILY ,2,2011-10-24 14:25:00,2.08,17004.0,United Kingdom
C578144,22697,GREEN REGENCY TEACUP AND SAUCER,-3,2011-11-23 11:06:00,2.95,16201.0,United Kingdom
567805,23333,IVORY WICKER HEART MEDIUM,2,2011-09-22 12:15:00,1.25,12854.0,United Kingdom
570855,22818,CARD CHRISTMAS VILLAGE,12,2011-10-12 14:56:00,0.42,17314.0,United Kingdom
573300,23570,TRADITIONAL PICK UP STICKS GAME ,1,2011-10-28 16:10:00,1.25,16049.0,United Kingdom
558758,21394,RED POLKADOT BEAKER ,1,2011-07-03 12:27:00,0.39,17939.0,United Kingdom
579777,23376,PACK OF 12 VINTAGE CHRISTMAS TISSUE,2,2011-11-30 15:13:00,0.83,,United Kingdom
563477,23292,SPACEBOY CHILDRENS CUP,1,2011-08-16 15:39:00,1.25,17097.0,Spain
537372,22837,HOT WATER BOTTLE BABUSHKA ,2,2010-12-06 12:52:00,4.65,16919.0,United Kingdom
559923,71477,COLOUR GLASS. STAR T-LIGHT HOLDER,1,2011-07-13 16:07:00,6.63,,United Kingdom
554956,22555,PLASTERS IN TIN STRONGMAN,3,2011-05-27 15:17:00,3.29,,United Kingdom
551142,23148,MINIATURE ANTIQUE ROSE HOOK IVORY,4,2011-04-26 13:22:00,0.83,17613.0,United Kingdom
580134,20668,DISCO BALL CHRISTMAS DECORATION,24,2011-12-01 19:24:00,0.12,13102.0,United Kingdom
542255,22697,GREEN REGENCY TEACUP AND SAUCER,6,2011-01-26 16:43:00,5.79,,United Kingdom
576673,22548,adjustment,4,2011-11-16 11:59:00,0.0,,United Kingdom
575138,21329,DINOSAURS  WRITING SET ,1,2011-11-08 15:24:00,3.29,,United Kingdom
557123,22998,TRAVEL CARD WALLET KEEP CALM,10,2011-06-16 17:56:00,0.42,15555.0,United Kingdom
541827,22659,LUNCH BOX I LOVE LONDON,1,2011-01-21 17:05:00,4.13,,United Kingdom
569202,22775,PURPLE DRAWERKNOB ACRYLIC EDWARDIAN,6,2011-09-30 17:22:00,2.46,,United Kingdom
547708,82551,LAUNDRY 15C METAL SIGN,288,2011-03-24 18:34:00,1.7,17450.0,United Kingdom
555633,22328,ROUND SNACK BOXES SET OF 4 FRUITS ,2,2011-06-06 12:22:00,2.95,14534.0,United Kingdom
545812,85040A,S/4 PINK FLOWER CANDLES IN BOWL,12,2011-03-07 12:26:00,1.65,14214.0,United Kingdom
550512,84535B,FAIRY CAKES NOTEBOOK A6 SIZE,1,2011-04-18 16:31:00,0.65,18069.0,United Kingdom
569702,21899,GARAGE KEY FOB,1,2011-10-05 16:09:00,0.65,14396.0,United Kingdom
580903,22199,FRYING PAN RED RETROSPOT,1,2011-12-06 12:56:00,1.25,14606.0,United Kingdom
548167,22386,JUMBO BAG PINK POLKADOT,4,2011-03-29 13:45:00,4.13,,United Kingdom
539466,82613B,"METAL SIGN,CUPCAKE SINGLE HOOK",20,2010-12-19 12:46:00,0.42,12668.0,Germany
570252,23426,METAL SIGN DROP YOUR PANTS,6,2011-10-10 09:14:00,2.89,14665.0,United Kingdom
574653,22079,RIBBON REEL HEARTS DESIGN ,10,2011-11-06 11:30:00,1.65,12619.0,Germany
547921,22771,CLEAR DRAWER KNOB ACRYLIC EDWARDIAN,12,2011-03-28 13:28:00,1.25,14766.0,United Kingdom
579520,23320,GIANT 50'S CHRISTMAS CRACKER,1,2011-11-29 18:14:00,2.89,12748.0,United Kingdom
548163,21931,JUMBO STORAGE BAG SUKI,3,2011-03-29 13:43:00,4.13,,United Kingdom
575303,23192,BUNDLE OF 3 ALPHABET EXERCISE BOOKS,1,2011-11-09 12:34:00,1.65,12893.0,United Kingdom
540809,21901,"KEY FOB , BACK DOOR ",24,2011-01-11 12:37:00,0.65,18095.0,United Kingdom
578852,21137,BLACK RECORD COVER FRAME,1,2011-11-27 11:12:00,3.75,17841.0,United Kingdom
579289,23498,CLASSIC BICYCLE CLIPS ,1,2011-11-29 11:11:00,1.45,,United Kingdom
580289,23349,ROLL WRAP VINTAGE CHRISTMAS,1,2011-12-02 13:32:00,1.25,15856.0,United Kingdom
575324,22866,HAND WARMER SCOTTY DOG DESIGN,12,2011-11-09 13:45:00,2.1,14240.0,United Kingdom
567880,84347,ROTATING SILVER ANGELS T-LIGHT HLDR,6,2011-09-22 14:56:00,2.55,15398.0,United Kingdom
546388,22384,LUNCH BAG PINK POLKADOT,2,2011-03-11 13:42:00,4.96,,United Kingdom
547514,21111,"SWISS ROLL TOWEL, CHOCOLATE  SPOTS",6,2011-03-23 14:00:00,2.95,17486.0,United Kingdom
550542,22286,DECORATION WOBBLY RABBIT METAL ,2,2011-04-19 11:37:00,3.29,,United Kingdom
556484,22937,BAKING MOULD CHOCOLATE CUPCAKES,6,2011-06-12 13:17:00,2.55,16938.0,United Kingdom
568531,22915,ASSORTED BOTTLE TOP  MAGNETS ,18,2011-09-27 13:49:00,0.42,16713.0,United Kingdom
570598,22592,CARDHOLDER HOLLY WREATH METAL,4,2011-10-11 11:55:00,3.75,14175.0,United Kingdom
C550355,M,Manual,-1,2011-04-18 10:29:00,222.75,13811.0,Germany
569230,46000M,POLYESTER FILLER PAD 45x45cm,4,2011-10-02 15:07:00,1.55,16533.0,United Kingdom
542541,22079,RIBBON REEL HEARTS DESIGN ,1,2011-01-28 14:25:00,3.29,,United Kingdom
542423,22951,60 CAKE CASES DOLLY GIRL DESIGN,48,2011-01-28 09:09:00,0.55,15057.0,United Kingdom
570404,23343,JUMBO BAG VINTAGE CHRISTMAS ,1,2011-10-10 12:50:00,2.08,16395.0,United Kingdom
550911,23205,CHARLOTTE BAG VINTAGE ALPHABET ,10,2011-04-21 13:11:00,0.85,12354.0,Spain
566041,23197,SKETCHBOOK MAGNETIC SHOPPING LIST,12,2011-09-08 13:48:00,1.45,13814.0,Germany
541129,22619,SET OF 6 SOLDIER SKITTLES,1,2011-01-14 10:14:00,7.46,,United Kingdom
574475,21544,SKULLS  WATER TRANSFER TATTOOS ,12,2011-11-04 12:18:00,0.85,14132.0,United Kingdom
550035,22411,JUMBO SHOPPER VINTAGE RED PAISLEY,30,2011-04-14 11:48:00,2.08,15039.0,United Kingdom
567901,21385,IVORY HANGING DECORATION  HEART,4,2011-09-22 16:28:00,1.63,,United Kingdom
549257,84725,FREESTYLE CANVAS ART PICTURE,1,2011-04-07 12:29:00,1.65,14465.0,United Kingdom
556072,47590B,PINK HAPPY BIRTHDAY BUNTING,6,2011-06-08 14:57:00,5.45,16126.0,United Kingdom
557295,POST,POSTAGE,1,2011-06-19 13:37:00,18.0,12724.0,France
571937,23174,REGENCY SUGAR BOWL GREEN,4,2011-10-20 09:28:00,4.15,14911.0,EIRE
564642,22536,MAGIC DRAWING SLATE PURDEY,24,2011-08-26 13:22:00,0.42,13527.0,United Kingdom
565472,79321,CHILLI LIGHTS,2,2011-09-05 10:15:00,5.75,16255.0,United Kingdom
542208,21212,PACK OF 72 RETROSPOT CAKE CASES,120,2011-01-26 11:35:00,0.42,16422.0,United Kingdom
580126,23493,VINTAGE DOILY TRAVEL SEWING KIT,10,2011-12-01 17:20:00,1.95,12562.0,France
541302,84945,MULTI COLOUR SILVER T-LIGHT HOLDER,12,2011-01-17 14:18:00,0.85,13769.0,United Kingdom
553490,90014B,GOLD M PEARL  ORBIT NECKLACE,1,2011-05-17 12:44:00,9.95,13309.0,United Kingdom
540639,22439,6 ROCKET BALLOONS ,24,2011-01-10 12:28:00,0.65,13107.0,United Kingdom
561894,84731,3 BIRDS CANVAS SCREEN,1,2011-07-31 15:00:00,0.39,14456.0,United Kingdom
561874,22631,CIRCUS PARADE LUNCH BOX ,1,2011-07-31 12:02:00,1.95,16255.0,United Kingdom
571035,20725,LUNCH BAG RED RETROSPOT,10,2011-10-13 12:50:00,1.65,12446.0,RSA
537645,85039a,SET/4 RED MINI ROSE CANDLE IN BOWL,1,2010-12-07 15:34:00,3.36,,United Kingdom
557012,21469,POLKA DOT RAFFIA FOOD COVER,6,2011-06-16 11:51:00,3.75,18241.0,United Kingdom
538566,22497,SET OF 2 TINS VINTAGE BATHROOM ,1,2010-12-13 11:21:00,8.47,,United Kingdom
540550,37444C,PINK BREAKFAST CUP AND SAUCER ,4,2011-01-10 09:11:00,2.95,12539.0,Spain
570671,22077,6 RIBBONS RUSTIC CHARM,12,2011-10-11 14:51:00,1.95,16171.0,United Kingdom
541711,21217,RED RETROSPOT ROUND CAKE TINS,12,2011-01-21 11:18:00,8.95,14646.0,Netherlands
576837,21000,ROSE DU SUD COSMETICS BAG,1,2011-11-16 15:16:00,3.29,,United Kingdom
556886,21078,SET/20 STRAWBERRY PAPER NAPKINS ,12,2011-06-15 12:34:00,0.85,12624.0,France
580138,23489,VINTAGE BELLS GARLAND,24,2011-12-02 08:55:00,2.89,13199.0,United Kingdom
556490,23049,RECYCLED ACAPULCO MAT RED,2,2011-06-12 14:08:00,8.25,13078.0,United Kingdom
578827,22219,LOVEBIRD HANGING DECORATION WHITE ,1,2011-11-25 14:25:00,1.63,,United Kingdom
572185,21154,RED RETROSPOT OVEN GLOVE ,8,2011-10-21 10:52:00,3.29,,United Kingdom
580094,23394,POSTE FRANCE CUSHION COVER,2,2011-12-01 14:50:00,3.75,15904.0,United Kingdom
568322,23049,RECYCLED ACAPULCO MAT RED,1,2011-09-26 13:41:00,8.25,15958.0,United Kingdom
561515,23034,DRAWER KNOB CERAMIC BLACK,2,2011-07-27 15:16:00,3.29,,United Kingdom
569862,23503,PLAYING CARDS KEEP CALM & CARRY ON,1,2011-10-06 14:43:00,1.25,14518.0,United Kingdom
548490,85066,CREAM SWEETHEART MINI CHEST,4,2011-03-31 13:13:00,12.75,12909.0,United Kingdom
564755,22646,CERAMIC STRAWBERRY CAKE MONEY BANK,1,2011-08-30 10:31:00,3.29,,United Kingdom
544695,20728,LUNCH BAG CARS BLUE,10,2011-02-23 09:38:00,1.65,14276.0,United Kingdom
567300,POST,POSTAGE,3,2011-09-19 12:36:00,18.0,12724.0,France
544484,21592,RETROSPOT CIGAR BOX MATCHES ,24,2011-02-21 11:10:00,1.25,15321.0,United Kingdom
553946,22699,ROSES REGENCY TEACUP AND SAUCER ,6,2011-05-20 10:48:00,2.95,15601.0,United Kingdom
540414,22894,TABLECLOTH RED APPLES DESIGN ,2,2011-01-07 10:32:00,8.5,12481.0,Germany
541219,84968F,SET OF 16 VINTAGE SKY BLUE CUTLERY,5,2011-01-14 14:06:00,8.29,,United Kingdom
557514,22077,6 RIBBONS RUSTIC CHARM,3,2011-06-20 16:58:00,1.65,14667.0,United Kingdom
566482,23403,LETTER HOLDER HOME SWEET HOME,4,2011-09-13 09:43:00,3.75,16609.0,United Kingdom
555242,84879,ASSORTED COLOUR BIRD ORNAMENT,24,2011-06-01 13:40:00,1.69,16424.0,United Kingdom
574711,82494L,WOODEN FRAME ANTIQUE WHITE ,6,2011-11-06 14:20:00,2.95,14517.0,United Kingdom
557762,20726,LUNCH BAG WOODLAND,10,2011-06-22 14:01:00,1.65,15810.0,United Kingdom
549128,22995,TRAVEL CARD WALLET SUKI,36,2011-04-06 14:25:00,0.42,16713.0,United Kingdom
569846,22865,HAND WARMER OWL DESIGN,12,2011-10-06 13:42:00,2.1,13422.0,United Kingdom
540856,22849,BREAD BIN DINER STYLE MINT,4,2011-01-12 10:16:00,14.95,16655.0,United Kingdom
537852,21874,GIN AND TONIC MUG,12,2010-12-08 15:56:00,1.25,17340.0,United Kingdom
567656,84969,BOX OF 6 ASSORTED COLOUR TEASPOONS,1,2011-09-21 14:40:00,8.29,14096.0,United Kingdom
577078,72799E,IVORY PILLAR CANDLE SILVER FLOCK,2,2011-11-17 15:17:00,3.29,,United Kingdom
553350,21232,STRAWBERRY CERAMIC TRINKET BOX,12,2011-05-16 13:32:00,1.25,12871.0,United Kingdom
552894,21888,BINGO SET,1,2011-05-12 10:53:00,3.75,14606.0,United Kingdom
560125,23319,BOX OF 6 MINI 50'S CRACKERS,1,2011-07-15 10:44:00,2.49,18118.0,United Kingdom
537160,22694,WICKER STAR ,3,2010-12-05 13:18:00,2.1,14161.0,United Kingdom
552662,84970l,SINGLE HEART ZINC T-LIGHT HOLDER,3,2011-05-10 15:04:00,2.08,,United Kingdom
549185,22978,PANTRY ROLLING PIN,6,2011-04-07 09:35:00,3.75,18272.0,United Kingdom
577358,22909,SET OF 20 VINTAGE CHRISTMAS NAPKINS,2,2011-11-18 15:59:00,1.63,,United Kingdom
542115,21213,PACK OF 72 SKULL CAKE CASES,1,2011-01-25 14:01:00,2.08,,United Kingdom
579539,22699,ROSES REGENCY TEACUP AND SAUCER ,6,2011-11-30 10:06:00,2.95,14911.0,EIRE
541830,84598,BOYS ALPHABET IRON ON PATCHES,7,2011-01-21 17:09:00,0.42,,United Kingdom
567200,21975,PACK OF 60 DINOSAUR CAKE CASES,24,2011-09-19 10:15:00,0.55,16460.0,United Kingdom
552315,21700,BIG DOUGHNUT FRIDGE MAGNETS,12,2011-05-08 16:10:00,0.85,12700.0,France
566164,22041,"RECORD FRAME 7"" SINGLE SIZE ",6,2011-09-09 11:56:00,5.79,,United Kingdom
543909,22858,EASTER TIN KEEPSAKE,6,2011-02-14 12:32:00,1.45,,United Kingdom
547251,21169,YOU'RE CONFUSING ME METAL SIGN ,12,2011-03-22 09:43:00,1.69,17865.0,United Kingdom
574022,23084,RABBIT NIGHT LIGHT,48,2011-11-02 12:20:00,1.79,12594.0,Italy
579399,23245,SET OF 3 REGENCY CAKE TINS,3,2011-11-29 12:09:00,4.95,13137.0,United Kingdom
539958,85132A,CHARLIE + LOLA BISCUITS TINS,3,2010-12-23 13:26:00,8.47,,United Kingdom
552108,21931,JUMBO STORAGE BAG SUKI,1,2011-05-06 11:36:00,2.08,17841.0,United Kingdom
578270,21218,RED SPOTTY BISCUIT TIN,1,2011-11-23 13:39:00,8.29,14096.0,United Kingdom
540953,84536A,ENGLISH ROSE NOTEBOOK A7 SIZE,2,2011-01-12 13:16:00,0.42,14587.0,United Kingdom
560895,22697,GREEN REGENCY TEACUP AND SAUCER,6,2011-07-21 17:12:00,2.95,13089.0,United Kingdom
576832,22630,DOLLY GIRL LUNCH BOX,12,2011-11-16 15:01:00,1.95,13102.0,United Kingdom
544339,22699,ROSES REGENCY TEACUP AND SAUCER ,6,2011-02-18 09:04:00,2.95,15228.0,United Kingdom
545105,22899,CHILDREN'S APRON DOLLY GIRL ,12,2011-02-28 11:58:00,2.1,12598.0,France
C543611,21730,GLASS STAR FROSTED T-LIGHT HOLDER,-1,2011-02-10 14:38:00,4.95,17850.0,United Kingdom
548522,20754,RETROSPOT RED WASHING UP GLOVES,2,2011-03-31 16:43:00,4.13,,United Kingdom
577768,22074,6 RIBBONS SHIMMERING PINKS ,1,2011-11-21 15:18:00,1.25,,United Kingdom
C541863,21231,SWEETHEART CERAMIC TRINKET BOX,-9,2011-01-23 16:08:00,1.06,13798.0,United Kingdom
563430,22297,HEART IVORY TRELLIS SMALL,24,2011-08-16 11:50:00,1.25,14918.0,United Kingdom
570488,23183,MOTHER'S KITCHEN SPOON REST ,2,2011-10-10 17:12:00,7.46,14096.0,United Kingdom
558904,22355,CHARLOTTE BAG SUKI DESIGN,6,2011-07-04 16:18:00,1.63,,United Kingdom
548808,22622,BOX OF VINTAGE ALPHABET BLOCKS,2,2011-04-04 12:55:00,11.95,17774.0,United Kingdom
579098,21985,PACK OF 12 HEARTS DESIGN TISSUES ,4,2011-11-28 11:18:00,0.39,14606.0,United Kingdom
537262,22411,JUMBO SHOPPER VINTAGE RED PAISLEY,10,2010-12-06 11:26:00,1.95,15039.0,United Kingdom
C545997,22634,CHILDS BREAKFAST SET SPACEBOY ,-1,2011-03-08 14:35:00,9.95,12679.0,France
571064,20828,GLITTER BUTTERFLY CLIPS,2,2011-10-13 14:48:00,2.55,17181.0,United Kingdom
552202,47566,PARTY BUNTING,8,2011-05-06 14:51:00,4.95,12414.0,Austria
538071,22732,3D VINTAGE CHRISTMAS STICKERS ,1,2010-12-09 14:09:00,2.51,,United Kingdom
559984,23207,LUNCH BAG ALPHABET DESIGN,1,2011-07-14 11:45:00,1.65,16657.0,United Kingdom
572986,22024,RAINY LADIES BIRTHDAY CARD,12,2011-10-27 10:51:00,0.42,12681.0,France
546306,35914,PINK CHICK EGG WARMER + EGG CUP,2,2011-03-10 16:16:00,0.83,,United Kingdom
538208,22110,BIRD HOUSE HOT WATER BOTTLE,1,2010-12-10 11:39:00,2.55,14037.0,United Kingdom
543801,22358,KINGS CHOICE TEA CADDY ,1,2011-02-13 11:52:00,2.95,17811.0,United Kingdom
567304,23408,PHOTO FRAME LINEN AND LACE SMALL,3,2011-09-19 13:27:00,2.08,14704.0,United Kingdom
557324,21326,AGED GLASS SILVER T-LIGHT HOLDER,14,2011-06-20 09:41:00,1.63,,United Kingdom
568390,21260,FIRST AID TIN,6,2011-09-27 10:08:00,3.25,17811.0,United Kingdom
558761,82483,WOOD 2 DRAWER CABINET WHITE FINISH,2,2011-07-03 12:52:00,6.95,15033.0,United Kingdom
554380,85174,S/4 CACTI CANDLES,8,2011-05-24 11:45:00,4.95,16709.0,United Kingdom
558196,22674,FRENCH TOILET SIGN BLUE METAL,6,2011-06-27 12:38:00,1.25,16033.0,United Kingdom
551653,22192,BLUE DINER WALL CLOCK,2,2011-05-03 12:03:00,8.5,13282.0,United Kingdom
536623,22815,CARD PSYCHEDELIC APPLES,24,2010-12-02 10:39:00,0.42,15601.0,United Kingdom
539333,22507,MEMO BOARD RETROSPOT  DESIGN,4,2010-12-17 09:52:00,4.95,13627.0,United Kingdom
542420,22348,TEA BAG PLATE RED RETROSPOT,6,2011-01-27 18:05:00,0.85,17180.0,United Kingdom
552036,22514,CHILDS GARDEN SPADE BLUE,2,2011-05-05 19:16:00,2.1,12748.0,United Kingdom
541104,84078A,SET/4 WHITE RETRO STORAGE CUBES ,1,2011-01-13 14:29:00,74.96,,United Kingdom
536876,84945,MULTI COLOUR SILVER T-LIGHT HOLDER,6,2010-12-03 11:36:00,1.84,,United Kingdom
546486,15058A,BLUE POLKADOT GARDEN PARASOL,1,2011-03-14 11:41:00,7.95,15039.0,United Kingdom
550631,22626,BLACK KITCHEN SCALES,2,2011-04-19 14:51:00,8.5,15225.0,United Kingdom
539492,22616,PACK OF 12 LONDON TISSUES ,1,2010-12-20 10:14:00,0.85,,United Kingdom
579458,21730,GLASS STAR FROSTED T-LIGHT HOLDER,1,2011-11-29 14:38:00,4.95,16549.0,United Kingdom
575324,23398,HANGING HEART BONHEUR,12,2011-11-09 13:45:00,0.85,14240.0,United Kingdom
581020,23242,TREASURE TIN BUFFALO BILL ,48,2011-12-07 10:12:00,1.85,17511.0,United Kingdom
560773,84877B,GREEN ROUND COMPACT MIRROR,2,2011-07-20 16:17:00,2.46,,United Kingdom
567850,23188,VINTAGE  2 METER FOLDING RULER,12,2011-09-22 13:18:00,1.65,15067.0,United Kingdom
569202,23247,BISCUIT TIN 50'S CHRISTMAS,1,2011-09-30 17:22:00,5.79,,United Kingdom
568346,22077,6 RIBBONS RUSTIC CHARM,6,2011-09-26 15:28:00,3.29,14096.0,United Kingdom
544323,22616,PACK OF 12 LONDON TISSUES ,1,2011-02-17 15:51:00,0.83,,United Kingdom
570229,22111,SCOTTIE DOG HOT WATER BOTTLE,1,2011-10-09 13:30:00,4.95,15756.0,United Kingdom
537434,22621,TRADITIONAL KNITTING NANCY,2,2010-12-06 16:57:00,1.45,,United Kingdom
537852,22197,SMALL POPCORN HOLDER,13,2010-12-08 15:56:00,0.85,17340.0,United Kingdom
572550,21811,HANGING HEART WITH BELL,7,2011-10-24 17:06:00,0.83,,United Kingdom
572762,22960,JAM MAKING SET WITH JARS,6,2011-10-26 09:50:00,4.25,15240.0,United Kingdom
537434,20975,12 PENCILS SMALL TUBE RED RETROSPOT,7,2010-12-06 16:57:00,1.28,,United Kingdom
541827,90187B,GREEN DROP EARRINGS W BEAD CLUSTER,1,2011-01-21 17:05:00,3.32,,United Kingdom
576617,22650,CERAMIC PIRATE CHEST MONEY BANK,1,2011-11-15 16:57:00,3.29,,United Kingdom
542629,22629,SPACEBOY LUNCH BOX ,24,2011-01-31 09:57:00,1.95,12731.0,France
C549783,22060,LARGE CAKE STAND HANGING HEARTS,-5,2011-04-12 11:50:00,3.95,16558.0,United Kingdom
547387,21929,JUMBO BAG PINK VINTAGE PAISLEY,10,2011-03-22 16:00:00,1.95,12539.0,Spain
565431,23196,VINTAGE LEAF MAGNETIC NOTEPAD,5,2011-09-04 13:15:00,1.45,14965.0,United Kingdom
564093,22770,MIRROR CORNICE,2,2011-08-23 10:29:00,14.95,14930.0,Channel Islands
574591,23531,WALL ART BIG LOVE ,3,2011-11-06 10:47:00,6.95,15745.0,United Kingdom
542103,21124,SET/10 BLUE POLKADOT PARTY CANDLES,24,2011-01-25 13:26:00,1.25,13198.0,United Kingdom
567092,22083,PAPER CHAIN KIT RETROSPOT,6,2011-09-16 12:48:00,2.95,13196.0,United Kingdom
575059,23333,IVORY WICKER HEART MEDIUM,1,2011-11-08 12:25:00,1.25,14071.0,United Kingdom
568591,21930,JUMBO STORAGE BAG SKULLS,10,2011-09-28 10:39:00,2.08,17088.0,United Kingdom
567288,21154,RED RETROSPOT OVEN GLOVE ,2,2011-09-19 11:49:00,1.25,16906.0,United Kingdom
538349,90030B,RED KUKUI COCONUT SEED NECKLACE,1,2010-12-10 14:59:00,5.94,,United Kingdom
577038,23266,SET OF 3 WOODEN STOCKING DECORATION,6,2011-11-17 13:30:00,1.25,14796.0,United Kingdom
581023,20718,RED RETROSPOT SHOPPER BAG,2,2011-12-07 10:35:00,3.29,,United Kingdom
540093,22117,METAL SIGN HER DINNER IS SERVED ,2,2011-01-04 15:24:00,2.95,16725.0,United Kingdom
569246,84915,HAND TOWEL PINK FLOWER AND DAISY,1,2011-10-03 09:57:00,4.13,14096.0,United Kingdom
536531,22727,ALARM CLOCK BAKELIKE RED ,9,2010-12-01 13:23:00,3.75,15485.0,United Kingdom
571716,22114,HOT WATER BOTTLE TEA AND SYMPATHY,3,2011-10-18 17:05:00,8.29,,United Kingdom
564489,23255,CHILDRENS CUTLERY CIRCUS PARADE,4,2011-08-25 14:13:00,4.15,15950.0,United Kingdom
541596,72741,GRAND CHOCOLATECANDLE,9,2011-01-19 16:19:00,1.45,17602.0,United Kingdom
558774,21944,KITTENS DESIGN FLANNEL,1,2011-07-04 10:17:00,0.83,,United Kingdom
554094,85169C,EAU DE NIL LOVE BIRD CANDLE,1,2011-05-22 12:49:00,1.25,15716.0,United Kingdom
564974,22840,ROUND CAKE TIN VINTAGE RED,1,2011-08-31 15:32:00,15.79,,United Kingdom
578539,22559,SEASIDE FLYING DISC,12,2011-11-24 14:55:00,1.25,,Unspecified
536876,22251,BIRDHOUSE DECORATION MAGIC GARDEN,1,2010-12-03 11:36:00,2.51,,United Kingdom
559330,23146,TRIPLE HOOK ANTIQUE IVORY ROSE,4,2011-07-07 15:44:00,3.29,17696.0,United Kingdom
552658,22778,GLASS CLOCHE SMALL,1,2011-05-10 14:57:00,3.95,14534.0,United Kingdom
539103,21348,PINK SPOTS CHOCOLATE NESTING BOXES ,24,2010-12-16 10:38:00,2.55,16985.0,United Kingdom
569037,82482,WOODEN PICTURE FRAME WHITE FINISH,3,2011-09-30 10:45:00,2.95,13263.0,United Kingdom
543466,22481,BLACK TEA TOWEL CLASSIC DESIGN,12,2011-02-08 14:34:00,1.25,16713.0,United Kingdom
580115,21932,SCANDINAVIAN PAISLEY PICNIC BAG,1,2011-12-01 16:22:00,2.46,,United Kingdom
556828,23321,SMALL WHITE HEART OF WICKER,3,2011-06-15 10:39:00,1.65,17284.0,United Kingdom
543166,22846,BREAD BIN DINER STYLE RED ,1,2011-02-04 08:27:00,16.95,13488.0,United Kingdom
578065,22468,BABUSHKA LIGHTS STRING OF 10,1,2011-11-22 15:41:00,13.29,,United Kingdom
550467,85200,BUNNY EGG BOX,2,2011-04-18 13:36:00,1.25,18009.0,United Kingdom
562454,84510C,SET OF 4 POLKADOT COASTERS,10,2011-08-05 10:31:00,1.25,15128.0,United Kingdom
566018,21533,RETROSPOT LARGE MILK JUG,2,2011-09-08 12:42:00,4.95,13137.0,United Kingdom
546753,20969,RED FLORAL FELTCRAFT SHOULDER BAG,2,2011-03-16 13:00:00,3.75,16383.0,United Kingdom
578065,72760B,VINTAGE CREAM 3 BASKET CAKE STAND,1,2011-11-22 15:41:00,20.79,,United Kingdom
566572,22558,CLOTHES PEGS RETROSPOT PACK 24 ,12,2011-09-13 12:52:00,1.65,13488.0,United Kingdom
573336,20983,12 PENCILS TALL TUBE RED RETROSPOT,4,2011-10-30 11:37:00,0.85,17372.0,United Kingdom
543013,84535B,FAIRY CAKES NOTEBOOK A6 SIZE,1,2011-02-02 13:35:00,1.46,,United Kingdom
571508,22909,SET OF 20 VINTAGE CHRISTMAS NAPKINS,1,2011-10-17 15:27:00,1.63,,United Kingdom
572335,22865,HAND WARMER OWL DESIGN,12,2011-10-24 10:27:00,2.1,14493.0,United Kingdom
553341,22666,RECIPE BOX PANTRY YELLOW DESIGN,6,2011-05-16 12:25:00,2.95,16293.0,United Kingdom
554098,22178,VICTORIAN GLASS HANGING T-LIGHT,6,2011-05-22 13:01:00,1.25,14769.0,United Kingdom
562371,22627,MINT KITCHEN SCALES,2,2011-08-04 14:30:00,8.5,13709.0,United Kingdom
575087,21790,VINTAGE SNAP CARDS,1,2011-11-08 13:57:00,0.85,16549.0,United Kingdom
573388,23286,BLUE VINTAGE SPOT BEAKER,8,2011-10-30 14:44:00,0.85,14895.0,United Kingdom
549845,23000,TRAVEL CARD WALLET TRANSPORT,11,2011-04-12 14:22:00,0.42,16729.0,United Kingdom
572457,20712,JUMBO BAG WOODLAND ANIMALS,10,2011-10-24 12:44:00,2.08,12594.0,Italy
563229,21135,VICTORIAN  METAL POSTCARD SPRING,1,2011-08-14 15:35:00,1.69,17988.0,United Kingdom
554157,20728,LUNCH BAG CARS BLUE,2,2011-05-23 11:33:00,1.65,18283.0,United Kingdom
544434,90214C,"LETTER ""C"" BLING KEY RING",1,2011-02-18 16:12:00,0.83,,United Kingdom
563557,22558,CLOTHES PEGS RETROSPOT PACK 24 ,12,2011-08-17 13:33:00,1.65,15786.0,United Kingdom
544599,22974,CHILDRENS DOLLY GIRL MUG,1,2011-02-21 18:15:00,3.29,,United Kingdom
572553,22123,PING MICROWAVE APRON,1,2011-10-24 17:09:00,4.13,,United Kingdom
553739,85123A,WHITE HANGING HEART T-LIGHT HOLDER,6,2011-05-19 09:23:00,2.95,14895.0,United Kingdom
558896,22384,LUNCH BAG PINK POLKADOT,1,2011-07-04 15:55:00,1.65,,United Kingdom
565665,22646,CERAMIC STRAWBERRY CAKE MONEY BANK,4,2011-09-05 17:44:00,1.45,15856.0,United Kingdom
554261,21889,WOODEN BOX OF DOMINOES,1,2011-05-23 12:32:00,1.25,16033.0,United Kingdom
574841,22580,ADVENT CALENDAR GINGHAM SACK,3,2011-11-07 11:42:00,5.95,14156.0,EIRE
552779,22729,ALARM CLOCK BAKELIKE ORANGE,4,2011-05-11 12:13:00,3.75,13013.0,United Kingdom
572058,23052,RECYCLED ACAPULCO MAT TURQUOISE,1,2011-10-20 12:43:00,8.25,18252.0,United Kingdom
580884,22578,WOODEN STAR CHRISTMAS SCANDINAVIAN,6,2011-12-06 12:21:00,0.29,15907.0,United Kingdom
564837,23323,WHITE WICKER STAR ,1,2011-08-30 12:40:00,4.13,,United Kingdom
543812,21790,VINTAGE SNAP CARDS,1,2011-02-13 14:40:00,0.85,17472.0,United Kingdom
580672,22541,MINI JIGSAW LEAP FROG,3,2011-12-05 14:29:00,0.19,17920.0,United Kingdom
579508,22195,LARGE HEART MEASURING SPOONS,1,2011-11-29 16:33:00,3.29,,United Kingdom
576213,22578,WOODEN STAR CHRISTMAS SCANDINAVIAN,3,2011-11-14 12:47:00,0.29,18117.0,United Kingdom
571676,22578,WOODEN STAR CHRISTMAS SCANDINAVIAN,2,2011-10-18 13:29:00,0.29,16910.0,United Kingdom
557136,21441,BLUE BIRDHOUSE DECORATION,12,2011-06-17 09:23:00,0.85,14911.0,EIRE
559032,23241,TREASURE TIN GYMKHANA DESIGN,6,2011-07-05 14:53:00,2.08,17511.0,United Kingdom
546254,22791,T-LIGHT GLASS FLUTED ANTIQUE,12,2011-03-10 14:45:00,1.25,14727.0,United Kingdom
579559,21899,GARAGE KEY FOB,1,2011-11-30 11:30:00,0.65,16764.0,United Kingdom
568877,22328,ROUND SNACK BOXES SET OF 4 FRUITS ,10,2011-09-29 12:31:00,2.95,14680.0,United Kingdom
548740,20914,SET/5 RED RETROSPOT LID GLASS BOWLS,6,2011-04-04 11:34:00,2.95,13319.0,United Kingdom
565303,22529,MAGIC DRAWING SLATE GO TO THE FAIR ,2,2011-09-02 12:17:00,0.42,,Unspecified
546896,15056N,EDWARDIAN PARASOL NATURAL,1,2011-03-17 18:24:00,12.46,,United Kingdom
566171,22169,FAMILY ALBUM WHITE PICTURE FRAME,1,2011-09-09 12:22:00,8.5,18118.0,United Kingdom
551719,21810,CHRISTMAS HANGING STAR WITH BELL,1,2011-05-03 16:09:00,2.46,,United Kingdom
577337,23382,BOX OF 6 CHRISTMAS CAKE DECORATIONS,1,2011-11-18 14:51:00,3.75,15494.0,United Kingdom
564322,22355,CHARLOTTE BAG SUKI DESIGN,100,2011-08-24 13:23:00,0.72,13694.0,United Kingdom
560078,21116,OWL DOORSTOP,3,2011-07-14 16:12:00,4.95,16040.0,United Kingdom
579124,23197,SKETCHBOOK MAGNETIC SHOPPING LIST,1,2011-11-28 12:14:00,1.45,15721.0,United Kingdom
537769,22834,HAND WARMER BABUSHKA DESIGN,1,2010-12-08 12:17:00,2.1,15021.0,United Kingdom
537434,21723,ALPHABET HEARTS STICKER SHEET,1,2010-12-06 16:57:00,1.66,,United Kingdom
572858,22086,PAPER CHAIN KIT 50'S CHRISTMAS ,2,2011-10-26 12:36:00,2.95,13571.0,United Kingdom
555835,21061,PARTY INVITES FOOTBALL,1,2011-06-07 12:34:00,0.85,14525.0,United Kingdom
572837,23221,REINDEER HEART DECORATION SILVER,12,2011-10-26 12:01:00,0.83,14754.0,United Kingdom
571508,22492,MINI PAINT SET VINTAGE ,2,2011-10-17 15:27:00,1.63,,United Kingdom
570187,84508C,BLUE CIRCLES DESIGN TEDDY,1,2011-10-07 15:09:00,4.96,,United Kingdom
571716,22665,RECIPE BOX BLUE SKETCHBOOK DESIGN,2,2011-10-18 17:05:00,5.79,,United Kingdom
560285,22348,TEA BAG PLATE RED RETROSPOT,12,2011-07-18 09:21:00,0.85,14944.0,United Kingdom
561371,21791,VINTAGE HEADS AND TAILS CARD GAME ,1,2011-07-26 16:25:00,2.46,,United Kingdom
571654,22580,ADVENT CALENDAR GINGHAM SACK,1,2011-10-18 12:17:00,5.95,18118.0,United Kingdom
555515,23283,DOORMAT VINTAGE LEAVES DESIGN ,5,2011-06-05 10:47:00,7.95,17690.0,United Kingdom
568701,20719,WOODLAND CHARLOTTE BAG,10,2011-09-28 15:07:00,0.85,13924.0,United Kingdom
572513,17012B,ORIGAMI JASMINE INCENSE/CANDLE SET,1,2011-10-24 14:36:00,0.85,16728.0,United Kingdom
565851,23145,ZINC T-LIGHT HOLDER STAR LARGE,12,2011-09-07 13:06:00,0.95,14911.0,EIRE
574470,23508,MINI PLAYING CARDS DOLLY GIRL ,6,2011-11-04 11:56:00,0.42,12748.0,United Kingdom
558475,21749,LARGE RED RETROSPOT WINDMILL,2,2011-06-29 15:58:00,4.13,,United Kingdom
544271,21245,GREEN POLKADOT PLATE ,8,2011-02-17 11:46:00,1.69,17083.0,United Kingdom
578746,23206,LUNCH BAG APPLE DESIGN,11,2011-11-25 11:36:00,4.96,,United Kingdom
576099,23392,SPACEBOY ROCKET LOLLY MAKERS,6,2011-11-14 10:28:00,2.08,13021.0,United Kingdom
546383,21232,STRAWBERRY CERAMIC TRINKET BOX,12,2011-03-11 12:54:00,1.25,13654.0,United Kingdom
566495,21481,FAWN BLUE HOT WATER BOTTLE,2,2011-09-13 11:14:00,3.75,15529.0,United Kingdom
544461,22675,FRENCH KITCHEN SIGN BLUE METAL,24,2011-02-20 14:08:00,1.25,13744.0,United Kingdom
580754,22835,HOT WATER BOTTLE I AM SO POORLY,4,2011-12-06 10:05:00,12.46,,United Kingdom
567303,23265,SET OF 3 WOODEN TREE DECORATIONS,12,2011-09-19 13:20:00,1.25,17613.0,United Kingdom
565235,22709,WRAP WEDDING DAY,25,2011-09-02 09:43:00,0.42,13418.0,United Kingdom
561056,22650,CERAMIC PIRATE CHEST MONEY BANK,12,2011-07-24 13:17:00,1.45,13477.0,United Kingdom
546538,82580,BATHROOM METAL SIGN,12,2011-03-14 14:51:00,0.55,16327.0,United Kingdom
576339,84859C,PINK DISCO HANDBAG,1,2011-11-14 15:27:00,4.13,14096.0,United Kingdom
576840,84032A,CHARLIE+LOLA PINK HOT WATER BOTTLE,3,2011-11-16 15:23:00,3.29,,United Kingdom
572553,21479,WHITE SKULL HOT WATER BOTTLE ,1,2011-10-24 17:09:00,8.29,,United Kingdom
551342,20975,12 PENCILS SMALL TUBE RED RETROSPOT,24,2011-04-28 08:34:00,0.65,16099.0,United Kingdom
540247,85123A,WHITE HANGING HEART T-LIGHT HOLDER,3,2011-01-05 15:56:00,2.95,15464.0,United Kingdom
547552,20712,JUMBO BAG WOODLAND ANIMALS,2,2011-03-23 15:55:00,4.13,,United Kingdom
578026,23205,CHARLOTTE BAG VINTAGE ALPHABET ,10,2011-11-22 13:29:00,0.85,17659.0,United Kingdom
576189,22367,CHILDRENS APRON SPACEBOY DESIGN,2,2011-11-14 11:33:00,1.95,14684.0,United Kingdom
578354,23569,TRADTIONAL ALPHABET STAMP SET,4,2011-11-24 10:12:00,4.95,17139.0,United Kingdom
577613,21913,VINTAGE SEASIDE JIGSAW PUZZLES,4,2011-11-21 10:02:00,3.75,14911.0,EIRE
547397,20711,JUMBO BAG TOYS ,1,2011-03-22 16:55:00,4.13,,United Kingdom
574741,22197,POPCORN HOLDER,8,2011-11-06 16:13:00,0.85,15993.0,United Kingdom
559112,22699,ROSES REGENCY TEACUP AND SAUCER ,2,2011-07-06 11:59:00,2.95,17315.0,United Kingdom
566010,22835,HOT WATER BOTTLE I AM SO POORLY,2,2011-09-08 12:05:00,4.95,13700.0,United Kingdom
571214,23002,TRAVEL CARD WALLET SKULLS,11,2011-10-14 12:56:00,0.42,14390.0,United Kingdom
550470,48194,DOORMAT HEARTS,1,2011-04-18 13:49:00,15.79,,United Kingdom
575628,22119,PEACE WOODEN BLOCK LETTERS,1,2011-11-10 13:31:00,6.95,12844.0,United Kingdom
552182,22848,BREAD BIN DINER STYLE PINK,1,2011-05-06 13:38:00,16.95,14180.0,United Kingdom
571318,22139,RETROSPOT TEA SET CERAMIC 11 PC ,24,2011-10-17 10:50:00,4.95,17404.0,Sweden
559329,22993,SET OF 4 PANTRY JELLY MOULDS,36,2011-07-07 15:41:00,1.25,15241.0,United Kingdom
576217,23100,SILVER BELLS TABLE DECORATION,1,2011-11-14 12:56:00,1.25,17081.0,United Kingdom
570333,21169,YOU'RE CONFUSING ME METAL SIGN ,1,2011-10-10 12:19:00,1.69,18126.0,United Kingdom
537351,21219,SET/4 BADGES BALLOON GIRL,10,2010-12-06 12:23:00,1.25,16898.0,United Kingdom
560555,20984,12 PENCILS TALL TUBE POSY,2,2011-07-19 13:01:00,0.29,14178.0,United Kingdom
562282,23232,WRAP VINTAGE LEAF DESIGN,50,2011-08-04 10:38:00,0.42,13098.0,United Kingdom
573553,85049e,SCANDINAVIAN REDS RIBBONS,1,2011-10-31 13:48:00,3.29,,United Kingdom
555149,23084,RABBIT NIGHT LIGHT,2,2011-05-31 15:49:00,4.13,,United Kingdom
536539,82486,WOOD S/3 CABINET ANT WHITE FINISH,2,2010-12-01 14:03:00,7.95,15165.0,United Kingdom
574336,23389,SPACEBOY MINI BACKPACK,4,2011-11-04 09:52:00,4.15,12397.0,Belgium
562688,20728,LUNCH BAG CARS BLUE,4,2011-08-08 13:53:00,1.65,13869.0,United Kingdom
562199,21232,STRAWBERRY CERAMIC TRINKET BOX,2,2011-08-03 12:20:00,1.25,12748.0,United Kingdom
576329,22679,FRENCH BLUE METAL DOOR SIGN 4,1,2011-11-14 15:22:00,2.46,,United Kingdom
568137,21731,RED TOADSTOOL LED NIGHT LIGHT,24,2011-09-25 10:34:00,1.65,12488.0,France
538524,22502,PICNIC BASKET WICKER SMALL,2,2010-12-13 09:35:00,8.47,,United Kingdom
579512,84536A,ENGLISH ROSE NOTEBOOK A7 SIZE,1,2011-11-29 16:47:00,0.83,,United Kingdom
577768,22753,SMALL YELLOW BABUSHKA NOTEBOOK ,1,2011-11-21 15:18:00,1.63,,United Kingdom
575066,23487,SWEET HEART CAKE CARRIER,1,2011-11-08 12:42:00,9.95,13668.0,United Kingdom
559807,23160,REGENCY TEA SPOON,1,2011-07-12 14:48:00,1.25,17841.0,United Kingdom
565409,21124,SET/10 BLUE POLKADOT PARTY CANDLES,24,2011-09-04 11:15:00,1.25,16761.0,United Kingdom
541592,85129D,BEADED CRYSTAL HEART PINK SMALL,2,2011-01-19 15:08:00,2.46,,United Kingdom
575219,21509,COWBOYS AND INDIANS BIRTHDAY CARD ,72,2011-11-09 11:17:00,0.36,17511.0,United Kingdom
548470,22139,RETROSPOT TEA SET CERAMIC 11 PC ,12,2011-03-31 12:36:00,4.95,12782.0,Portugal
569326,22634,CHILDS BREAKFAST SET SPACEBOY ,8,2011-10-03 12:47:00,8.5,14360.0,United Kingdom
547042,21216,"SET 3 RETROSPOT TEA,COFFEE,SUGAR",1,2011-03-20 11:00:00,10.79,,United Kingdom
570465,22551,PLASTERS IN TIN SPACEBOY,1,2011-10-10 16:02:00,3.29,,United Kingdom
569246,84988,SET OF 72 PINK HEART PAPER DOILIES,1,2011-10-03 09:57:00,2.92,14096.0,United Kingdom
550130,90185C,BLACK DIAMANTE EXPANDABLE RING,6,2011-04-14 13:17:00,4.25,14390.0,United Kingdom
554507,21206,STRAWBERRY HONEYCOMB  GARLAND ,12,2011-05-24 15:29:00,1.65,15513.0,United Kingdom
572703,22055,MINI CAKE STAND  HANGING STRAWBERY,1,2011-10-25 14:35:00,1.65,16110.0,United Kingdom
549844,21899,"KEY FOB , GARAGE DESIGN",7,2011-04-12 14:17:00,0.65,12854.0,United Kingdom
C562952,23244,ROUND STORAGE TIN VINTAGE LEAF,-2,2011-08-11 10:10:00,1.95,12749.0,United Kingdom
550123,22029,SPACEBOY BIRTHDAY CARD,12,2011-04-14 12:39:00,0.42,,United Kingdom
560366,72807A,SET/3 ROSE CANDLE IN JEWELLED BOX,4,2011-07-18 12:19:00,4.25,16859.0,United Kingdom
537395,21175,GIN + TONIC DIET METAL SIGN,2,2010-12-06 14:05:00,2.1,15356.0,United Kingdom
541265,85099C,JUMBO  BAG BAROQUE BLACK WHITE,2,2011-01-16 16:23:00,1.95,17609.0,United Kingdom
566276,22705,WRAP GREEN PEARS ,25,2011-09-11 14:00:00,0.42,13450.0,United Kingdom
558111,23091,ZINC HERB GARDEN CONTAINER,1,2011-06-26 16:06:00,6.25,17114.0,United Kingdom
573137,23198,PANTRY MAGNETIC  SHOPPING LIST,1,2011-10-27 17:15:00,3.29,,United Kingdom
578953,20752,BLUE POLKADOT WASHING UP GLOVES,2,2011-11-27 14:50:00,2.1,13546.0,United Kingdom
538999,22423,REGENCY CAKESTAND 3 TIER,16,2010-12-15 12:09:00,10.95,16003.0,United Kingdom
572185,22382,LUNCH BAG SPACEBOY DESIGN ,1,2011-10-21 10:52:00,4.96,,United Kingdom
566874,22355,CHARLOTTE BAG SUKI DESIGN,2,2011-09-15 13:32:00,0.85,,United Kingdom
574721,23512,EMBROIDERED RIBBON REEL ROSIE,1,2011-11-06 14:43:00,2.08,17920.0,United Kingdom
569372,22595,GINGHAM HEART DECORATION,1,2011-10-03 16:04:00,1.63,,United Kingdom
555106,22539,MINI JIGSAW DOLLY GIRL,24,2011-05-31 14:14:00,0.42,12790.0,Netherlands
566451,22896,PEG BAG APPLES DESIGN,3,2011-09-12 16:14:00,2.55,18069.0,United Kingdom
570223,23209,LUNCH BAG VINTAGE DOILY ,2,2011-10-09 13:11:00,1.65,15787.0,United Kingdom
571065,21213,PACK OF 72 SKULL CAKE CASES,24,2011-10-13 14:59:00,0.55,12613.0,Germany
552338,22845,VINTAGE CREAM CAT FOOD CONTAINER,2,2011-05-09 11:51:00,6.35,,United Kingdom
578344,23199,JUMBO BAG APPLES,2,2011-11-24 09:21:00,4.13,,United Kingdom
554075,21789,KIDS RAIN MAC PINK,24,2011-05-22 11:29:00,0.85,16038.0,United Kingdom
565397,22937,BAKING MOULD CHOCOLATE CUPCAKES,1,2011-09-02 16:43:00,2.55,14171.0,United Kingdom
547881,21993,FLORAL FOLK STATIONERY SET,1,2011-03-27 16:08:00,2.95,13110.0,United Kingdom
548714,22429,ENAMEL MEASURING JUG CREAM,1,2011-04-03 15:07:00,4.25,17337.0,United Kingdom
561217,22829,SWEETHEART WIRE WALL TIDY,1,2011-07-25 17:09:00,20.79,,United Kingdom
572061,21989,PACK OF 20 SKULL PAPER NAPKINS,12,2011-10-20 12:53:00,0.85,12474.0,Germany
571441,21917,SET 12 KIDS  WHITE CHALK STICKS,1,2011-10-17 13:31:00,0.83,14096.0,United Kingdom
541596,21976,PACK OF 60 MUSHROOM CAKE CASES,1,2011-01-19 16:19:00,0.55,17602.0,United Kingdom
577078,22659,LUNCH BOX I LOVE LONDON,2,2011-11-17 15:17:00,4.13,,United Kingdom
580399,48111,DOORMAT 3 SMILEY CATS,1,2011-12-04 11:45:00,8.25,13471.0,United Kingdom
545085,21390,FILIGRIS HEART WITH BUTTERFLY,24,2011-02-28 11:19:00,1.25,15039.0,United Kingdom
579187,22960,JAM MAKING SET WITH JARS,2,2011-11-28 15:31:00,8.29,,United Kingdom
571937,21636,MADRAS NOTEBOOK MEDIUM,12,2011-10-20 09:28:00,0.75,14911.0,EIRE
539631,21918,SET 12 KIDS COLOUR  CHALK STICKS,1,2010-12-20 15:03:00,0.85,,United Kingdom
C570775,POST,POSTAGE,-1,2011-10-12 11:45:00,18.0,12664.0,Finland
546892,21169,YOU'RE CONFUSING ME METAL SIGN ,1,2011-03-17 18:20:00,4.13,,United Kingdom
540163,16161P,WRAP ENGLISH ROSE ,25,2011-01-05 11:52:00,0.42,13089.0,United Kingdom
C550181,21239,PINK  POLKADOT CUP,-20,2011-04-14 17:43:00,0.85,13069.0,United Kingdom
570292,23533,WALL ART GARDEN HAVEN ,3,2011-10-10 11:59:00,5.95,13418.0,United Kingdom
559338,23176,ABC TREASURE BOOK BOX ,2,2011-07-07 16:30:00,4.58,,United Kingdom
551868,23231,WRAP DOILEY DESIGN,25,2011-05-04 16:29:00,0.42,12540.0,Spain
552852,22979,PANTRY WASHING UP BRUSH,6,2011-05-11 15:08:00,1.45,16712.0,United Kingdom
549293,21463,MIRRORED DISCO BALL ,1,2011-04-07 19:16:00,5.95,17883.0,United Kingdom
543197,22929,SCHOOL DESK AND CHAIR ,1,2011-02-04 12:36:00,65.0,12842.0,United Kingdom
580115,22701,PINK DOG BOWL,3,2011-12-01 16:22:00,2.46,,United Kingdom
569700,21232,STRAWBERRY CERAMIC TRINKET BOX,1,2011-10-05 15:56:00,2.46,,United Kingdom
544074,22773,GREEN DRAWER KNOB ACRYLIC EDWARDIAN,12,2011-02-15 14:49:00,1.25,14156.0,EIRE
573585,22355,CHARLOTTE BAG SUKI DESIGN,16,2011-10-31 14:41:00,0.85,,United Kingdom
555573,22031,BOTANICAL LAVENDER BIRTHDAY CARD,12,2011-06-05 15:46:00,0.42,15349.0,United Kingdom
563430,21710,FOLDING UMBRELLA PINKWHITE POLKADOT,8,2011-08-16 11:50:00,4.95,14918.0,United Kingdom
537638,21982,PACK OF 12 SUKI TISSUES ,6,2010-12-07 15:28:00,0.85,,United Kingdom
562542,22031,BOTANICAL LAVENDER BIRTHDAY CARD,12,2011-08-05 15:40:00,0.42,17377.0,United Kingdom
574962,22161,HEART DECORATION RUSTIC HANGING ,24,2011-11-08 10:26:00,0.19,15194.0,United Kingdom
545575,22061,LARGE CAKE STAND  HANGING STRAWBERY,6,2011-03-03 18:28:00,9.95,13014.0,United Kingdom
571747,20972,PINK CREAM FELT CRAFT TRINKET BOX ,12,2011-10-19 10:59:00,1.25,13849.0,United Kingdom
570197,44092C,PURPLE/COPPER HANGING LAMPSHADE,1,2011-10-07 15:45:00,0.85,13755.0,United Kingdom
567462,21888,BINGO SET,1,2011-09-20 12:35:00,3.75,14446.0,United Kingdom
560863,75049L,LARGE CIRCULAR MIRROR MOBILE,2,2011-07-21 13:53:00,1.25,12748.0,United Kingdom
543631,22893,MINI CAKE STAND T-LIGHT HOLDER,12,2011-02-10 16:17:00,0.42,14081.0,United Kingdom
575298,23203,JUMBO BAG VINTAGE DOILY ,5,2011-11-09 12:29:00,2.08,17841.0,United Kingdom
552829,23067,HANGING ENGRAVED METAL HEART,4,2011-05-11 13:42:00,4.15,12748.0,United Kingdom
576087,20724,RED RETROSPOT CHARLOTTE BAG,10,2011-11-14 08:31:00,0.85,12689.0,France
580208,46000M,POLYESTER FILLER PAD 45x45cm,4,2011-12-02 12:07:00,1.55,13468.0,United Kingdom
544161,20728,LUNCH BAG CARS BLUE,10,2011-02-16 12:59:00,1.65,16875.0,United Kingdom
C569034,22489,PACK OF 12 TRADITIONAL CRAYONS,-1,2011-09-30 10:42:00,0.42,16240.0,United Kingdom
564848,23033,DRAWER KNOB CERAMIC RED,6,2011-08-30 15:37:00,1.45,16928.0,United Kingdom
538071,21912,VINTAGE SNAKES & LADDERS,2,2010-12-09 14:09:00,7.62,,United Kingdom
555344,22757,LARGE RED BABUSHKA NOTEBOOK ,1,2011-06-02 11:45:00,1.25,15311.0,United Kingdom
578344,22219,LOVEBIRD HANGING DECORATION WHITE ,1,2011-11-24 09:21:00,1.63,,United Kingdom
570086,22619,SET OF 6 SOLDIER SKITTLES,8,2011-10-07 11:22:00,3.75,17086.0,United Kingdom
539436,20966,SANDWICH BATH SPONGE,2,2010-12-17 14:49:00,2.51,,United Kingdom
552318,84692,BOX OF 24 COCKTAIL PARASOLS,4,2011-05-08 16:13:00,0.42,17231.0,United Kingdom
543737,22366,DOORMAT AIRMAIL ,8,2011-02-11 12:45:00,7.95,12477.0,Germany
C570867,23293,SET OF 12 FAIRY CAKE BAKING CASES,-8,2011-10-12 16:17:00,0.83,12607.0,USA
545430,82494L,WOODEN FRAME ANTIQUE WHITE ,12,2011-03-02 14:50:00,2.95,15636.0,United Kingdom
550955,21914,BLUE HARMONICA IN BOX ,12,2011-04-21 16:26:00,1.25,14189.0,United Kingdom
545901,22291,HANGING CHICK CREAM DECORATION,2,2011-03-07 17:52:00,1.45,15834.0,United Kingdom
559491,22135,MINI LADLE LOVE HEART PINK,1,2011-07-08 13:53:00,0.83,,United Kingdom
580065,23355,HOT WATER BOTTLE KEEP CALM,4,2011-12-01 13:33:00,4.95,15434.0,United Kingdom
539300,22966,GINGERBREAD MAN COOKIE CUTTER,1,2010-12-16 17:31:00,1.25,,United Kingdom
551271,84692,BOX OF 24 COCKTAIL PARASOLS,25,2011-04-27 12:39:00,0.42,17187.0,United Kingdom
542944,84755,COLOUR GLASS T-LIGHT HOLDER HANGING,32,2011-02-02 11:14:00,0.65,17560.0,United Kingdom
547651,22432,WATERING CAN PINK BUNNY,3,2011-03-24 12:11:00,1.95,16904.0,United Kingdom
540566,22813,PACK 3 BOXES BIRD PANNETONE ,2,2011-01-10 10:58:00,1.95,17811.0,United Kingdom
547070,22261,FELT EGG COSY WHITE RABBIT ,1,2011-03-20 13:58:00,0.85,16115.0,United Kingdom
566082,23119,PACK OF 6 LARGE FRUIT STRAWS ,12,2011-09-09 10:09:00,0.62,16293.0,United Kingdom
561873,22147,FELTCRAFT BUTTERFLY HEARTS,40,2011-07-31 11:48:00,1.25,13316.0,United Kingdom
562517,21990,MODERN FLORAL STATIONERY SET,2,2011-08-05 12:27:00,1.25,15719.0,United Kingdom
540839,72802A,ROSE SCENT CANDLE IN JEWELLED BOX,1,2011-01-11 15:42:00,4.25,16791.0,United Kingdom
560048,21985,PACK OF 12 HEARTS DESIGN TISSUES ,24,2011-07-14 15:02:00,0.29,13515.0,United Kingdom
C560880,22666,RECIPE BOX PANTRY YELLOW DESIGN,-3,2011-07-21 15:39:00,2.95,15152.0,United Kingdom
581133,21933,PINK VINTAGE PAISLEY PICNIC BAG,10,2011-12-07 12:55:00,1.65,14904.0,United Kingdom
576837,84661B,BLACK SQUARE TABLE CLOCK,1,2011-11-16 15:16:00,4.96,,United Kingdom
553734,23109,LED TEA LIGHTS,6,2011-05-19 08:31:00,2.89,14735.0,United Kingdom
560090,22558,CLOTHES PEGS RETROSPOT PACK 24 ,1,2011-07-14 16:46:00,3.29,,United Kingdom
579167,22914,BLUE COAT RACK PARIS FASHION,2,2011-11-28 14:06:00,4.95,16800.0,United Kingdom
544928,47559B,TEA TIME OVEN GLOVE,3,2011-02-24 18:07:00,2.46,,United Kingdom
581492,21808,"CHRISTMAS GARLAND STARS,TREES",3,2011-12-09 10:03:00,3.29,,United Kingdom
560491,23236,DOILEY STORAGE TIN,1,2011-07-19 10:51:00,2.89,12415.0,Australia
564901,22231,JIGSAW TREE WITH BIRDHOUSE,12,2011-08-31 11:40:00,0.59,15690.0,United Kingdom
545183,21922,UNION STRIPE WITH FRINGE  HAMMOCK,2,2011-02-28 14:59:00,7.95,15570.0,United Kingdom
571441,22559,SEASIDE FLYING DISC,2,2011-10-17 13:31:00,2.46,14096.0,United Kingdom
543467,21790,VINTAGE SNAP CARDS,2,2011-02-08 14:35:00,1.63,,United Kingdom
576910,15044A,PINK PAPER PARASOL ,6,2011-11-17 09:51:00,2.95,12477.0,Germany
575851,23350,ROLL WRAP VINTAGE SPOT ,1,2011-11-11 12:13:00,1.25,14662.0,United Kingdom
578681,22469,HEART OF WICKER SMALL,12,2011-11-25 08:41:00,1.65,13579.0,United Kingdom
556529,21039,RED RETROSPOT SHOPPING BAG,6,2011-06-13 11:41:00,2.55,12714.0,France
541670,22666,RECIPE BOX PANTRY YELLOW DESIGN,48,2011-01-20 12:34:00,2.55,14911.0,EIRE
560368,21916,SET 12 RETRO WHITE CHALK STICKS,1,2011-07-18 12:25:00,0.42,17841.0,United Kingdom
559254,23029,DRAWER KNOB CRACKLE GLAZE GREEN,12,2011-07-07 11:56:00,1.65,16814.0,United Kingdom
539722,22654,DELUXE SEWING KIT ,3,2010-12-21 13:45:00,5.95,14911.0,EIRE
539434,22545,MINI JIGSAW BUNNIES,1,2010-12-17 14:41:00,0.85,,United Kingdom
569815,85099B,JUMBO BAG RED RETROSPOT,1000,2011-10-06 11:53:00,1.79,15838.0,United Kingdom
576099,21212,PACK OF 72 RETROSPOT CAKE CASES,24,2011-11-14 10:28:00,0.55,13021.0,United Kingdom
568183,22579,WOODEN TREE CHRISTMAS SCANDINAVIAN,24,2011-09-25 13:47:00,0.29,13991.0,United Kingdom
561873,22568,FELTCRAFT CUSHION OWL,24,2011-07-31 11:48:00,3.39,13316.0,United Kingdom
572465,22768,FAMILY PHOTO FRAME CORNICE,2,2011-10-24 13:26:00,9.95,14474.0,United Kingdom
579508,22030,SWALLOWS GREETING CARD,1,2011-11-29 16:33:00,0.83,,United Kingdom
563557,22488,NATURAL SLATE RECTANGLE CHALKBOARD,12,2011-08-17 13:33:00,1.65,15786.0,United Kingdom
564565,21975,PACK OF 60 DINOSAUR CAKE CASES,24,2011-08-26 10:50:00,0.55,14911.0,EIRE
578074,23333,IVORY WICKER HEART MEDIUM,3,2011-11-22 16:06:00,1.25,17590.0,United Kingdom
581412,23153,ZINC SWEETHEART WIRE LETTER RACK,2,2011-12-08 14:38:00,3.75,14415.0,United Kingdom
573122,22187,GREEN CHRISTMAS TREE CARD HOLDER,2,2011-10-27 16:23:00,1.95,14357.0,United Kingdom
557619,22624,IVORY KITCHEN SCALES,1,2011-06-21 13:58:00,8.5,17757.0,United Kingdom
539196,72741,GRAND CHOCOLATECANDLE,9,2010-12-16 12:09:00,1.45,18055.0,United Kingdom
556489,21390,FILIGRIS HEART WITH BUTTERFLY,3,2011-06-12 13:59:00,1.25,14704.0,United Kingdom
536522,84997D,PINK 3 PIECE POLKADOT CUTLERY SET,1,2010-12-01 12:49:00,3.75,15012.0,United Kingdom
556809,84997D,CHILDRENS CUTLERY POLKADOT PINK,10,2011-06-14 16:48:00,4.15,17179.0,United Kingdom
545411,22759,SET OF 3 NOTEBOOKS IN PARCEL,12,2011-03-02 12:21:00,1.65,16128.0,United Kingdom
580364,23569,TRADTIONAL ALPHABET STAMP SET,4,2011-12-02 16:34:00,4.95,13309.0,United Kingdom
572484,22900,SET 2 TEA TOWELS I LOVE LONDON ,3,2011-10-24 13:50:00,3.25,17220.0,United Kingdom
539436,84884A,ANT WHITE WIRE HEART SPIRAL,1,2010-12-17 14:49:00,8.47,,United Kingdom
556432,22178,VICTORIAN GLASS HANGING T-LIGHT,24,2011-06-10 13:59:00,1.25,16184.0,United Kingdom
558475,37340,MULTICOLOUR SPRING FLOWER MUG,48,2011-06-29 15:58:00,0.69,,United Kingdom
577774,22499,WOODEN UNION JACK BUNTING,3,2011-11-21 15:57:00,5.95,16712.0,United Kingdom
540352,21616,4 PEAR BOTANICAL DINNER CANDLES,1,2011-01-06 14:27:00,2.51,,United Kingdom
538094,17084N,FAIRY DREAMS INCENSE ,25,2010-12-09 14:50:00,0.21,13117.0,United Kingdom
556042,23133,LARGE IVORY HEART WALL ORGANISER,2,2011-06-08 12:44:00,8.25,14367.0,United Kingdom
563808,21156,RETROSPOT CHILDRENS APRON,8,2011-08-19 11:46:00,1.95,12626.0,Germany
568202,22748,POPPY'S PLAYHOUSE KITCHEN,6,2011-09-25 15:01:00,2.1,15366.0,United Kingdom
540977,85032A,ROMANTIC IMAGES GIFT WRAP SET,1,2011-01-12 15:01:00,4.21,,United Kingdom
566005,22412,METAL SIGN NEIGHBOURHOOD WITCH ,4,2011-09-08 11:56:00,2.1,16426.0,United Kingdom
566451,23215,JINGLE BELL HEART ANTIQUE SILVER,4,2011-09-12 16:14:00,2.08,18069.0,United Kingdom
572758,23439,HAND WARMER RED LOVE HEART,1,2011-10-25 18:39:00,4.13,,United Kingdom
581096,23203,JUMBO BAG VINTAGE DOILY ,10,2011-12-07 11:36:00,2.08,17412.0,United Kingdom
550137,21257,VICTORIAN SEWING BOX MEDIUM,2,2011-04-14 13:59:00,7.95,12477.0,Germany
577121,21559,STRAWBERRY LUNCH BOX WITH CUTLERY,6,2011-11-17 18:29:00,2.55,12681.0,France
569220,23301,GARDENERS KNEELING PAD KEEP CALM ,3,2011-10-02 13:26:00,1.65,16007.0,United Kingdom
562014,21155,RED RETROSPOT PEG BAG,6,2011-08-01 14:05:00,2.55,14341.0,United Kingdom
555573,22469,HEART OF WICKER SMALL,3,2011-06-05 15:46:00,1.65,15349.0,United Kingdom
545503,20726,LUNCH BAG WOODLAND,2,2011-03-03 11:34:00,1.65,15719.0,United Kingdom
558066,85173,SET/6 FROG PRINCE T-LIGHT CANDLES,1,2011-06-24 15:45:00,4.96,,United Kingdom
553042,22570,FELTCRAFT CUSHION RABBIT,8,2011-05-13 09:01:00,3.75,15845.0,United Kingdom
547485,21976,PACK OF 60 MUSHROOM CAKE CASES,3,2011-03-23 11:16:00,0.55,17019.0,United Kingdom
544206,22893,MINI CAKE STAND T-LIGHT HOLDER,5,2011-02-17 10:33:00,0.83,,United Kingdom
538154,21189,WHITE HONEYCOMB PAPER GARLAND ,3,2010-12-09 16:35:00,3.36,,United Kingdom
538995,82551,LAUNDRY 15C METAL SIGN,12,2010-12-15 12:05:00,1.45,13458.0,United Kingdom
580288,23494,VINTAGE DOILY DELUXE SEWING KIT ,3,2011-12-02 13:29:00,5.95,17611.0,United Kingdom
554998,82482,WOODEN PICTURE FRAME WHITE FINISH,6,2011-05-29 15:35:00,2.55,15925.0,United Kingdom
555923,22326,ROUND SNACK BOXES SET OF4 WOODLAND ,1,2011-06-07 17:09:00,5.79,,United Kingdom
C579934,21422,PORCELAIN ROSE SMALL,-2,2011-12-01 09:44:00,0.85,14860.0,United Kingdom
550542,22156,HEART DECORATION WITH PEARLS ,4,2011-04-19 11:37:00,1.63,,United Kingdom
565410,22835,HOT WATER BOTTLE I AM SO POORLY,4,2011-09-04 11:17:00,4.65,14691.0,United Kingdom
572244,22138,BAKING SET 9 PIECE RETROSPOT ,12,2011-10-21 15:54:00,4.95,14233.0,United Kingdom
538841,22197,SMALL POPCORN HOLDER,20,2010-12-14 13:11:00,0.85,16899.0,United Kingdom
577768,23314,VINTAGE CHRISTMAS TABLECLOTH,1,2011-11-21 15:18:00,24.96,,United Kingdom
553063,22646,CERAMIC STRAWBERRY CAKE MONEY BANK,12,2011-05-13 11:38:00,1.45,13018.0,United Kingdom
571716,22946,WOODEN ADVENT CALENDAR CREAM,1,2011-10-18 17:05:00,16.63,,United Kingdom
575591,23396,LE JARDIN BOTANIQUE CUSHION COVER,1,2011-11-10 12:09:00,3.75,17791.0,United Kingdom
571265,22478,BIRDHOUSE GARDEN MARKER ,1,2011-10-16 11:31:00,1.25,16674.0,United Kingdom
564373,22627,MINT KITCHEN SCALES,6,2011-08-25 09:56:00,8.5,15290.0,United Kingdom
543544,22436,12 COLOURED PARTY BALLOONS,1,2011-02-09 15:39:00,0.65,,United Kingdom
543985,85049G,CHOCOLATE BOX RIBBONS ,1,2011-02-15 09:44:00,2.46,,United Kingdom
540418,82613D,METAL SIGN CUPCAKE SINGLE HOOK,7,2011-01-07 11:04:00,0.85,,United Kingdom
577773,23245,SET OF 3 REGENCY CAKE TINS,4,2011-11-21 15:57:00,4.95,16712.0,United Kingdom
556090,75049L,LARGE CIRCULAR MIRROR MOBILE,2,2011-06-08 15:25:00,2.46,,United Kingdom
568894,22139,RETROSPOT TEA SET CERAMIC 11 PC ,6,2011-09-29 13:04:00,4.95,17528.0,United Kingdom
572034,23382,BOX OF 6 CHRISTMAS CAKE DECORATIONS,4,2011-10-20 12:00:00,3.75,14447.0,United Kingdom
537434,21595,Dad's Cab Electronic Meter,1,2010-12-06 16:57:00,8.47,,United Kingdom
547337,85025C,barcode problem,-230,2011-03-22 11:47:00,0.0,,United Kingdom
577078,23551,PACK OF 12 PAISLEY PARK TISSUES ,1,2011-11-17 15:17:00,0.83,,United Kingdom
570177,22082,RIBBON REEL STRIPES DESIGN ,10,2011-10-07 14:17:00,1.65,17509.0,United Kingdom
545021,85170C,SET/6 EAU DE NIL BIRD T-LIGHTS,6,2011-02-25 14:11:00,2.1,17663.0,United Kingdom
579146,22111,SCOTTIE DOG HOT WATER BOTTLE,1,2011-11-28 13:14:00,4.95,16347.0,United Kingdom
556116,21262,WHITE GOOSE FEATHER CHRISTMAS TREE ,6,2011-06-09 09:44:00,2.95,15214.0,United Kingdom
537222,22375,AIRLINE BAG VINTAGE JET SET BROWN,1,2010-12-05 16:00:00,4.25,14404.0,United Kingdom
578155,20726,LUNCH BAG WOODLAND,1,2011-11-23 11:32:00,1.65,12748.0,United Kingdom
553165,90035C,"PEARL & SHELL 42""NECKL. IVORY",2,2011-05-13 16:12:00,10.75,13623.0,United Kingdom
580691,90214C,"LETTER ""C"" BLING KEY RING",12,2011-12-05 15:48:00,0.29,13790.0,United Kingdom
578074,23263,SET OF 3 WOODEN HEART DECORATIONS,2,2011-11-22 16:06:00,1.25,17590.0,United Kingdom
562916,84803B,WHITE ALLIUM  ARTIFICIAL FLOWER,2,2011-08-10 13:41:00,1.69,,United Kingdom
552724,22728,ALARM CLOCK BAKELIKE PINK,4,2011-05-11 10:29:00,3.75,13418.0,United Kingdom
581403,21930,JUMBO STORAGE BAG SKULLS,10,2011-12-08 13:46:00,2.08,13510.0,United Kingdom
575983,90094,NECKLACE+BRACELET SET FRUIT SALAD ,1,2011-11-13 13:45:00,2.55,13379.0,United Kingdom
581400,22844,VINTAGE CREAM DOG FOOD CONTAINER,3,2011-12-08 13:36:00,8.5,14056.0,United Kingdom
546554,35915B,BLUE KNITTED HEN ,6,2011-03-15 09:13:00,1.65,16037.0,United Kingdom
579430,23503,PLAYING CARDS KEEP CALM & CARRY ON,2,2011-11-29 13:06:00,1.25,12748.0,United Kingdom
541684,22151,PLACE SETTING WHITE HEART,25,2011-01-20 15:22:00,0.42,15498.0,United Kingdom
573149,84625A,PINK NEW BAROQUECANDLESTICK CANDLE,2,2011-10-27 19:56:00,0.85,16438.0,United Kingdom
581217,21934,SKULL SHOULDER BAG,14,2011-12-08 09:20:00,1.63,,United Kingdom
563018,16169E,WRAP 50'S  CHRISTMAS,25,2011-08-11 12:53:00,0.42,13427.0,United Kingdom
574873,22111,SCOTTIE DOG HOT WATER BOTTLE,5,2011-11-07 13:01:00,4.95,16362.0,United Kingdom
538678,21928,JUMBO BAG SCANDINAVIAN PAISLEY,1,2010-12-13 16:46:00,1.95,,United Kingdom
C559347,22771,CLEAR DRAWER KNOB ACRYLIC EDWARDIAN,-12,2011-07-07 17:22:00,1.25,18072.0,United Kingdom
581237,23507,MINI PLAYING CARDS BUFFALO BILL ,1,2011-12-08 10:40:00,0.42,15443.0,United Kingdom
560080,82583,HOT BATHS METAL SIGN,96,2011-07-14 16:23:00,2.39,17450.0,United Kingdom
573362,22726,ALARM CLOCK BAKELIKE GREEN,4,2011-10-30 13:06:00,3.75,12597.0,Spain
571824,23493,VINTAGE DOILY TRAVEL SEWING KIT,10,2011-10-19 11:49:00,1.95,12472.0,Germany
569488,23461,SWEETHEART BIRD HOUSE,3,2011-10-04 13:10:00,4.15,16440.0,United Kingdom
550835,22630,DOLLY GIRL LUNCH BOX,1,2011-04-21 10:52:00,1.95,15034.0,United Kingdom
538783,22565,FELTCRAFT HAIRBANDS PINK AND WHITE ,12,2010-12-14 11:38:00,0.85,14961.0,United Kingdom
550499,85123A,WHITE HANGING HEART T-LIGHT HOLDER,1,2011-04-18 15:16:00,5.79,,United Kingdom
561314,22291,HANGING CHICK CREAM DECORATION,12,2011-07-26 12:36:00,1.45,16266.0,United Kingdom
577228,21733,RED HANGING HEART T-LIGHT HOLDER,6,2011-11-18 12:07:00,2.95,12391.0,Cyprus
551603,82600,NO SINGING METAL SIGN,4,2011-05-03 11:34:00,2.1,16745.0,United Kingdom
568539,22934,BAKING MOULD EASTER EGG WHITE CHOC,6,2011-09-27 14:07:00,2.95,13016.0,United Kingdom
572758,23241,TREASURE TIN GYMKHANA DESIGN,1,2011-10-25 18:39:00,4.13,,United Kingdom
551953,22671,FRENCH LAUNDRY SIGN BLUE METAL,12,2011-05-05 11:53:00,1.65,13448.0,United Kingdom
542662,22960,JAM MAKING SET WITH JARS,6,2011-01-31 12:10:00,4.25,18145.0,United Kingdom
542401,21329,DINOSAURS  WRITING SET ,1,2011-01-27 15:51:00,1.65,14541.0,United Kingdom
562106,21786,POLKADOT RAIN HAT ,1,2011-08-02 15:19:00,0.42,14076.0,United Kingdom
544659,84819,DANISH ROSE ROUND SEWING BOX,1,2011-02-22 13:20:00,4.25,18114.0,United Kingdom
569898,85150,LADIES & GENTLEMEN METAL SIGN,1,2011-10-06 16:08:00,4.96,,United Kingdom
570652,22733,3D TRADITIONAL CHRISTMAS STICKERS,36,2011-10-11 13:45:00,1.25,17863.0,United Kingdom
581498,84375,SET OF 20 KIDS COOKIE CUTTERS,3,2011-12-09 10:26:00,4.13,,United Kingdom
559807,21980,PACK OF 12 RED RETROSPOT TISSUES ,12,2011-07-12 14:48:00,0.29,17841.0,United Kingdom
543054,21080,SET/20 RED RETROSPOT PAPER NAPKINS ,12,2011-02-03 10:39:00,0.85,13394.0,United Kingdom
578344,84569D,PACK 6 HEART/ICE-CREAM PATCHES,2,2011-11-24 09:21:00,2.46,,United Kingdom
543251,22698,PINK REGENCY TEACUP AND SAUCER,6,2011-02-04 14:51:00,2.95,14194.0,United Kingdom
540396,15056N,EDWARDIAN PARASOL NATURAL,6,2011-01-06 18:33:00,5.95,14031.0,United Kingdom
576189,20981,12 PENCILS TALL TUBE WOODLAND,1,2011-11-14 11:33:00,0.85,14684.0,United Kingdom
579885,23093,SMALL PARISIENNE HEART PHOTO FRAME ,2,2011-11-30 17:37:00,2.49,15444.0,United Kingdom
581175,23172,REGENCY TEA PLATE PINK,48,2011-12-07 15:16:00,1.45,14646.0,Netherlands
581006,22112,CHOCOLATE HOT WATER BOTTLE,6,2011-12-07 08:45:00,4.95,14911.0,EIRE
543803,85017B,ENVELOPE 50 BLOSSOM IMAGES,2,2011-02-13 12:05:00,0.85,17126.0,United Kingdom
580367,23005,TRAVEL CARD WALLET I LOVE LONDON,5,2011-12-02 16:39:00,0.83,,United Kingdom
566345,22705,WRAP GREEN PEARS ,25,2011-09-12 12:27:00,0.42,17685.0,United Kingdom
548361,23126,FELTCRAFT GIRL AMELIE KIT,4,2011-03-30 15:38:00,4.95,16092.0,United Kingdom
537362,21830,ASSORTED CREEPY CRAWLIES,24,2010-12-06 12:34:00,0.42,17596.0,United Kingdom
564436,23004,TRAVEL CARD WALLET PANTRY,1,2011-08-25 12:06:00,0.42,17841.0,United Kingdom
563830,21391,FRENCH LAVENDER SCENT HEART,24,2011-08-19 12:20:00,0.75,16638.0,United Kingdom
555979,22383,LUNCH BAG SUKI DESIGN ,2,2011-06-08 11:18:00,1.65,15039.0,United Kingdom
578374,21937,found,50,2011-11-24 11:21:00,0.0,,United Kingdom
542409,22262,FELT EGG COSY CHICKEN,7,2011-01-27 16:30:00,0.85,15311.0,United Kingdom
568156,84341B,SMALL PINK MAGIC CHRISTMAS TREE,36,2011-09-25 12:16:00,0.38,14367.0,United Kingdom
556813,22120,WELCOME  WOODEN BLOCK LETTERS,1,2011-06-14 17:28:00,19.96,,United Kingdom
546891,21458,2 PICTURE BOOK EGGS EASTER BUNNY,1,2011-03-17 18:18:00,2.46,,United Kingdom
548011,22662,LUNCH BAG DOLLY GIRL DESIGN,200,2011-03-29 11:14:00,1.45,14646.0,Netherlands
552643,20886,BOX OF 9 PEBBLE CANDLES,3,2011-05-10 13:24:00,1.95,16791.0,United Kingdom
560723,22694,WICKER STAR ,2,2011-07-20 13:53:00,2.1,16464.0,United Kingdom
540550,21559,STRAWBERRY LUNCH BOX WITH CUTLERY,6,2011-01-10 09:11:00,2.55,12539.0,Spain
577768,22961,JAM MAKING SET PRINTED,4,2011-11-21 15:18:00,3.29,,United Kingdom
538811,20723,STRAWBERRY CHARLOTTE BAG,10,2010-12-14 12:22:00,0.85,13178.0,United Kingdom
566019,47559B,TEA TIME OVEN GLOVE,4,2011-09-08 12:44:00,1.25,17243.0,United Kingdom
568955,21136,PAINTED METAL PEARS ASSORTED,8,2011-09-29 15:40:00,1.69,13759.0,United Kingdom
538177,21210,SET OF 72 RETROSPOT PAPER  DOILIES,1,2010-12-10 09:51:00,2.98,,United Kingdom
556792,21509,COWBOYS AND INDIANS BIRTHDAY CARD ,12,2011-06-14 13:52:00,0.42,17043.0,United Kingdom
549251,84596L,BISCUITS SMALL BOWL LIGHT BLUE,2,2011-04-07 12:16:00,0.42,14449.0,United Kingdom
566602,21394,RED POLKADOT BEAKER ,6,2011-09-13 16:05:00,1.63,,United Kingdom
574950,22893,MINI CAKE STAND T-LIGHT HOLDER,8,2011-11-08 09:29:00,0.83,,United Kingdom
537312,21870,I CAN ONLY PLEASE ONE PERSON MUG,72,2010-12-06 11:42:00,1.06,14189.0,United Kingdom
554280,22380,TOY TIDY SPACEBOY  ,5,2011-05-23 13:35:00,2.1,14817.0,United Kingdom
577217,23485,BOTANICAL GARDENS WALL CLOCK ,1,2011-11-18 11:53:00,25.0,17324.0,United Kingdom
537775,22203,MILK PAN RED RETROSPOT,4,2010-12-08 12:41:00,3.75,17722.0,United Kingdom
545302,84800S,SMALL WHITE/PINK ROSE ART FLOWER,2,2011-03-01 12:46:00,1.25,14506.0,United Kingdom
553182,21169,YOU'RE CONFUSING ME METAL SIGN ,3,2011-05-15 12:21:00,1.69,17107.0,United Kingdom
578153,23320,GIANT 50'S CHRISTMAS CRACKER,3,2011-11-23 11:22:00,2.89,12748.0,United Kingdom
564093,23270,SET OF 2 CERAMIC PAINTED HEARTS ,12,2011-08-23 10:29:00,1.45,14930.0,Channel Islands
541827,22798,ANTIQUE GLASS DRESSING TABLE POT,1,2011-01-21 17:05:00,5.79,,United Kingdom
576787,23581,JUMBO BAG PAISLEY PARK,10,2011-11-16 13:54:00,2.08,13815.0,Germany
578518,22312,OFFICE MUG WARMER POLKADOT,1,2011-11-24 13:54:00,2.95,14606.0,United Kingdom
548894,22378,WALL TIDY RETROSPOT ,2,2011-04-04 16:01:00,4.13,,United Kingdom
544467,22464,HANGING METAL HEART LANTERN,1,2011-02-20 15:51:00,1.65,14502.0,United Kingdom
549989,84988,SET OF 72 PINK HEART PAPER DOILIES,1,2011-04-13 16:58:00,1.45,13221.0,United Kingdom
541219,22471,TV DINNER TRAY AIR HOSTESS ,3,2011-01-14 14:06:00,4.13,,United Kingdom
574076,22161,HEART DECORATION RUSTIC HANGING ,4,2011-11-02 15:38:00,0.79,,United Kingdom
556115,21531,RED RETROSPOT SUGAR JAM BOWL,6,2011-06-09 09:39:00,2.55,15241.0,United Kingdom
573158,22835,HOT WATER BOTTLE I AM SO POORLY,8,2011-10-28 08:56:00,4.95,14738.0,United Kingdom
541615,22570,FELTCRAFT CUSHION RABBIT,3,2011-01-20 10:43:00,3.75,16395.0,United Kingdom
549543,22519,CHILDS GARDEN BRUSH PINK,2,2011-04-10 11:14:00,2.1,18118.0,United Kingdom
559652,21175,GIN + TONIC DIET METAL SIGN,12,2011-07-11 12:47:00,2.55,17164.0,United Kingdom
555406,84879,ASSORTED COLOUR BIRD ORNAMENT,16,2011-06-02 19:50:00,1.69,17231.0,United Kingdom
555650,22967,SET 3 SONG BIRD PAPER EGGS ASSORTED,6,2011-06-06 13:48:00,2.95,14156.0,EIRE
579470,84029G,KNITTED UNION FLAG HOT WATER BOTTLE,3,2011-11-29 15:06:00,4.25,16549.0,United Kingdom
C576919,23239,SET OF 4 KNICK KNACK TINS POPPIES,-6,2011-11-17 10:44:00,4.15,15529.0,United Kingdom
570167,22465,HANGING METAL STAR LANTERN,12,2011-10-07 14:04:00,1.65,15615.0,United Kingdom
568988,22819,"BIRTHDAY CARD, RETRO SPOT",12,2011-09-29 16:38:00,0.42,12718.0,France
575690,23661,MILK MAIDS MUG ,12,2011-11-10 16:20:00,1.65,14189.0,United Kingdom
577228,22804,PINK HANGING HEART T-LIGHT HOLDER,6,2011-11-18 12:07:00,2.95,12391.0,Cyprus
544098,22432,WATERING CAN PINK BUNNY,6,2011-02-16 10:04:00,1.95,16019.0,United Kingdom
559538,22989,SET 2 PANTRY DESIGN TEA TOWELS,2,2011-07-10 12:25:00,3.25,16880.0,United Kingdom
551986,47566,PARTY BUNTING,4,2011-05-05 14:41:00,4.95,13888.0,United Kingdom
542397,22934,BAKING MOULD EASTER EGG WHITE CHOC,48,2011-01-27 15:22:00,2.55,13328.0,United Kingdom
569521,21327,SKULLS WRITING SET ,2,2011-10-04 14:33:00,1.65,16474.0,United Kingdom
575477,22943,CHRISTMAS LIGHTS 10 VINTAGE BAUBLES,1,2011-11-09 16:14:00,10.79,,United Kingdom
548197,22281,EASTER TREE YELLOW BIRDS,2,2011-03-29 15:53:00,5.95,13588.0,United Kingdom
547580,21756,BATH BUILDING BLOCK WORD,3,2011-03-24 10:48:00,5.95,13488.0,United Kingdom
546984,20725,LUNCH BAG RED RETROSPOT,1,2011-03-18 12:35:00,1.65,15019.0,United Kingdom
578072,23113,PANTRY CHOPPING BOARD,1,2011-11-22 16:02:00,4.95,17759.0,United Kingdom
575740,22579,WOODEN TREE CHRISTMAS SCANDINAVIAN,24,2011-11-11 09:25:00,0.29,18130.0,United Kingdom
558233,23049,RECYCLED ACAPULCO MAT RED,2,2011-06-27 14:36:00,8.25,18073.0,United Kingdom
552229,DOT,DOTCOM POSTAGE,1,2011-05-06 15:40:00,21.74,,United Kingdom
556916,22646,CERAMIC STRAWBERRY CAKE MONEY BANK,4,2011-06-15 13:35:00,1.45,16898.0,United Kingdom
566195,16014,SMALL CHINESE STYLE SCISSOR,20,2011-09-09 13:44:00,0.42,12433.0,Norway
575610,23206,LUNCH BAG APPLE DESIGN,10,2011-11-10 12:45:00,1.65,16628.0,United Kingdom
567890,23381,PACK OF 12 VINTAGE LEAF TISSUES ,24,2011-09-22 15:40:00,0.39,14125.0,United Kingdom
541576,85040A,S/4 PINK FLOWER CANDLES IN BOWL,2,2011-01-19 13:32:00,1.65,17097.0,Spain
570887,22589,CARDHOLDER GINGHAM STAR,6,2011-10-13 10:25:00,2.89,17169.0,United Kingdom
540154,90198A,VINTAGE ROSE BEAD BRACELET RASPBERR,1,2011-01-05 11:30:00,4.24,,United Kingdom
578149,22619,SET OF 6 SOLDIER SKITTLES,2,2011-11-23 11:11:00,7.46,,United Kingdom
575117,21616,4 PEAR BOTANICAL DINNER CANDLES,1,2011-11-08 14:22:00,1.25,12748.0,United Kingdom
541809,20724,RED RETROSPOT CHARLOTTE BAG,34,2011-01-21 14:59:00,2.46,,United Kingdom
568792,22697,GREEN REGENCY TEACUP AND SAUCER,6,2011-09-29 09:53:00,2.95,18192.0,United Kingdom
542109,48187,DOORMAT NEW ENGLAND,2,2011-01-25 13:44:00,12.46,,United Kingdom
543124,22171,3 HOOK PHOTO SHELF ANTIQUE WHITE,2,2011-02-03 14:15:00,8.5,15311.0,United Kingdom
548259,21382,SET/4 SPRING FLOWER DECORATION,4,2011-03-30 11:12:00,2.95,14099.0,United Kingdom
548450,22028,PENNY FARTHING BIRTHDAY CARD,12,2011-03-31 11:20:00,0.42,15856.0,United Kingdom
552245,21793,CLASSIC FRENCH STYLE BASKET BROWN,1,2011-05-06 19:42:00,3.95,12748.0,United Kingdom
558475,22203,MILK PAN RED RETROSPOT,7,2011-06-29 15:58:00,3.29,,United Kingdom
565320,23204,CHARLOTTE BAG APPLES DESIGN,32,2011-09-02 13:10:00,0.85,16745.0,United Kingdom
560580,23298,SPOTTY BUNTING,30,2011-07-19 15:23:00,4.15,14088.0,United Kingdom
564483,22333,RETROSPOT PARTY BAG + STICKER SET,8,2011-08-25 13:46:00,1.65,14050.0,United Kingdom
C556677,23169,CLASSIC GLASS COOKIE JAR,-2,2011-06-13 17:19:00,4.15,15643.0,United Kingdom
565470,22077,6 RIBBONS RUSTIC CHARM,12,2011-09-05 10:06:00,1.65,12576.0,Poland
539749,22734,,30,2010-12-21 15:33:00,0.0,,United Kingdom
569638,22469,HEART OF WICKER SMALL,12,2011-10-05 12:15:00,1.65,16140.0,United Kingdom
553199,21577,SAVE THE PLANET COTTON TOTE BAG,2,2011-05-15 15:13:00,2.25,17758.0,United Kingdom
574313,84029E,RED WOOLLY HOTTIE WHITE HEART.,4,2011-11-03 17:45:00,4.25,13267.0,United Kingdom
550470,21123,SET/10 IVORY POLKADOT PARTY CANDLES,1,2011-04-18 13:49:00,2.46,,United Kingdom
558570,23127,FELTCRAFT GIRL NICOLE KIT,2,2011-06-30 14:38:00,4.95,17673.0,United Kingdom
579427,22467,GUMBALL COAT RACK,4,2011-11-29 13:04:00,2.55,16479.0,United Kingdom
536819,22988,SOLDIERS EGG CUP ,12,2010-12-02 17:12:00,1.25,13402.0,United Kingdom
537789,21523,DOORMAT FANCY FONT HOME SWEET HOME,20,2010-12-08 12:49:00,6.75,14051.0,United Kingdom
C547675,22263,FELT EGG COSY LADYBIRD ,-49,2011-03-24 14:07:00,0.66,17754.0,United Kingdom
566923,22470,HEART OF WICKER LARGE,2,2011-09-15 15:05:00,2.95,15511.0,United Kingdom
539463,22300,COFFEE MUG DOG + BALL DESIGN,12,2010-12-19 11:19:00,2.55,18077.0,United Kingdom
542541,22310,IVORY KNITTED MUG COSY ,4,2011-01-28 14:25:00,3.29,,United Kingdom
545182,17001,HEAVENS SCENT FRAGRANCE OILS ASSTD,72,2011-02-28 14:48:00,0.29,14046.0,United Kingdom
571227,22317,FIVE CATS HANGING DECORATION,6,2011-10-14 13:54:00,2.95,12477.0,Germany
568782,23355,HOT WATER BOTTLE KEEP CALM,4,2011-09-29 08:53:00,4.95,13985.0,United Kingdom
551547,21212,PACK OF 72 RETROSPOT CAKE CASES,17,2011-05-03 09:44:00,2.08,,United Kingdom
565901,85099B,JUMBO BAG RED RETROSPOT,100,2011-09-07 15:34:00,1.79,13798.0,United Kingdom
581058,20839,FRENCH PAISLEY CUSHION COVER ,12,2011-12-07 11:06:00,0.85,15969.0,United Kingdom
581034,23344,JUMBO BAG 50'S CHRISTMAS ,10,2011-12-07 10:48:00,2.08,17049.0,United Kingdom
553053,21624,VINTAGE UNION JACK DOORSTOP,6,2011-05-13 10:20:00,5.95,12857.0,United Kingdom
562922,20728,LUNCH BAG CARS BLUE,20,2011-08-10 14:26:00,1.65,12594.0,Italy
580729,23469,CARD HOLDER LOVE BIRD SMALL,1,2011-12-05 17:24:00,8.29,,United Kingdom
542412,85206A,CREAM FELT EASTER EGG BASKET,1,2011-01-27 16:49:00,1.65,16725.0,United Kingdom
557938,20719,WOODLAND CHARLOTTE BAG,3,2011-06-23 15:35:00,1.63,,United Kingdom
576614,22945,CHRISTMAS METAL TAGS ASSORTED ,6,2011-11-15 16:38:00,0.85,12933.0,United Kingdom
567671,22386,JUMBO BAG PINK POLKADOT,1,2011-09-21 15:34:00,4.13,,United Kingdom
571559,23202,JUMBO BAG VINTAGE LEAF,10,2011-10-18 09:32:00,2.08,14911.0,EIRE
573151,23351,ROLL WRAP 50'S CHRISTMAS,12,2011-10-27 20:09:00,1.25,17602.0,United Kingdom
576688,22112,CHOCOLATE HOT WATER BOTTLE,3,2011-11-16 12:16:00,4.95,16717.0,United Kingdom
568719,22074,6 RIBBONS SHIMMERING PINKS ,1,2011-09-28 16:19:00,1.25,,United Kingdom
569319,23439,HAND WARMER RED LOVE HEART,12,2011-10-03 12:17:00,2.1,14290.0,United Kingdom
561650,22959,WRAP CHRISTMAS VILLAGE,25,2011-07-28 15:31:00,0.42,15329.0,United Kingdom
548703,22383,LUNCH BAG SUKI DESIGN ,2,2011-04-03 11:37:00,1.65,16010.0,United Kingdom
559836,85199L,LARGE HANGING IVORY & RED WOOD BIRD,12,2011-07-13 10:09:00,0.65,13911.0,United Kingdom
575059,20713,JUMBO BAG OWLS,1,2011-11-08 12:25:00,2.08,14071.0,United Kingdom
559055,20856,DENIM PATCH PURSE PINK BUTTERFLY,4,2011-07-05 17:09:00,1.63,,United Kingdom
549813,21710,FOLDING UMBRELLA PINKWHITE POLKADOT,1,2011-04-12 12:16:00,4.95,17972.0,United Kingdom
554083,21519,GIN & TONIC DIET GREETING CARD ,12,2011-05-22 11:51:00,0.42,18125.0,United Kingdom
550470,22861,EASTER TIN CHICKS IN GARDEN,1,2011-04-18 13:49:00,3.29,,United Kingdom
556813,23171,REGENCY TEA PLATE GREEN ,2,2011-06-14 17:28:00,3.29,,United Kingdom
538313,22727,ALARM CLOCK BAKELIKE RED ,2,2010-12-10 13:50:00,3.75,15514.0,United Kingdom
572567,21284,RETROSPOT CANDLE  SMALL,12,2011-10-25 10:27:00,1.69,12398.0,Switzerland
545333,21756,BATH BUILDING BLOCK WORD,1,2011-03-01 16:22:00,11.63,,United Kingdom
C580954,84997A,CHILDRENS CUTLERY POLKADOT GREEN ,-9,2011-12-06 14:19:00,3.75,12967.0,United Kingdom
554054,15058A,BLUE POLKADOT GARDEN PARASOL,6,2011-05-20 15:29:00,10.79,,United Kingdom
546732,84692,BOX OF 24 COCKTAIL PARASOLS,2,2011-03-16 11:41:00,0.42,14606.0,United Kingdom
540770,21524,DOORMAT SPOTTY HOME SWEET HOME,2,2011-01-11 10:40:00,7.95,13468.0,United Kingdom
552277,21865,PINK UNION JACK  PASSPORT COVER ,6,2011-05-08 12:34:00,2.1,13642.0,United Kingdom
575751,23344,JUMBO BAG 50'S CHRISTMAS ,10,2011-11-11 10:32:00,2.08,14911.0,EIRE
547248,85194L,HANGING SPRING FLOWER EGG LARGE,2,2011-03-22 09:23:00,1.63,,United Kingdom
571676,35648,VINTAGE BEAD PINK PURSE ,2,2011-10-18 13:29:00,0.83,16910.0,United Kingdom
552655,85123A,WHITE HANGING HEART T-LIGHT HOLDER,2,2011-05-10 14:22:00,2.95,14587.0,United Kingdom
562264,84380,SET OF 3 BUTTERFLY COOKIE CUTTERS,2,2011-08-03 16:14:00,2.46,,United Kingdom
570416,22798,ANTIQUE GLASS DRESSING TABLE POT,8,2011-10-10 13:30:00,2.95,15608.0,United Kingdom
567707,22037,ROBOT BIRTHDAY CARD,36,2011-09-22 09:52:00,0.42,14676.0,United Kingdom
580512,85099B,JUMBO BAG RED RETROSPOT,10,2011-12-04 13:55:00,2.08,12673.0,Germany
575698,21210,SET OF 72 RETROSPOT PAPER  DOILIES,12,2011-11-10 16:51:00,1.45,16094.0,United Kingdom
C540393,85042,ANTIQUE LILY FAIRY LIGHTS,-1,2011-01-06 18:08:00,4.95,17428.0,United Kingdom
562717,22197,POPCORN HOLDER,8,2011-08-08 15:42:00,1.63,,United Kingdom
570229,23503,PLAYING CARDS KEEP CALM & CARRY ON,1,2011-10-09 13:30:00,1.25,15756.0,United Kingdom
577768,22543,MINI JIGSAW BAKE A CAKE ,1,2011-11-21 15:18:00,0.83,,United Kingdom
556890,23209,LUNCH BAG DOILEY PATTERN ,10,2011-06-15 12:48:00,1.65,17581.0,United Kingdom
542542,22728,ALARM CLOCK BAKELIKE PINK,4,2011-01-28 14:37:00,3.75,12431.0,Australia
552813,23047,PAPER LANTERN 5 POINT STUDDED STAR,2,2011-05-11 12:44:00,5.75,15079.0,United Kingdom
577690,84991,60 TEATIME FAIRY CAKE CASES,1,2011-11-21 11:34:00,0.55,12856.0,United Kingdom
558904,84507B,STRIPES DESIGN MONKEY DOLL,1,2011-07-04 16:18:00,4.96,,United Kingdom
575739,84031B,CHARLIE LOLA BLUE HOT WATER BOTTLE ,1,2011-11-11 09:05:00,4.13,,United Kingdom
557742,21084,SET/6 COLLAGE PAPER CUPS,24,2011-06-22 11:46:00,0.19,14911.0,EIRE
571850,23247,BISCUIT TIN 50'S CHRISTMAS,4,2011-10-19 12:54:00,2.89,14698.0,United Kingdom
573876,21704,BAG 250g SWIRLY MARBLES,2,2011-11-01 12:48:00,0.85,16360.0,United Kingdom
580730,22135,MINI LADLE LOVE HEART PINK,1,2011-12-05 17:28:00,0.83,,United Kingdom
550348,22584,PACK OF 6 PANNETONE GIFT BOXES,6,2011-04-18 09:38:00,2.55,16947.0,United Kingdom
538877,22077,6 RIBBONS RUSTIC CHARM,16,2010-12-14 15:29:00,4.21,,United Kingdom
542006,72741,GRAND CHOCOLATECANDLE,9,2011-01-25 11:20:00,1.45,15218.0,United Kingdom
565235,23297,SET 40 HEART SHAPE PETIT FOUR CASES,16,2011-09-02 09:43:00,1.65,13418.0,United Kingdom
566912,20829,GLITTER HANGING BUTTERFLY STRING,8,2011-09-15 14:05:00,2.1,14367.0,United Kingdom
573183,22998,TRAVEL CARD WALLET KEEP CALM,10,2011-10-28 11:33:00,0.42,15028.0,United Kingdom
576841,23252,VINTAGE RED ENAMEL TRIM JUG ,1,2011-11-16 15:26:00,3.75,17368.0,United Kingdom
557891,23129,HEART SHAPED HOLLY WREATH,4,2011-06-23 14:05:00,4.15,17652.0,United Kingdom
565927,22464,HANGING METAL HEART LANTERN,12,2011-09-08 10:08:00,1.65,,EIRE
558045,22993,SET OF 4 PANTRY JELLY MOULDS,12,2011-06-24 13:35:00,1.25,12615.0,France
576910,22212,FOUR HOOK  WHITE LOVEBIRDS,12,2011-11-17 09:51:00,2.1,12477.0,Germany
563920,21671,RED SPOT CERAMIC DRAWER KNOB,12,2011-08-21 14:00:00,1.25,16407.0,United Kingdom
575176,22962,JAM JAR WITH PINK LID,1,2011-11-08 18:29:00,1.63,,United Kingdom
564825,23188,VINTAGE  2 METER FOLDING RULER,3,2011-08-30 12:26:00,3.29,,United Kingdom
565856,21922,UNION STRIPE WITH FRINGE  HAMMOCK,1,2011-09-07 14:09:00,7.95,17345.0,United Kingdom
571508,22339,CHRISTMAS TREE PAINTED ZINC ,3,2011-10-17 15:27:00,0.63,,United Kingdom
549251,85194L,HANGING SPRING FLOWER EGG LARGE,4,2011-04-07 12:16:00,0.85,14449.0,United Kingdom
564300,23346,SPACEBOY BEAKER,4,2011-08-24 11:31:00,1.25,16723.0,United Kingdom
565434,17021,NAMASTE SWAGAT INCENSE,36,2011-09-04 13:35:00,0.3,12867.0,United Kingdom
574547,23219,LAUREL STAR ANTIQUE SILVER ,1,2011-11-04 15:08:00,1.25,17841.0,United Kingdom
538356,21730,GLASS STAR FROSTED T-LIGHT HOLDER,18,2010-12-10 15:56:00,4.25,14062.0,United Kingdom
548698,21977,PACK OF 60 PINK PAISLEY CAKE CASES,3,2011-04-03 10:55:00,0.55,18109.0,United Kingdom
568614,22952,60 CAKE CASES VINTAGE CHRISTMAS,24,2011-09-28 11:26:00,0.55,13515.0,United Kingdom
578118,22086,PAPER CHAIN KIT 50'S CHRISTMAS ,12,2011-11-23 10:08:00,2.95,12955.0,United Kingdom
578941,23263,SET OF 3 WOODEN HEART DECORATIONS,1,2011-11-27 13:26:00,1.25,16024.0,United Kingdom
565927,84843,WHITE SOAP RACK WITH 2 BOTTLES,4,2011-09-08 10:08:00,5.95,,EIRE
541995,20675,BLUE POLKADOT BOWL,8,2011-01-25 09:58:00,1.25,13158.0,United Kingdom
565234,84596B,SMALL DOLLY MIX DESIGN ORANGE BOWL,2,2011-09-02 09:38:00,0.83,,United Kingdom
556425,23298,SPOTTY BUNTING,1,2011-06-10 12:51:00,4.95,14178.0,United Kingdom
571270,21619,4 VANILLA BOTANICAL CANDLES,3,2011-10-16 12:09:00,1.25,12940.0,United Kingdom
538524,22567,20 DOLLY PEGS RETROSPOT,2,2010-12-13 09:35:00,2.51,,United Kingdom
575491,22438,BALLOON ART MAKE YOUR OWN FLOWERS,3,2011-11-09 17:47:00,1.95,15531.0,United Kingdom
544776,21082,SET/20 FRUIT SALAD PAPER NAPKINS ,1,2011-02-23 11:39:00,1.63,,United Kingdom
551997,21215,IVORY PAPER CUP CAKE CASES ,1,2011-05-05 15:47:00,1.25,,United Kingdom
547249,20719,WOODLAND CHARLOTTE BAG,1,2011-03-22 09:27:00,1.63,,United Kingdom
562928,22710,WRAP I LOVE LONDON ,25,2011-08-10 15:29:00,0.42,15494.0,United Kingdom
555644,84974,S/2 ZINC HEART DESIGN PLANTERS,4,2011-06-06 13:24:00,9.95,16520.0,United Kingdom
571705,23008,DOLLY GIRL BABY GIFT SET,2,2011-10-18 15:22:00,16.95,12360.0,Austria
551718,84877A,PINK ROUND COMPACT MIRROR,1,2011-05-03 16:06:00,3.29,,United Kingdom
581217,23552,BICYCLE PUNCTURE REPAIR KIT ,6,2011-12-08 09:20:00,4.13,,United Kingdom
547555,22466,FAIRY TALE COTTAGE NIGHTLIGHT,12,2011-03-23 16:35:00,1.95,14075.0,United Kingdom
575742,23292,SPACEBOY CHILDRENS CUP,8,2011-11-11 09:46:00,1.25,14309.0,United Kingdom
551056,21523,DOORMAT FANCY FONT HOME SWEET HOME,1,2011-04-26 11:51:00,7.95,16442.0,United Kingdom
560537,22469,HEART OF WICKER SMALL,6,2011-07-19 12:19:00,1.65,17779.0,United Kingdom
543816,22953,BIRTHDAY PARTY CORDON BARRIER TAPE,3,2011-02-13 15:26:00,1.25,17841.0,United Kingdom
538146,21239,PINK  POLKADOT CUP,8,2010-12-09 16:10:00,0.85,15596.0,United Kingdom
540551,22166,WALL MIRROR RECTANGLE DIAMANTE PINK,1,2011-01-10 09:43:00,7.62,,United Kingdom
578844,22616,PACK OF 12 LONDON TISSUES ,4,2011-11-25 16:14:00,0.83,,United Kingdom
561887,21845,DAIRY MAID STRIPE MUG,72,2011-07-31 13:33:00,0.79,14414.0,United Kingdom
C552995,M,Manual,-1350,2011-05-12 15:19:00,0.16,18133.0,United Kingdom
537685,22585,PACK OF 6 BIRDY GIFT TAGS,6,2010-12-08 10:21:00,1.25,18077.0,United Kingdom
578264,22686,FRENCH BLUE METAL DOOR SIGN No,2,2011-11-23 13:27:00,1.25,12748.0,United Kingdom
561209,84536B,FAIRY CAKES NOTEBOOK A7 SIZE,1,2011-07-25 16:57:00,0.42,,United Kingdom
540984,72807A,SET/3 ROSE CANDLE IN JEWELLED BOX,2,2011-01-12 15:44:00,4.25,14167.0,United Kingdom
564646,22327,ROUND SNACK BOXES SET OF 4 SKULLS,1,2011-08-26 13:39:00,6.63,,United Kingdom
536566,22805,BLUE DRAWER KNOB ACRYLIC EDWARDIAN,9,2010-12-01 15:21:00,1.25,16928.0,United Kingdom
553189,21908,CHOCOLATE THIS WAY METAL SIGN,1,2011-05-15 13:14:00,2.1,15033.0,United Kingdom
571105,21744,SNOWFLAKE PORTABLE TABLE LIGHT ,2,2011-10-13 16:01:00,2.95,17614.0,United Kingdom
571702,85150,LADIES & GENTLEMEN METAL SIGN,6,2011-10-18 15:06:00,2.55,14639.0,United Kingdom
541138,84997C,BLUE 3 PIECE POLKADOT CUTLERY SET,6,2011-01-14 10:42:00,3.75,12553.0,France
553199,85175,CACTI T-LIGHT CANDLES,16,2011-05-15 15:13:00,0.42,17758.0,United Kingdom
559034,23256,CHILDRENS CUTLERY SPACEBOY ,4,2011-07-05 14:56:00,4.15,13109.0,United Kingdom
553369,23092,LARGE ANTIQUE WHITE PHOTO FRAME,4,2011-05-16 14:30:00,7.9,15044.0,United Kingdom
571932,21731,RED TOADSTOOL LED NIGHT LIGHT,1,2011-10-19 17:21:00,1.65,,United Kingdom
576617,20676,RED RETROSPOT BOWL,2,2011-11-15 16:57:00,2.46,,United Kingdom
558731,22079,RIBBON REEL HEARTS DESIGN ,10,2011-07-01 14:53:00,1.65,13285.0,United Kingdom
538630,22077,6 RIBBONS RUSTIC CHARM,12,2010-12-13 13:25:00,1.65,14565.0,United Kingdom
543255,21165,BEWARE OF THE CAT METAL SIGN ,12,2011-02-04 15:43:00,1.69,13050.0,United Kingdom
575983,21035,SET/2 RED RETROSPOT TEA TOWELS ,1,2011-11-13 13:45:00,3.25,13379.0,United Kingdom
556491,22384,LUNCH BAG PINK POLKADOT,4,2011-06-12 14:15:00,1.65,16794.0,United Kingdom
566203,23035,DRAWER KNOB CERAMIC IVORY,1,2011-09-09 14:47:00,1.45,16362.0,United Kingdom
548191,21561,DINOSAUR LUNCH BOX WITH CUTLERY,1,2011-03-29 15:20:00,4.96,,United Kingdom
541523,21528,DAIRY MAID TRADITIONAL TEAPOT ,3,2011-01-19 10:09:00,6.95,17708.0,United Kingdom
538071,22312,OFFICE MUG WARMER POLKADOT,1,2010-12-09 14:09:00,5.91,,United Kingdom
559338,22494,EMERGENCY FIRST AID TIN ,2,2011-07-07 16:30:00,2.46,,United Kingdom
580611,23103,JINGLE BELL HEART DECORATION,1,2011-12-05 11:49:00,1.65,12748.0,United Kingdom
548710,22570,FELTCRAFT CUSHION RABBIT,4,2011-04-03 13:24:00,3.75,16678.0,United Kingdom
563248,84978,HANGING HEART JAR T-LIGHT HOLDER,6,2011-08-15 11:30:00,1.25,14702.0,United Kingdom
550655,84870C,GREEN GEISHA GIRL ,2,2011-04-19 17:19:00,3.75,17217.0,United Kingdom
545333,21871,SAVE THE PLANET MUG,1,2011-03-01 16:22:00,3.29,,United Kingdom
C550177,20726,LUNCH BAG WOODLAND,-2,2011-04-14 17:17:00,1.65,13534.0,United Kingdom
537400,85123A,WHITE HANGING HEART T-LIGHT HOLDER,6,2010-12-06 14:36:00,2.95,17191.0,United Kingdom
561794,21929,JUMBO BAG PINK VINTAGE PAISLEY,10,2011-07-29 13:11:00,2.08,12921.0,United Kingdom
C576324,22141,CHRISTMAS CRAFT TREE TOP ANGEL,-1,2011-11-14 15:10:00,2.1,16161.0,United Kingdom
561926,23227,FILIGREE HEART BUTTERFLY WHITE ,24,2011-08-01 12:48:00,1.25,12749.0,United Kingdom
571668,23359,SET OF 12 T-LIGHTS VINTAGE DOILY,12,2011-10-18 13:10:00,1.95,16515.0,United Kingdom
575724,22112,CHOCOLATE HOT WATER BOTTLE,48,2011-11-10 18:37:00,4.25,14608.0,United Kingdom
549155,21213,PACK OF 72 SKULL CAKE CASES,2,2011-04-06 17:08:00,1.25,,United Kingdom
570180,22749,FELTCRAFT PRINCESS CHARLOTTE DOLL,4,2011-10-07 14:28:00,3.75,17509.0,United Kingdom
541104,21929,JUMBO BAG PINK VINTAGE PAISLEY,1,2011-01-13 14:29:00,4.13,,United Kingdom
541516,21259,VICTORIAN SEWING BOX SMALL ,1,2011-01-18 17:34:00,12.46,,United Kingdom
571669,22112,CHOCOLATE HOT WATER BOTTLE,2,2011-10-18 13:11:00,4.95,17758.0,United Kingdom
540821,22090,PAPER BUNTING RETROSPOT,1,2011-01-11 13:16:00,5.91,,United Kingdom
555722,20846,ZINC HEART LATTICE T-LIGHT HOLDER,1,2011-06-06 16:06:00,2.46,,United Kingdom
540163,22132,RED LOVE HEART SHAPE CUP,24,2011-01-05 11:52:00,0.85,13089.0,United Kingdom
569137,23229,VINTAGE DONKEY TAIL GAME ,1,2011-09-30 14:45:00,7.46,,United Kingdom
549743,22721,SET OF 3 CAKE TINS SKETCHBOOK,3,2011-04-12 10:05:00,4.95,16186.0,United Kingdom
547880,21975,PACK OF 60 DINOSAUR CAKE CASES,2,2011-03-27 16:05:00,0.55,15426.0,United Kingdom
581356,22692,DOORMAT WELCOME TO OUR HOME,2,2011-12-08 12:28:00,8.25,17830.0,United Kingdom
547860,22560,TRADITIONAL MODELLING CLAY,3,2011-03-27 12:21:00,1.25,17625.0,United Kingdom
540255,85034B,3 WHITE CHOC MORRIS BOXED CANDLES,1,2011-01-05 16:50:00,3.36,,United Kingdom
544462,22442,GROW YOUR OWN FLOWERS SET OF 3,2,2011-02-20 14:21:00,7.95,17050.0,United Kingdom
570218,22767,TRIPLE PHOTO FRAME CORNICE ,2,2011-10-09 12:20:00,9.95,16873.0,United Kingdom
550327,23254,CHILDRENS CUTLERY DOLLY GIRL ,4,2011-04-17 13:07:00,4.15,12878.0,United Kingdom
541370,22111,SCOTTIE DOG HOT WATER BOTTLE,3,2011-01-17 14:51:00,4.95,18179.0,United Kingdom
579512,22144,CHRISTMAS CRAFT LITTLE FRIENDS,3,2011-11-29 16:47:00,4.13,,United Kingdom
556195,23199,JUMBO BAG APPLES,10,2011-06-09 12:21:00,2.08,16745.0,United Kingdom
539735,21918,SET 12 KIDS COLOUR  CHALK STICKS,1,2010-12-21 15:17:00,0.81,,United Kingdom
559660,23168,CLASSIC CAFE SUGAR DISPENSER,64,2011-07-11 13:19:00,1.04,16701.0,United Kingdom
540098,21977,PACK OF 60 PINK PAISLEY CAKE CASES,1,2011-01-04 15:50:00,0.55,16241.0,United Kingdom
572964,22175,PINK OWL SOFT TOY,6,2011-10-27 10:41:00,2.95,12630.0,Finland
541434,C2,CARRIAGE,1,2011-01-18 10:22:00,50.0,14911.0,EIRE
568101,22950,36 DOILIES VINTAGE CHRISTMAS,24,2011-09-23 15:21:00,1.45,15978.0,United Kingdom
567671,21801,CHRISTMAS TREE DECORATION WITH BELL,4,2011-09-21 15:34:00,0.42,,United Kingdom
560724,23208,LUNCH BAG VINTAGE LEAF DESIGN,20,2011-07-20 13:55:00,1.65,16186.0,United Kingdom
576688,22966,GINGERBREAD MAN COOKIE CUTTER,12,2011-11-16 12:16:00,1.25,16717.0,United Kingdom
536412,22940,FELTCRAFT CHRISTMAS FAIRY,1,2010-12-01 11:49:00,4.25,17920.0,United Kingdom
558336,20725,LUNCH BAG RED RETROSPOT,20,2011-06-28 13:17:00,1.65,14364.0,United Kingdom
550906,79164,BLACK WINE GLASS,240,2011-04-21 12:34:00,0.39,14298.0,United Kingdom
545752,21703,BAG 125g SWIRLY MARBLES,96,2011-03-07 11:54:00,0.42,17381.0,United Kingdom
550953,22728,ALARM CLOCK BAKELIKE PINK,1,2011-04-21 16:17:00,7.46,,United Kingdom
569250,22460,EMBOSSED GLASS TEALIGHT HOLDER,12,2011-10-03 10:18:00,1.25,16747.0,United Kingdom
567380,21394,RED POLKADOT BEAKER ,48,2011-09-20 10:06:00,0.39,12620.0,France
561894,22277,COSMETIC BAG VINTAGE ROSE PAISLEY,1,2011-07-31 15:00:00,2.1,14456.0,United Kingdom
570465,90123A,PINK HEART OF GLASS BRACELET,1,2011-10-10 16:02:00,5.82,,United Kingdom
569469,22041,"RECORD FRAME 7"" SINGLE SIZE ",3,2011-10-04 12:22:00,2.55,16360.0,United Kingdom
572287,37340,MULTICOLOUR SPRING FLOWER MUG,6,2011-10-23 12:26:00,0.39,15584.0,United Kingdom
573335,21080,SET/20 RED RETROSPOT PAPER NAPKINS ,2,2011-10-30 11:35:00,0.85,15059.0,United Kingdom
559506,20669,RED HEART LUGGAGE TAG,1,2011-07-08 15:17:00,0.83,,United Kingdom
538886,22562,MONSTERS STENCIL CRAFT,12,2010-12-14 16:07:00,1.25,13846.0,United Kingdom
578347,90013B,BLACK VINTAGE EARRINGS,2,2011-11-24 09:26:00,4.15,,United Kingdom
547850,85130D,BEADED CRYSTAL HEART PINK LARGE,2,2011-03-27 12:06:00,1.65,14472.0,United Kingdom
580048,21429,RED GINGHAM ROSE JEWELLERY BOX,1,2011-12-01 12:53:00,1.95,12748.0,United Kingdom
570187,85078,SCANDINAVIAN 3 HEARTS NAPKIN RING,2,2011-10-07 15:09:00,1.63,,United Kingdom
552232,21630,FLOOR CUSHION ELEPHANT CARNIVAL,1,2011-05-06 15:54:00,18.29,,United Kingdom
539225,21356,TOAST ITS - FAIRY FLOWER,12,2010-12-16 13:02:00,1.25,15379.0,United Kingdom
549250,85030,FRENCH CHATEAU OVAL PLATTER,2,2011-04-07 12:10:00,1.95,14446.0,United Kingdom
545163,21878,PACK OF 6 SANDCASTLE FLAGS ASSORTED,12,2011-02-28 13:39:00,0.85,16607.0,United Kingdom
536563,22976,CIRCUS PARADE CHILDRENS EGG CUP ,24,2010-12-01 15:08:00,1.25,17760.0,United Kingdom
546998,84459B,YELLOW METAL CHICKEN HEART ,3,2011-03-18 13:32:00,1.49,16023.0,United Kingdom
563557,21977,PACK OF 60 PINK PAISLEY CAKE CASES,24,2011-08-17 13:33:00,0.55,15786.0,United Kingdom
545027,21244,BLUE POLKADOT PLATE ,7,2011-02-25 14:59:00,3.29,,United Kingdom
558540,22637,PIGGY BANK RETROSPOT ,6,2011-06-30 12:15:00,2.55,17706.0,United Kingdom
556542,22622,BOX OF VINTAGE ALPHABET BLOCKS,1,2011-06-13 12:52:00,11.95,14719.0,United Kingdom
570488,85036A,GARDENIA 1 WICK MORRIS BOXED CANDLE,1,2011-10-10 17:12:00,8.29,14096.0,United Kingdom
542229,21202,DOLLY HONEYCOMB GARLAND,12,2011-01-26 13:38:00,1.65,12474.0,Germany
541104,22258,FELT FARM ANIMAL RABBIT,1,2011-01-13 14:29:00,0.83,,United Kingdom
567625,23397,FOOT STOOL HOME SWEET HOME ,2,2011-09-21 12:55:00,9.95,13627.0,United Kingdom
578243,23355,HOT WATER BOTTLE KEEP CALM,12,2011-11-23 12:33:00,4.95,13448.0,United Kingdom
559121,22855,FINE WICKER HEART ,12,2011-07-06 12:18:00,1.25,13599.0,United Kingdom
545821,22371,AIRLINE BAG VINTAGE TOKYO 78,4,2011-03-07 12:50:00,4.25,13001.0,United Kingdom
581219,35095B,RED VICTORIAN FABRIC OVAL BOX,1,2011-12-08 09:28:00,0.83,,United Kingdom
550033,21931,JUMBO STORAGE BAG SUKI,2,2011-04-14 11:45:00,2.08,15005.0,United Kingdom
552819,22728,ALARM CLOCK BAKELIKE PINK,8,2011-05-11 12:50:00,3.75,16652.0,United Kingdom
577531,85049a,TRADITIONAL CHRISTMAS RIBBONS,1,2011-11-20 13:58:00,3.29,,United Kingdom
567659,21891,TRADITIONAL WOODEN SKIPPING ROPE,12,2011-09-21 14:55:00,1.45,17475.0,United Kingdom
564818,22356,CHARLOTTE BAG PINK POLKADOT,5,2011-08-30 12:10:00,1.63,,United Kingdom
579938,23562,SET OF 6 RIBBONS PERFECTLY PRETTY  ,6,2011-12-01 10:18:00,2.89,14146.0,United Kingdom
578037,22209,WOOD STAMP SET HAPPY BIRTHDAY,5,2011-11-22 14:10:00,0.5,,United Kingdom
543470,84380,SET OF 3 BUTTERFLY COOKIE CUTTERS,12,2011-02-08 14:58:00,1.25,16951.0,United Kingdom
554098,22029,SPACEBOY BIRTHDAY CARD,12,2011-05-22 13:01:00,0.42,14769.0,United Kingdom
563909,85204,HANGING WOOD AND FELT FLOWER,5,2011-08-21 12:36:00,0.12,15701.0,United Kingdom
572063,21850,BLUE  DIAMANTE PEN IN GIFT BOX,1,2011-10-20 12:57:00,4.95,14606.0,United Kingdom
550331,85202,HANGING WOOD AND FELT HEART,1,2011-04-17 13:43:00,0.42,15555.0,United Kingdom
539447,22630,DOLLY GIRL LUNCH BOX,12,2010-12-17 16:00:00,1.95,12395.0,Belgium
536522,84997C,BLUE 3 PIECE POLKADOT CUTLERY SET,1,2010-12-01 12:49:00,3.75,15012.0,United Kingdom
538566,90164B,WHITE  ROSEBUD PEARL BRACELET,1,2010-12-13 11:21:00,7.64,,United Kingdom
575152,22546,MINI JIGSAW PURDEY,3,2011-11-08 16:12:00,0.42,16284.0,United Kingdom
566589,22749,FELTCRAFT PRINCESS CHARLOTTE DOLL,4,2011-09-13 14:50:00,3.75,14753.0,United Kingdom
536973,22296,HEART IVORY TRELLIS LARGE,12,2010-12-03 13:43:00,1.65,17787.0,United Kingdom
580735,22274,FELTCRAFT DOLL EMILY,6,2011-12-06 08:52:00,2.95,17728.0,United Kingdom
554960,22502,PICNIC BASKET WICKER SMALL,1,2011-05-27 15:18:00,8.29,,United Kingdom
571909,20652,BLUE POLKADOT LUGGAGE TAG ,1,2011-10-19 15:08:00,1.25,15006.0,United Kingdom
562593,22352,LUNCH BOX WITH CUTLERY RETROSPOT ,2,2011-08-07 15:43:00,2.55,16549.0,United Kingdom
581439,23184,BULL DOG BOTTLE OPENER,1,2011-12-08 16:30:00,10.79,,United Kingdom
577554,47420,ASSORTED COLOUR SUCTION CUP HOOK,3,2011-11-20 15:35:00,0.19,15533.0,United Kingdom
551414,22413,METAL SIGN TAKE IT OR LEAVE IT ,6,2011-04-28 13:35:00,2.95,15622.0,United Kingdom
570826,23503,PLAYING CARDS KEEP CALM & CARRY ON,2,2011-10-12 13:14:00,1.25,16753.0,United Kingdom
573993,23513,EMBROIDERED RIBBON REEL SUSIE ,6,2011-11-02 11:23:00,2.08,16790.0,United Kingdom
536876,21986,PACK OF 12 PINK POLKADOT TISSUES,4,2010-12-03 11:36:00,0.85,,United Kingdom
564818,21246,RED RETROSPOT BIG BOWL,12,2011-08-30 12:10:00,4.13,,United Kingdom
536986,22694,WICKER STAR ,6,2010-12-03 14:40:00,2.1,16140.0,United Kingdom
576623,22071,SMALL WHITE RETROSPOT MUG IN BOX ,244,2011-11-15 17:12:00,0.5,12748.0,United Kingdom
575138,22294,HEART FILIGREE DOVE  SMALL,1,2011-11-08 15:24:00,2.46,,United Kingdom
578551,22945,CHRISTMAS METAL TAGS ASSORTED ,72,2011-11-24 15:05:00,0.85,12937.0,United Kingdom
577536,22335,HEART DECORATION PAINTED ZINC ,1,2011-11-20 14:14:00,0.65,15850.0,United Kingdom
570467,22139,RETROSPOT TEA SET CERAMIC 11 PC ,3,2011-10-10 16:06:00,4.95,12607.0,USA
569630,23293,SET OF 12 FAIRY CAKE BAKING CASES,8,2011-10-05 11:44:00,0.83,13458.0,United Kingdom
545714,82482,WOODEN PICTURE FRAME WHITE FINISH,4,2011-03-07 10:12:00,4.96,,United Kingdom
568791,22421,LIPSTICK PEN FUSCHIA,12,2011-09-29 09:51:00,0.42,16650.0,United Kingdom
542691,84978,HANGING HEART JAR T-LIGHT HOLDER,72,2011-01-31 12:34:00,1.06,13408.0,United Kingdom
538168,22731,3D CHRISTMAS STAMPS STICKERS ,9,2010-12-09 19:23:00,1.25,14702.0,United Kingdom
579692,21169,YOU'RE CONFUSING ME METAL SIGN ,48,2011-11-30 14:05:00,1.45,12433.0,Norway
574316,48129,DOORMAT TOPIARY,4,2011-11-03 18:45:00,8.25,17351.0,United Kingdom
558613,47591D,PINK FAIRY CAKE CHILDRENS APRON,8,2011-06-30 15:46:00,1.95,14911.0,EIRE
568558,22866,HAND WARMER SCOTTY DOG DESIGN,2,2011-09-27 16:28:00,2.1,16354.0,United Kingdom
573585,22367,CHILDRENS APRON SPACEBOY DESIGN,1,2011-10-31 14:41:00,4.13,,United Kingdom
566283,21166,COOK WITH WINE METAL SIGN ,12,2011-09-11 14:34:00,2.08,17838.0,United Kingdom
576274,20978,36 PENCILS TUBE SKULLS,1,2011-11-14 14:24:00,1.25,17793.0,United Kingdom
570690,23392,SPACEBOY ROCKET LOLLY MAKERS,1,2011-10-11 16:37:00,4.13,,United Kingdom
557316,22906,12 MESSAGE CARDS WITH ENVELOPES,2,2011-06-19 16:04:00,1.65,17299.0,United Kingdom
578303,47566,PARTY BUNTING,8,2011-11-23 15:39:00,4.95,14733.0,United Kingdom
575947,21232,STRAWBERRY CERAMIC TRINKET POT,17,2011-11-13 11:50:00,2.46,,United Kingdom
572549,21116,OWL DOORSTOP,1,2011-10-24 17:03:00,8.29,,United Kingdom
545587,22616,PACK OF 12 LONDON TISSUES ,12,2011-03-04 09:46:00,0.29,14796.0,United Kingdom
539488,22300,COFFEE MUG DOG + BALL DESIGN,12,2010-12-20 09:37:00,2.55,12377.0,Switzerland
581425,22659,LUNCH BOX I LOVE LONDON,1,2011-12-08 15:31:00,1.95,14796.0,United Kingdom
544766,22041,"RECORD FRAME 7"" SINGLE SIZE ",1,2011-02-23 11:09:00,4.96,,United Kingdom
538566,22567,20 DOLLY PEGS RETROSPOT,1,2010-12-13 11:21:00,2.51,,United Kingdom
563500,22915,ASSORTED BOTTLE TOP  MAGNETS ,120,2011-08-16 17:25:00,0.36,15856.0,United Kingdom
570229,21991,BOHEMIAN COLLAGE STATIONERY SET,1,2011-10-09 13:30:00,1.25,15756.0,United Kingdom
561209,82613C,"METAL SIGN,CUPCAKE SINGLE HOOK",1,2011-07-25 16:57:00,2.46,,United Kingdom
550986,22318,FIVE HEART HANGING DECORATION,1,2011-04-21 18:06:00,5.79,,United Kingdom
575141,20728,LUNCH BAG CARS BLUE,10,2011-11-08 15:35:00,1.65,15615.0,United Kingdom
536842,47590B,PINK HAPPY BIRTHDAY BUNTING,6,2010-12-02 18:45:00,5.45,17552.0,United Kingdom
572087,21209,MULTICOLOUR HONEYCOMB FAN,12,2011-10-20 14:30:00,0.39,12683.0,France
538566,85132A,CHARLIE + LOLA BISCUITS TINS,1,2010-12-13 11:21:00,8.47,,United Kingdom
542890,21169,YOU'RE CONFUSING ME METAL SIGN ,5,2011-02-01 13:25:00,1.69,15311.0,United Kingdom
566913,22152,PLACE SETTING WHITE STAR,24,2011-09-15 14:07:00,0.42,17602.0,United Kingdom
563712,22728,ALARM CLOCK BAKELIKE PINK,4,2011-08-18 15:44:00,3.75,12680.0,France
573362,21441,BLUE BIRDHOUSE DECORATION,12,2011-10-30 13:06:00,0.85,12597.0,Spain
567085,48138,DOORMAT UNION FLAG,2,2011-09-16 12:38:00,8.25,12434.0,Australia
580544,22561,WOODEN SCHOOL COLOURING SET,12,2011-12-05 09:15:00,1.65,15156.0,United Kingdom
580468,22227,HANGING HEART MIRROR DECORATION ,4,2011-12-04 12:31:00,0.65,12748.0,United Kingdom
580115,23379,PACK OF 12 RED APPLE TISSUES,1,2011-12-01 16:22:00,0.83,,United Kingdom
579103,21892,TRADITIONAL WOODEN CATCH CUP GAME ,1,2011-11-28 11:39:00,1.25,18041.0,United Kingdom
569100,23389,SPACEBOY MINI BACKPACK,2,2011-09-30 12:19:00,4.15,12748.0,United Kingdom
545709,22556,PLASTERS IN TIN CIRCUS PARADE ,12,2011-03-07 09:49:00,1.65,12708.0,Germany
545221,22963,JAM JAR WITH GREEN LID,12,2011-03-01 08:35:00,0.85,14740.0,United Kingdom
572306,21672,WHITE SPOT RED CERAMIC DRAWER KNOB,2,2011-10-23 15:11:00,1.45,17841.0,United Kingdom
552231,22433,WATERING CAN GREEN DINOSAUR,2,2011-05-06 15:47:00,1.95,17364.0,United Kingdom
569896,21373,MIRRORED WALL ART SNOWFLAKES,4,2011-10-06 15:58:00,0.75,,United Kingdom
568094,22600,CHRISTMAS RETROSPOT STAR WOOD,12,2011-09-23 14:43:00,0.85,15807.0,United Kingdom
564961,23060,HEART BEADED TRELLIS DECORATION,6,2011-08-31 14:28:00,2.08,14525.0,United Kingdom
558614,21519,GIN & TONIC DIET GREETING CARD ,1,2011-06-30 15:56:00,0.83,,United Kingdom
562156,72741,GRAND CHOCOLATECANDLE,18,2011-08-03 11:35:00,1.45,14401.0,United Kingdom
541870,21993,FLORAL FOLK STATIONERY SET,1,2011-01-24 09:39:00,2.46,,United Kingdom
547349,21109,LARGE CAKE TOWEL CHOCOLATE SPOTS,2,2011-03-22 12:02:00,6.75,15132.0,United Kingdom
556636,20725,LUNCH BAG RED RETROSPOT,1,2011-06-13 15:30:00,4.13,,United Kingdom
569372,85032D,YULETIDE IMAGES GIFT WRAP SET,1,2011-10-03 16:04:00,1.63,,United Kingdom
550805,47590A,BLUE HAPPY BIRTHDAY BUNTING,3,2011-04-20 15:38:00,5.45,13162.0,United Kingdom
569739,35964,FOLKART CLIP ON STARS,36,2011-10-06 10:48:00,0.39,14911.0,EIRE
540779,22666,RECIPE BOX PANTRY YELLOW DESIGN,6,2011-01-11 11:18:00,2.95,15346.0,United Kingdom
558371,20961,STRAWBERRY BATH SPONGE ,2,2011-06-28 15:44:00,2.46,,United Kingdom
567742,23144,ZINC T-LIGHT HOLDER STARS SMALL,12,2011-09-22 10:47:00,0.83,14261.0,United Kingdom
543630,21446,12 RED ROSE PEG PLACE SETTINGS,2,2011-02-10 16:01:00,1.25,15046.0,United Kingdom
538168,22111,SCOTTIE DOG HOT WATER BOTTLE,2,2010-12-09 19:23:00,4.95,14702.0,United Kingdom
564848,22775,PURPLE DRAWERKNOB ACRYLIC EDWARDIAN,60,2011-08-30 15:37:00,1.25,16928.0,United Kingdom
542103,21063,PARTY INVITES JAZZ HEARTS,12,2011-01-25 13:26:00,0.85,13198.0,United Kingdom
553671,72351A,SET/6 TURQUOISE BUTTERFLY T-LIGHTS,12,2011-05-18 12:37:00,2.1,13659.0,United Kingdom
581356,22969,HOMEMADE JAM SCENTED CANDLES,12,2011-12-08 12:28:00,1.45,17830.0,United Kingdom
538518,20712,JUMBO BAG WOODLAND ANIMALS,3,2010-12-12 16:14:00,1.95,14505.0,United Kingdom
538524,22533,MAGIC DRAWING SLATE BAKE A CAKE ,1,2010-12-13 09:35:00,0.85,,United Kingdom
546388,84029G,KNITTED UNION FLAG HOT WATER BOTTLE,2,2011-03-11 13:42:00,8.29,,United Kingdom
541849,85123A,WHITE HANGING HEART T-LIGHT HOLDER,1,2011-01-23 13:34:00,2.95,13230.0,United Kingdom
536759,21844,RED RETROSPOT MUG,6,2010-12-02 14:26:00,2.95,16781.0,United Kingdom
560918,23296,SET OF 6 TEA TIME BAKING CASES,12,2011-07-21 18:27:00,1.25,14849.0,United Kingdom
540095,22292,HANGING CHICK  YELLOW DECORATION,4,2011-01-04 15:40:00,1.45,14553.0,United Kingdom
570000,23245,SET OF 3 REGENCY CAKE TINS,4,2011-10-07 08:55:00,4.95,12420.0,Cyprus
550470,79030G,TUMBLER NEW ENGLAND,1,2011-04-18 13:49:00,5.79,,United Kingdom
547385,22087,PAPER BUNTING WHITE LACE,4,2011-03-22 15:48:00,5.79,,United Kingdom
559055,21754,HOME BUILDING BLOCK WORD,1,2011-07-05 17:09:00,11.63,,United Kingdom
572283,22899,CHILDREN'S APRON DOLLY GIRL ,2,2011-10-23 11:42:00,2.1,15000.0,United Kingdom
578844,21871,SAVE THE PLANET MUG,1,2011-11-25 16:14:00,3.29,,United Kingdom
543164,22789,T-LIGHT HOLDER SWEETHEART HANGING,4,2011-02-03 19:32:00,1.95,13208.0,United Kingdom
537237,22807,SET OF 6 T-LIGHTS TOADSTOOLS,1,2010-12-06 09:58:00,5.91,,United Kingdom
580469,22072,RED RETROSPOT TEA CUP AND SAUCER ,4,2011-12-04 12:32:00,1.25,14583.0,United Kingdom
550334,48138,DOORMAT UNION FLAG,1,2011-04-17 14:09:00,7.95,17320.0,United Kingdom
562517,23307,SET OF 60 PANTRY DESIGN CAKE CASES ,12,2011-08-05 12:27:00,0.55,15719.0,United Kingdom
556579,23167,SMALL CERAMIC TOP STORAGE JAR ,12,2011-06-13 14:16:00,0.83,15069.0,United Kingdom
562850,22356,CHARLOTTE BAG PINK POLKADOT,30,2011-08-10 10:08:00,0.85,14680.0,United Kingdom
552244,22296,HEART IVORY TRELLIS LARGE,1,2011-05-06 19:39:00,1.65,12748.0,United Kingdom
542246,21756,BATH BUILDING BLOCK WORD,3,2011-01-26 15:31:00,5.95,15227.0,United Kingdom
537224,22153,ANGEL DECORATION STARS ON DRESS,48,2010-12-05 16:24:00,0.42,13174.0,United Kingdom
572549,21329,DINOSAURS  WRITING SET ,1,2011-10-24 17:03:00,3.29,,United Kingdom
553718,37446,MINI CAKE STAND WITH HANGING CAKES,1,2011-05-18 16:14:00,3.29,,United Kingdom
569374,23640,SET 10 CARDS SCOTTIE DOG 17211,1,2011-10-03 16:14:00,2.49,,United Kingdom
569143,21499,BLUE POLKADOT WRAP,25,2011-09-30 15:04:00,0.42,15867.0,United Kingdom
578354,23583,LUNCH BAG PAISLEY PARK  ,20,2011-11-24 10:12:00,1.65,17139.0,United Kingdom
541292,22133,PINK LOVE HEART SHAPE CUP,12,2011-01-17 13:30:00,0.85,15596.0,United Kingdom
570886,72802A,ROSE SCENT CANDLE IN JEWELLED BOX,18,2011-10-13 10:23:00,3.81,13777.0,United Kingdom
552320,21559,STRAWBERRY LUNCH BOX WITH CUTLERY,12,2011-05-09 08:26:00,2.55,13985.0,United Kingdom
579145,23300,GARDENERS KNEELING PAD CUP OF TEA ,24,2011-11-28 13:13:00,1.65,14597.0,United Kingdom
576876,22865,HAND WARMER OWL DESIGN,4,2011-11-16 16:42:00,2.1,16804.0,United Kingdom
581436,22727,ALARM CLOCK BAKELIKE RED ,4,2011-12-08 16:18:00,3.75,17491.0,United Kingdom
575177,21750,LARGE SKULL WINDMILL,1,2011-11-08 18:41:00,4.13,,United Kingdom
547090,85150,LADIES & GENTLEMEN METAL SIGN,6,2011-03-20 16:12:00,2.55,17230.0,United Kingdom
550496,22132,RED LOVE HEART SHAPE CUP,2,2011-04-18 15:05:00,0.85,,United Kingdom
570479,22553,PLASTERS IN TIN SKULLS,6,2011-10-10 16:58:00,1.65,17589.0,United Kingdom
580983,22961,JAM MAKING SET PRINTED,12,2011-12-06 16:26:00,3.29,,United Kingdom
562339,20724,RED RETROSPOT CHARLOTTE BAG,4,2011-08-04 11:59:00,0.85,13571.0,United Kingdom
564305,21210,SET OF 72 RETROSPOT PAPER  DOILIES,12,2011-08-24 12:20:00,1.45,14875.0,United Kingdom
565519,22698,PINK REGENCY TEACUP AND SAUCER,6,2011-09-05 11:52:00,2.95,12502.0,Spain
559816,84947,ANTIQUE SILVER TEA GLASS ENGRAVED,1,2011-07-12 16:11:00,2.46,,United Kingdom
540848,90190B,GOLD/AMBER DROP EARRINGS W LEAF,2,2011-01-12 09:26:00,2.96,,United Kingdom
567866,23169,CLASSIC GLASS COOKIE JAR,6,2011-09-22 14:13:00,4.15,16669.0,United Kingdom
563425,23320,GIANT 50'S CHRISTMAS CRACKER,24,2011-08-16 11:37:00,2.89,15140.0,United Kingdom
580679,21718,RED METAL BEACH SPADE ,12,2011-12-05 14:49:00,1.25,18198.0,United Kingdom
549368,22753,SMALL YELLOW BABUSHKA NOTEBOOK ,1,2011-04-08 11:26:00,0.85,18036.0,United Kingdom
540995,84870B,BLUE GEISHA GIRL ,1,2011-01-13 09:30:00,2.46,,United Kingdom
564383,23245,SET OF 3 REGENCY CAKE TINS,16,2011-08-25 10:49:00,4.15,15251.0,United Kingdom
550471,21380,WOODEN HAPPY BIRTHDAY GARLAND,1,2011-04-18 13:52:00,5.79,,United Kingdom
560569,85014A,BLACK/BLUE POLKADOT UMBRELLA,3,2011-07-19 14:04:00,5.95,12480.0,Germany
567671,21786,POLKADOT RAIN HAT ,1,2011-09-21 15:34:00,0.83,,United Kingdom
547730,22649,STRAWBERRY FAIRY CAKE TEAPOT,3,2011-03-25 11:01:00,4.95,14796.0,United Kingdom
561247,23235,STORAGE TIN VINTAGE LEAF,6,2011-07-26 11:38:00,2.89,16592.0,United Kingdom
541421,20717,STRAWBERRY SHOPPER BAG,30,2011-01-17 17:44:00,0.83,,United Kingdom
545035,82600,NO SINGING METAL SIGN,6,2011-02-25 17:03:00,2.1,15078.0,United Kingdom
579301,85123A,WHITE HANGING HEART T-LIGHT HOLDER,3,2011-11-29 11:32:00,2.95,18118.0,United Kingdom
567424,21913,VINTAGE SEASIDE JIGSAW PUZZLES,1,2011-09-20 11:16:00,3.75,16369.0,United Kingdom
551136,22430,ENAMEL WATERING CAN CREAM,4,2011-04-26 13:05:00,4.95,15301.0,United Kingdom
543518,85232A,SET/3 POLKADOT STACKING TINS,24,2011-02-09 11:21:00,4.25,12753.0,Japan
544304,72351A,SET/6 TURQUOISE BUTTERFLY T-LIGHTS,2,2011-02-17 13:47:00,2.1,18125.0,United Kingdom
571716,21977,PACK OF 60 PINK PAISLEY CAKE CASES,1,2011-10-18 17:05:00,1.25,,United Kingdom
575868,23192,BUNDLE OF 3 ALPHABET EXERCISE BOOKS,12,2011-11-11 12:44:00,1.65,12985.0,United Kingdom
546389,21523,DOORMAT FANCY FONT HOME SWEET HOME,2,2011-03-11 13:56:00,7.95,16801.0,United Kingdom
539434,84375,SET OF 20 KIDS COOKIE CUTTERS,1,2010-12-17 14:41:00,4.21,,United Kingdom
574965,22733,3D TRADITIONAL CHRISTMAS STICKERS,3,2011-11-08 10:44:00,1.25,17964.0,United Kingdom
581219,23266,SET OF 3 WOODEN STOCKING DECORATION,4,2011-12-08 09:28:00,2.46,,United Kingdom
567167,22727,ALARM CLOCK BAKELIKE RED ,1,2011-09-18 12:21:00,3.75,15547.0,United Kingdom
568955,84988,SET OF 72 PINK HEART PAPER DOILIES,12,2011-09-29 15:40:00,1.45,13759.0,United Kingdom
578347,22944,CHRISTMAS METAL POSTCARD WITH BELLS,18,2011-11-24 09:26:00,0.97,,United Kingdom
540700,21577,SAVE THE PLANET COTTON TOTE BAG,12,2011-01-11 09:47:00,2.25,12393.0,Australia
537648,20971,PINK BLUE FELT CRAFT TRINKET BOX,12,2010-12-07 15:48:00,1.25,12839.0,United Kingdom
543172,22149,FELTCRAFT 6 FLOWER FRIENDS,1,2011-02-04 09:11:00,4.96,,United Kingdom
547785,22520,CHILDS GARDEN TROWEL BLUE ,2,2011-03-25 11:41:00,0.85,13097.0,United Kingdom
546133,21914,BLUE HARMONICA IN BOX ,12,2011-03-09 15:20:00,1.25,14291.0,United Kingdom
579286,84692,BOX OF 24 COCKTAIL PARASOLS,1,2011-11-29 10:57:00,0.42,17772.0,United Kingdom
579881,35599B,BLACK CHRISTMAS TREE 120CM,12,2011-11-30 17:22:00,1.95,12429.0,Denmark
561799,22485,SET OF 2 WOODEN MARKET CRATES,2,2011-07-29 13:46:00,12.75,15776.0,United Kingdom
562670,20914,SET/5 RED RETROSPOT LID GLASS BOWLS,6,2011-08-08 13:42:00,2.95,14911.0,EIRE
569936,22180,RETROSPOT LAMP,2,2011-10-06 17:52:00,9.95,17490.0,United Kingdom
568152,23231,WRAP  VINTAGE DOILY ,25,2011-09-25 11:40:00,0.42,16480.0,United Kingdom
554075,37446,MINI CAKE STAND WITH HANGING CAKES,8,2011-05-22 11:29:00,1.45,16038.0,United Kingdom
575855,21671,RED SPOT CERAMIC DRAWER KNOB,2,2011-11-11 12:24:00,1.45,14527.0,United Kingdom
562610,21891,TRADITIONAL WOODEN SKIPPING ROPE,432,2011-08-08 11:56:00,1.25,16333.0,United Kingdom
558311,23144,ZINC T-LIGHT HOLDER STARS SMALL,144,2011-06-28 11:22:00,0.72,14646.0,Netherlands
562348,23051,RECYCLED ACAPULCO MAT BLUE,2,2011-08-04 12:36:00,8.25,17511.0,United Kingdom
542620,22171,3 HOOK PHOTO SHELF ANTIQUE WHITE,2,2011-01-31 08:56:00,8.5,13089.0,United Kingdom
563638,22315,200 RED + WHITE BENDY STRAWS,96,2011-08-18 10:36:00,1.06,15311.0,United Kingdom
558862,22082,RIBBON REEL STRIPES DESIGN ,10,2011-07-04 12:25:00,1.65,13901.0,United Kingdom
556484,84673B,BLUE FLY SWAT,3,2011-06-12 13:17:00,0.65,16938.0,United Kingdom
546896,23051,RECYCLED ACAPULCO MAT BLUE,1,2011-03-17 18:24:00,16.63,,United Kingdom
546007,21509,COWBOYS AND INDIANS BIRTHDAY CARD ,2,2011-03-08 15:34:00,0.83,,United Kingdom
576329,35471D,SET OF 3 BIRD LIGHT PINK FEATHER ,6,2011-11-14 15:22:00,1.25,,United Kingdom
566675,23432,PRETTY HANGING QUILTED HEARTS,12,2011-09-14 11:42:00,0.83,15105.0,United Kingdom
544888,20998,ROSE DU SUD OVEN GLOVE,6,2011-02-24 11:55:00,2.95,14231.0,United Kingdom
548404,37447,CERAMIC CAKE DESIGN SPOTTED PLATE,12,2011-03-31 09:38:00,1.49,16398.0,United Kingdom
554280,20972,PINK CREAM FELT CRAFT TRINKET BOX ,12,2011-05-23 13:35:00,1.25,14817.0,United Kingdom
536401,22428,ENAMEL FIRE BUCKET CREAM,2,2010-12-01 11:21:00,6.95,15862.0,United Kingdom
580729,22951,60 CAKE CASES DOLLY GIRL DESIGN,2,2011-12-05 17:24:00,1.25,,United Kingdom
570842,22113,GREY HEART HOT WATER BOTTLE,4,2011-10-12 14:21:00,4.25,17676.0,United Kingdom
545423,22424,ENAMEL BREAD BIN CREAM,1,2011-03-02 14:34:00,12.75,15643.0,United Kingdom
572552,51014A,"FEATHER PEN,HOT PINK",20,2011-10-24 17:07:00,0.83,14096.0,United Kingdom
540943,20972,PINK CREAM FELT CRAFT TRINKET BOX ,5,2011-01-12 12:31:00,1.25,17841.0,United Kingdom
575661,22734,SET OF 6 RIBBONS VINTAGE CHRISTMAS,10,2011-11-10 14:39:00,2.89,12617.0,France
537638,84946,ANTIQUE SILVER TEA GLASS ETCHED,54,2010-12-07 15:28:00,2.51,,United Kingdom
581405,22099,CARAVAN SQUARE TISSUE BOX,1,2011-12-08 13:50:00,0.39,13521.0,United Kingdom
563189,47566,PARTY BUNTING,4,2011-08-12 15:22:00,4.95,12682.0,France
577504,22097,SWALLOW SQUARE TISSUE BOX,4,2011-11-20 12:36:00,0.39,14159.0,United Kingdom
575516,23531,WALL ART BIG LOVE ,3,2011-11-10 10:45:00,6.95,17340.0,United Kingdom
575896,79051A,SMOKEY GREY COLOUR GLASS,48,2011-11-11 14:52:00,0.29,12480.0,Germany
540288,21158,MOODY GIRL DOOR HANGER ,1,2011-01-06 12:45:00,1.45,17634.0,United Kingdom
C549786,21381,MINI WOODEN HAPPY BIRTHDAY GARLAND,-24,2011-04-12 11:58:00,1.69,14071.0,United Kingdom
568215,23176,ABC TREASURE BOOK BOX ,8,2011-09-26 08:38:00,2.25,13390.0,United Kingdom
571652,23076,ICE CREAM SUNDAE LIP GLOSS,24,2011-10-18 12:17:00,1.25,,Hong Kong
545320,22935,BAKING MOULD ROSE MILK CHOCOLATE,72,2011-03-01 14:47:00,2.75,14156.0,EIRE
556721,22927,GREEN GIANT GARDEN THERMOMETER,2,2011-06-14 11:23:00,5.95,15218.0,United Kingdom
580536,22302,COFFEE MUG PEARS  DESIGN,6,2011-12-04 16:07:00,2.55,12490.0,France
553549,82551,LAUNDRY 15C METAL SIGN,1,2011-05-17 16:09:00,2.46,,United Kingdom
559898,22734,SET OF 6 RIBBONS VINTAGE CHRISTMAS,2,2011-07-13 12:18:00,2.89,16225.0,United Kingdom
574249,21809,CHRISTMAS HANGING TREE WITH BELL,1,2011-11-03 13:01:00,0.39,16347.0,United Kingdom
574936,23366,SET 12 COLOURING PENCILS DOILY,3,2011-11-07 17:06:00,0.65,13066.0,United Kingdom
581570,22834,HAND WARMER BABUSHKA DESIGN,12,2011-12-09 11:59:00,2.1,12662.0,Germany
546649,84988,SET OF 72 PINK HEART PAPER DOILIES,2,2011-03-15 14:17:00,3.75,,United Kingdom
565150,23325,RUSTIC STRAWBERRY JAM POT SMALL,12,2011-09-01 14:26:00,1.45,14298.0,United Kingdom
554986,21329,DINOSAURS  WRITING SET ,3,2011-05-29 12:35:00,1.65,14451.0,United Kingdom
567910,22090,PAPER BUNTING RETROSPOT,12,2011-09-22 16:58:00,2.95,12437.0,France
562955,21257,VICTORIAN SEWING BOX MEDIUM,6,2011-08-11 10:14:00,15.79,,United Kingdom
562341,22385,JUMBO BAG SPACEBOY DESIGN,2,2011-08-04 12:13:00,2.08,15005.0,United Kingdom
540992,22077,6 RIBBONS RUSTIC CHARM,4,2011-01-12 16:57:00,1.65,17364.0,United Kingdom
536876,21098,CHRISTMAS TOILET ROLL,17,2010-12-03 11:36:00,2.51,,United Kingdom
569238,22085,PAPER CHAIN KIT SKULLS ,3,2011-10-02 15:52:00,2.95,17954.0,United Kingdom
543275,90010E,AMBER GLASS/SILVER BRACELET,1,2011-02-06 12:49:00,8.95,13584.0,United Kingdom
566329,21216,"SET 3 RETROSPOT TEA,COFFEE,SUGAR",2,2011-09-12 12:20:00,4.95,14527.0,United Kingdom
538349,90022,EDWARDIAN DROP EARRINGS JET BLACK,1,2010-12-10 14:59:00,3.81,,United Kingdom
569965,22667,RECIPE BOX RETROSPOT ,4,2011-10-06 18:47:00,2.95,18109.0,United Kingdom
564818,22383,LUNCH BAG SUKI DESIGN ,2,2011-08-30 12:10:00,4.13,,United Kingdom
551008,22411,JUMBO SHOPPER VINTAGE RED PAISLEY,1,2011-04-26 09:50:00,4.13,,United Kingdom
537764,84030E,ENGLISH ROSE HOT WATER BOTTLE,1,2010-12-08 12:06:00,4.25,16893.0,United Kingdom
545996,23184,BULL DOG BOTTLE OPENER,6,2011-03-08 14:12:00,4.95,14367.0,United Kingdom
545713,22112,CHOCOLATE HOT WATER BOTTLE,1,2011-03-07 10:11:00,5.79,,United Kingdom
572662,23316,RED REFECTORY CLOCK ,1,2011-10-25 12:54:00,9.95,15443.0,United Kingdom
541523,21534,DAIRY MAID LARGE MILK JUG,2,2011-01-19 10:09:00,4.95,17708.0,United Kingdom
544452,85125,SMALL ROUND CUT GLASS CANDLESTICK,2,2011-02-20 12:32:00,4.95,14162.0,United Kingdom
571430,22617,BAKING SET SPACEBOY DESIGN,24,2011-10-17 12:51:00,4.25,13090.0,United Kingdom
552883,23175,REGENCY MILK JUG PINK ,48,2011-05-12 10:13:00,2.75,14646.0,Netherlands
581219,22558,CLOTHES PEGS RETROSPOT PACK 24 ,3,2011-12-08 09:28:00,3.29,,United Kingdom
560451,22956,36 FOIL HEART CAKE CASES,12,2011-07-19 09:50:00,2.1,14911.0,EIRE
578925,22972,CHILDREN'S SPACEBOY MUG,3,2011-11-27 12:13:00,1.65,17365.0,United Kingdom
561915,84947,ANTIQUE SILVER TEA GLASS ENGRAVED,6,2011-08-01 11:23:00,1.25,14408.0,United Kingdom
C556268,22699,ROSES REGENCY TEACUP AND SAUCER ,-1,2011-06-09 19:34:00,2.95,13317.0,United Kingdom
542893,21136,PAINTED METAL PEARS ASSORTED,16,2011-02-01 13:36:00,1.69,18202.0,United Kingdom
545526,22697,GREEN REGENCY TEACUP AND SAUCER,2,2011-03-03 13:14:00,2.95,17789.0,United Kingdom
574691,22766,PHOTO FRAME CORNICE,2,2011-11-06 13:17:00,2.95,14174.0,United Kingdom
580644,22508,DOORSTOP RETROSPOT HEART,1,2011-12-05 13:10:00,3.75,16904.0,United Kingdom
554058,22680,FRENCH BLUE METAL DOOR SIGN 5,1,2011-05-20 16:04:00,1.25,17757.0,United Kingdom
576326,23321,SMALL WHITE HEART OF WICKER,4,2011-11-14 15:18:00,1.65,16504.0,United Kingdom
C543635,84949,SILVER HANGING T-LIGHT HOLDER,-6,2011-02-10 16:33:00,1.65,13894.0,United Kingdom
553869,23173,REGENCY TEAPOT ROSES ,2,2011-05-19 14:27:00,9.95,15394.0,United Kingdom
538148,85152,HAND OVER THE CHOCOLATE   SIGN ,2,2010-12-09 16:26:00,4.21,,United Kingdom
569415,23351,ROLL WRAP 50'S CHRISTMAS,1,2011-10-04 10:14:00,2.46,,United Kingdom
564974,22672,FRENCH BATHROOM SIGN BLUE METAL,1,2011-08-31 15:32:00,3.29,,United Kingdom
541497,22640,SET OF 4 NAPKIN CHARMS 3 KEYS ,15,2011-01-18 15:19:00,1.63,,United Kingdom
555399,20726,LUNCH BAG WOODLAND,3,2011-06-02 17:41:00,1.65,15555.0,United Kingdom
576617,23396,LE JARDIN BOTANIQUE CUSHION COVER,1,2011-11-15 16:57:00,10.79,,United Kingdom
581123,22158,3 HEARTS HANGING DECORATION RUSTIC,8,2011-12-07 12:34:00,2.95,15750.0,United Kingdom
545333,35915C,PEACH KNITTED HEN ,3,2011-03-01 16:22:00,0.83,,United Kingdom
578544,23525,WALL ART BUFFALO BILL ,6,2011-11-24 15:01:00,3.75,17096.0,United Kingdom
562162,22890,NOVELTY BISCUITS CAKE STAND 3 TIER,1,2011-08-03 12:03:00,9.95,12841.0,United Kingdom
564198,21787,RAIN PONCHO RETROSPOT,2,2011-08-23 17:18:00,0.85,14418.0,United Kingdom
541592,22438,BALLOON ART MAKE YOUR OWN FLOWERS,4,2011-01-19 15:08:00,1.63,,United Kingdom
539836,85123A,WHITE HANGING HEART T-LIGHT HOLDER,5,2010-12-22 13:46:00,2.95,17894.0,United Kingdom
538831,22759,SET OF 3 NOTEBOOKS IN PARCEL,12,2010-12-14 13:02:00,1.65,18144.0,United Kingdom
574328,22580,ADVENT CALENDAR GINGHAM SACK,12,2011-11-04 09:05:00,5.95,13081.0,United Kingdom
575176,84947,ANTIQUE SILVER TEA GLASS ENGRAVED,1,2011-11-08 18:29:00,2.46,,United Kingdom
579408,23123,COCKTAIL SWORDS 50 PIECES,1,2011-11-29 12:34:00,0.83,14701.0,United Kingdom
579257,23681,LUNCH BAG RED VINTAGE DOILY,100,2011-11-29 08:14:00,1.45,15619.0,United Kingdom
568654,72818,CHRISTMAS DECOUPAGE CANDLE,12,2011-09-28 12:20:00,0.85,14911.0,EIRE
565920,23158,SET OF 5 LUCKY CAT MAGNETS ,12,2011-09-08 08:56:00,2.08,15298.0,United Kingdom
559310,21927,BLUE/CREAM STRIPE CUSHION COVER ,12,2011-07-07 13:33:00,1.25,15505.0,United Kingdom
575516,84997D,CHILDRENS CUTLERY POLKADOT PINK,4,2011-11-10 10:45:00,4.15,17340.0,United Kingdom
536840,84991,60 TEATIME FAIRY CAKE CASES,24,2010-12-02 18:27:00,0.55,12738.0,Germany
559038,22489,PACK OF 12 TRADITIONAL CRAYONS,5,2011-07-05 15:31:00,1.25,,United Kingdom
544453,22117,METAL SIGN HER DINNER IS SERVED ,2,2011-02-20 13:06:00,2.95,17214.0,United Kingdom
580367,22745,POPPY'S PLAYHOUSE BEDROOM ,1,2011-12-02 16:39:00,4.13,,United Kingdom
566421,23109,PACK OF SIX LED TEA LIGHTS,18,2011-09-12 13:55:00,2.89,12924.0,United Kingdom
559527,85152,HAND OVER THE CHOCOLATE   SIGN ,6,2011-07-10 11:24:00,2.1,17787.0,United Kingdom
551468,22457,NATURAL SLATE HEART CHALKBOARD ,2,2011-04-28 16:21:00,5.79,,United Kingdom
566033,22633,HAND WARMER UNION JACK,3,2011-09-08 13:07:00,2.1,16031.0,United Kingdom
537963,37449,CERAMIC CAKE STAND + HANGING CAKES,2,2010-12-09 11:30:00,9.95,13369.0,United Kingdom
550911,23008,DOLLY GIRL BABY GIFT SET,1,2011-04-21 13:11:00,16.95,12354.0,Spain
568696,23405,HOME SWEET HOME 2 DRAWER CABINET,4,2011-09-28 14:56:00,4.95,13842.0,United Kingdom
559338,23096,PETIT TRAY CHIC,1,2011-07-07 16:30:00,3.29,,United Kingdom
541684,20961,STRAWBERRY BATH SPONGE ,21,2011-01-20 15:22:00,1.25,15498.0,United Kingdom
555574,23010,CIRCUS PARADE BABY GIFT SET,1,2011-06-05 15:46:00,16.95,12417.0,Belgium
565338,23293,SET OF 12 FAIRY CAKE BAKING CASES,8,2011-09-02 14:39:00,0.83,14948.0,United Kingdom
538849,22904,CALENDAR PAPER CUT DESIGN,4,2010-12-14 13:31:00,2.95,14415.0,United Kingdom
552320,22382,LUNCH BAG SPACEBOY DESIGN ,10,2011-05-09 08:26:00,1.65,13985.0,United Kingdom
580115,22697,GREEN REGENCY TEACUP AND SAUCER,1,2011-12-01 16:22:00,5.79,,United Kingdom
581219,22586,FELTCRAFT HAIRBAND PINK AND BLUE,1,2011-12-08 09:28:00,1.63,,United Kingdom
544157,22544,MINI JIGSAW SPACEBOY,24,2011-02-16 12:46:00,0.42,12372.0,Denmark
540371,82484,WOOD BLACK BOARD ANT WHITE FINISH,3,2011-01-06 16:35:00,6.45,14312.0,United Kingdom
545238,21122,SET/10 PINK POLKADOT PARTY CANDLES,24,2011-03-01 11:02:00,1.25,15241.0,United Kingdom
547042,21775,DECORATIVE FLORE BATHROOM BOTTLE,2,2011-03-20 11:00:00,2.46,,United Kingdom
564840,22947,WOODEN ADVENT CALENDAR RED,1,2011-08-30 12:49:00,16.63,,United Kingdom
551305,85094,CANDY SPOT EGG WARMER RABBIT,48,2011-04-27 14:58:00,0.19,16145.0,United Kingdom
564556,23148,MINIATURE ANTIQUE ROSE HOOK IVORY,2,2011-08-25 19:48:00,0.83,12748.0,United Kingdom
541830,84050,PINK HEART SHAPE EGG FRYING PAN,2,2011-01-21 17:09:00,4.13,,United Kingdom
577539,23452,HEART MINI PORTRAIT FRAME,18,2011-11-20 14:24:00,1.95,14547.0,United Kingdom
568216,22668,PINK BABY BUNTING,10,2011-09-26 09:28:00,2.95,16168.0,United Kingdom
562539,21948,SET OF 6 CAKE CHOPSTICKS,4,2011-08-05 15:30:00,1.25,17220.0,United Kingdom
575610,22866,HAND WARMER SCOTTY DOG DESIGN,12,2011-11-10 12:45:00,2.1,16628.0,United Kingdom
547109,20725,LUNCH BAG RED RETROSPOT,10,2011-03-21 11:46:00,1.65,12423.0,Belgium
575177,22065,CHRISTMAS PUDDING TRINKET POT ,10,2011-11-08 18:41:00,1.63,,United Kingdom
546387,22966,GINGERBREAD MAN COOKIE CUTTER,24,2011-03-11 13:34:00,1.25,16766.0,United Kingdom
549833,22986,GINGHAM ROSE WRAP,25,2011-04-12 13:19:00,0.42,13458.0,United Kingdom
580193,23349,ROLL WRAP VINTAGE CHRISTMAS,2,2011-12-02 12:03:00,1.25,16899.0,United Kingdom
562161,23201,JUMBO BAG ALPHABET,1,2011-08-03 11:58:00,2.08,17841.0,United Kingdom
545035,85152,HAND OVER THE CHOCOLATE   SIGN ,12,2011-02-25 17:03:00,2.1,15078.0,United Kingdom
543988,22698,PINK REGENCY TEACUP AND SAUCER,6,2011-02-15 09:50:00,2.95,14849.0,United Kingdom
574096,22098,BOUDOIR SQUARE TISSUE BOX,36,2011-11-03 09:55:00,0.39,13599.0,United Kingdom
543098,21068,VINTAGE BILLBOARD LOVE/HATE MUG,12,2011-02-03 11:49:00,1.25,13102.0,United Kingdom
551014,22546,MINI JIGSAW PURDEY,24,2011-04-26 11:04:00,0.42,13209.0,United Kingdom
564754,23301,GARDENERS KNEELING PAD KEEP CALM ,1,2011-08-30 10:29:00,3.29,,United Kingdom
552658,22501,PICNIC BASKET WICKER LARGE,2,2011-05-10 14:57:00,9.95,14534.0,United Kingdom
541120,22377,BOTTLE BAG RETROSPOT ,20,2011-01-14 09:13:00,0.85,12490.0,France
560772,22149,FELTCRAFT 6 FLOWER FRIENDS,1,2011-07-20 16:12:00,4.13,,United Kingdom
575091,22356,CHARLOTTE BAG PINK POLKADOT,10,2011-11-08 14:05:00,0.85,17160.0,United Kingdom
553527,22558,CLOTHES PEGS RETROSPOT PACK 24 ,12,2011-05-17 14:57:00,1.65,15123.0,United Kingdom
558341,23252,VINTAGE RED ENAMEL TRIM JUG ,4,2011-06-28 14:20:00,3.75,14741.0,United Kingdom
563359,23084,,20,2011-08-15 14:56:00,0.0,,United Kingdom
555854,23159,SET OF 5 PANCAKE DAY MAGNETS,2,2011-06-07 13:47:00,2.08,12748.0,United Kingdom
C544814,M,Manual,-1,2011-02-23 16:36:00,30.19,15590.0,United Kingdom
575601,22971,QUEENS GUARD COFFEE MUG,1,2011-11-10 12:16:00,2.55,,United Kingdom
578344,35095B,RED VICTORIAN FABRIC OVAL BOX,1,2011-11-24 09:21:00,0.83,,United Kingdom
576617,46776F,WOVEN ROSE GARDEN CUSHION COVER ,1,2011-11-15 16:57:00,4.13,,United Kingdom
561322,20724,RED RETROSPOT CHARLOTTE BAG,10,2011-07-26 13:03:00,0.85,15203.0,United Kingdom
565014,23206,LUNCH BAG APPLE DESIGN,30,2011-08-31 16:28:00,1.65,16180.0,United Kingdom
577300,47504H,ENGLISH ROSE SPIRIT LEVEL ,9,2011-11-18 12:53:00,0.79,16924.0,United Kingdom
574831,22994,TRAVEL CARD WALLET RETROSPOT,6,2011-11-07 11:26:00,0.42,15522.0,United Kingdom
537219,84029G,KNITTED UNION FLAG HOT WATER BOTTLE,2,2010-12-05 15:47:00,3.75,14081.0,United Kingdom
578019,40005B,BLUE ORGANDY ROUND LAMPSHADE W BEA,4,2011-11-22 13:11:00,0.85,17360.0,United Kingdom
540458,22654,DELUXE SEWING KIT ,3,2011-01-07 12:28:00,5.95,12501.0,Germany
537240,84380,SET OF 3 BUTTERFLY COOKIE CUTTERS,1,2010-12-06 10:08:00,2.51,,United Kingdom
554102,22059,CERAMIC STRAWBERRY DESIGN MUG,2,2011-05-22 13:40:00,1.49,14647.0,United Kingdom
560772,35916A,YELLOW FELT HANGING HEART W FLOWER,4,2011-07-20 16:12:00,0.63,,United Kingdom
545719,47566,PARTY BUNTING,4,2011-03-07 10:28:00,4.95,13344.0,United Kingdom
552304,48184,DOORMAT ENGLISH ROSE ,1,2011-05-08 15:15:00,7.95,12748.0,United Kingdom
573288,48194,DOORMAT HEARTS,10,2011-10-28 14:42:00,7.08,14194.0,United Kingdom
578551,23177,TREASURE ISLAND BOOK BOX,1,2011-11-24 15:05:00,2.25,12937.0,United Kingdom
572662,22941,CHRISTMAS LIGHTS 10 REINDEER,3,2011-10-25 12:54:00,8.5,15443.0,United Kingdom
550278,82583,HOT BATHS METAL SIGN,5,2011-04-15 13:15:00,4.96,,United Kingdom
569374,22540,MINI JIGSAW CIRCUS PARADE ,1,2011-10-03 16:14:00,0.83,,United Kingdom
C553478,22847,BREAD BIN DINER STYLE IVORY,-1,2011-05-17 11:47:00,16.95,17677.0,United Kingdom
556107,85123A,WHITE HANGING HEART T-LIGHT HOLDER,2,2011-06-08 17:09:00,2.95,17360.0,United Kingdom
560422,16048,TEATIME ROUND PENCIL SHARPENER ,24,2011-07-18 15:14:00,0.12,16746.0,United Kingdom
572552,22867,HAND WARMER BIRD DESIGN,2,2011-10-24 17:07:00,4.13,14096.0,United Kingdom
551815,23078,ICE CREAM PEN LIP GLOSS ,24,2011-05-04 11:46:00,1.25,18065.0,United Kingdom
570465,23243,SET OF TEA COFFEE SUGAR TINS PANTRY,1,2011-10-10 16:02:00,10.79,,United Kingdom
538345,84789,ENCHANTED BIRD PLANT CAGE,4,2010-12-10 14:45:00,3.75,13787.0,United Kingdom
536742,22451,SILK PURSE BABUSHKA RED,1,2010-12-02 13:14:00,3.35,16916.0,United Kingdom
541424,22325,MOBILE VINTAGE HEARTS ,1,2011-01-17 17:57:00,3.29,,United Kingdom
539492,48184,DOORMAT ENGLISH ROSE ,1,2010-12-20 10:14:00,14.43,,United Kingdom
545011,47566,PARTY BUNTING,1,2011-02-25 13:05:00,4.95,13666.0,United Kingdom
547248,21843,RED RETROSPOT CAKE STAND,1,2011-03-22 09:23:00,20.79,,United Kingdom
541698,82486,WOOD S/3 CABINET ANT WHITE FINISH,1,2011-01-20 19:16:00,7.95,14713.0,United Kingdom
540647,72232,FENG SHUI PILLAR CANDLE,1,2011-01-10 14:57:00,0.19,17406.0,United Kingdom
540538,47422,ASSORTED MONKEY SUCTION CUP HOOK,1,2011-01-09 14:36:00,0.42,17841.0,United Kingdom
580500,21498,RED RETROSPOT WRAP ,25,2011-12-04 12:52:00,0.42,17131.0,United Kingdom
552268,21977,PACK OF 60 PINK PAISLEY CAKE CASES,24,2011-05-08 11:49:00,0.55,14709.0,United Kingdom
573373,21892,TRADITIONAL WOODEN CATCH CUP GAME ,2,2011-10-30 13:37:00,1.25,14684.0,United Kingdom
545688,22763,KEY CABINET MA CAMPAGNE,2,2011-03-06 12:42:00,9.95,16033.0,United Kingdom
568949,90214S,"LETTER ""S"" BLING KEY RING",1,2011-09-29 15:13:00,0.83,,United Kingdom
556879,22493,PAINT YOUR OWN CANVAS SET,3,2011-06-15 12:07:00,1.65,16461.0,United Kingdom
569229,23198,PANTRY MAGNETIC  SHOPPING LIST,3,2011-10-02 14:56:00,1.45,14502.0,United Kingdom
574076,22557,PLASTERS IN TIN VINTAGE PAISLEY ,1,2011-11-02 15:38:00,3.29,,United Kingdom
568513,23296,SET OF 6 TEA TIME BAKING CASES,8,2011-09-27 12:36:00,1.25,13555.0,United Kingdom
561099,22804,CANDLEHOLDER PINK HANGING HEART,1,2011-07-25 11:01:00,2.95,14100.0,United Kingdom
553689,84970L,SINGLE HEART ZINC T-LIGHT HOLDER,24,2011-05-18 14:07:00,0.79,17389.0,United Kingdom
561658,22320,BIRDS MOBILE VINTAGE DESIGN,1,2011-07-28 16:06:00,5.95,12743.0,Unspecified
567186,23184,BULL DOG BOTTLE OPENER,2,2011-09-18 16:04:00,4.95,17073.0,United Kingdom
571328,22573,STAR WOODEN CHRISTMAS DECORATION,12,2011-10-17 11:27:00,0.85,12473.0,Germany
544776,84997d,CHILDRENS CUTLERY POLKADOT PINK,5,2011-02-23 11:39:00,8.29,,United Kingdom
564838,23087,ZINC  HEART T-LIGHT HOLDER,3,2011-08-30 12:43:00,2.46,,United Kingdom
575930,23225,CHERUB HEART DECORATION SILVER ,5,2011-11-11 17:58:00,1.63,,United Kingdom
557497,20712,JUMBO BAG WOODLAND ANIMALS,1,2011-06-20 15:20:00,4.13,,United Kingdom
540356,22738,RIBBON REEL SNOWY VILLAGE,1,2011-01-06 15:12:00,2.51,,United Kingdom
565541,22398,MAGNETS PACK OF 4 SWALLOWS,4,2011-09-05 12:00:00,0.39,14159.0,United Kingdom
571054,23126,FELTCRAFT GIRL AMELIE KIT,1,2011-10-13 13:58:00,4.95,14234.0,United Kingdom
536798,21877,HOME SWEET HOME MUG,6,2010-12-02 15:55:00,1.25,17838.0,United Kingdom
565840,22670,FRENCH WC SIGN BLUE METAL,2,2011-09-07 12:02:00,2.46,,United Kingdom
543021,22030,SWALLOWS GREETING CARD,12,2011-02-02 14:36:00,0.42,15421.0,United Kingdom
570374,21770,OPEN CLOSED METAL SIGN,1,2011-10-10 12:34:00,4.95,14719.0,United Kingdom
577535,20756,GREEN FERN POCKET BOOK,1,2011-11-20 14:07:00,0.85,14071.0,United Kingdom
578463,23367,SET 12 COLOUR PENCILS SPACEBOY ,16,2011-11-24 12:30:00,0.65,12757.0,Portugal
540838,22693,GROW A FLYTRAP OR SUNFLOWER IN TIN,24,2011-01-11 15:13:00,1.25,13862.0,United Kingdom
543099,22699,ROSES REGENCY TEACUP AND SAUCER ,72,2011-02-03 12:00:00,2.55,16684.0,United Kingdom
578445,21108,FAIRY CAKE FLANNEL ASSORTED COLOUR,18,2011-11-24 12:25:00,0.79,15005.0,United Kingdom
539991,35443,RASTA IN BATH W SPLIFF ASHTRAY,1,2010-12-23 16:49:00,0.85,,United Kingdom
580727,23245,SET OF 3 REGENCY CAKE TINS,6,2011-12-05 17:17:00,10.79,14096.0,United Kingdom
574950,23434,3 RAFFIA RIBBONS 50'S CHRISTMAS ,9,2011-11-08 09:29:00,0.83,,United Kingdom
556682,22751,FELTCRAFT PRINCESS OLIVIA DOLL,4,2011-06-14 09:42:00,3.75,15358.0,United Kingdom
567384,21166,COOK WITH WINE METAL SIGN ,48,2011-09-20 10:23:00,2.41,17450.0,United Kingdom
540278,85123A,WHITE HANGING HEART T-LIGHT HOLDER,2,2011-01-06 12:31:00,2.95,15719.0,United Kingdom
544470,22520,CHILDS GARDEN TROWEL BLUE ,12,2011-02-21 08:38:00,0.85,12707.0,France
543354,84520B,PACK 20 ENGLISH ROSE PAPER NAPKINS,12,2011-02-07 13:50:00,0.85,13458.0,United Kingdom
570479,84997D,CHILDRENS CUTLERY POLKADOT PINK,5,2011-10-10 16:58:00,4.15,17589.0,United Kingdom
576538,22111,SCOTTIE DOG HOT WATER BOTTLE,1,2011-11-15 12:42:00,4.95,14725.0,United Kingdom
556082,20676,RED RETROSPOT BOWL,3,2011-06-08 15:22:00,2.46,,United Kingdom
564872,22197,POPCORN HOLDER,100,2011-08-31 10:47:00,0.72,16083.0,United Kingdom
566400,23171,REGENCY TEA PLATE GREEN ,12,2011-09-12 13:16:00,1.65,17139.0,United Kingdom
571671,23210,WHITE ROCKING HORSE HAND PAINTED,6,2011-10-18 13:15:00,1.25,16940.0,United Kingdom
551010,22719,GUMBALL MONOCHROME COAT RACK,2,2011-04-26 09:52:00,2.46,,United Kingdom
573564,22939,ADULT APRON APPLE DELIGHT,4,2011-10-31 13:58:00,4.95,16127.0,United Kingdom
580730,21704,BAG 250g SWIRLY MARBLES,1,2011-12-05 17:28:00,1.63,,United Kingdom
551035,22727,ALARM CLOCK BAKELIKE RED ,4,2011-04-26 11:34:00,3.75,15065.0,United Kingdom
C572059,21242,RED RETROSPOT PLATE ,-12,2011-10-20 12:45:00,1.69,17346.0,United Kingdom
572675,23319,BOX OF 6 MINI 50'S CRACKERS,2,2011-10-25 13:20:00,2.49,17917.0,United Kingdom
566912,22077,6 RIBBONS RUSTIC CHARM,12,2011-09-15 14:05:00,1.95,14367.0,United Kingdom
567380,21039,RED RETROSPOT SHOPPING BAG,6,2011-09-20 10:06:00,2.55,12620.0,France
556108,20667,CHERRY BLOSSOM PURSE,1,2011-06-08 17:59:00,2.46,,United Kingdom
548893,20719,WOODLAND CHARLOTTE BAG,1,2011-04-04 15:54:00,1.63,,United Kingdom
537638,21846,PINK DIAMANTE PEN IN GIFT BOX,7,2010-12-07 15:28:00,4.21,,United Kingdom
572881,85036C,ROSE 1 WICK MORRIS BOXED CANDLE,90,2011-10-26 13:36:00,0.5,12748.0,United Kingdom
567613,23358,HOT STUFF HOT WATER BOTTLE,6,2011-09-21 11:49:00,3.75,13908.0,United Kingdom
557263,20676,RED RETROSPOT BOWL,72,2011-06-19 11:08:00,1.06,14646.0,Netherlands
543629,84987,SET OF 36 TEATIME PAPER DOILIES,1,2011-02-10 15:55:00,3.75,,United Kingdom
568710,72586,SET OF 6 HALLOWEEN GHOST T-LIGHTS,2,2011-09-28 15:42:00,0.42,14649.0,United Kingdom
543277,21657,MILK BOTTLE WITH GLASS STOPPER ,2,2011-02-06 14:33:00,6.95,15808.0,United Kingdom
544167,21217,RED RETROSPOT ROUND CAKE TINS,1,2011-02-16 13:14:00,9.95,14755.0,United Kingdom
573576,22965,3 TRADITIONAl BISCUIT CUTTERS  SET,2,2011-10-31 14:09:00,4.13,14096.0,United Kingdom
547867,85152,HAND OVER THE CHOCOLATE   SIGN ,2,2011-03-27 13:56:00,2.1,13357.0,United Kingdom
540798,21094,SET/6 RED SPOTTY PAPER PLATES,6,2011-01-11 12:11:00,0.85,17365.0,United Kingdom
576212,23000,TRAVEL CARD WALLET TRANSPORT,24,2011-11-14 12:45:00,0.42,18082.0,United Kingdom
576078,23365,SET 12 COLOUR PENCILS LOVE LONDON,4,2011-11-13 16:22:00,0.65,14432.0,United Kingdom
539434,20682,RED RETROSPOT CHILDRENS UMBRELLA,1,2010-12-17 14:41:00,6.77,,United Kingdom
563585,22501,PICNIC BASKET WICKER LARGE,2,2011-08-17 17:01:00,9.95,17070.0,United Kingdom
579527,21810,CHRISTMAS HANGING STAR WITH BELL,48,2011-11-30 08:43:00,0.39,18210.0,United Kingdom
541104,90125C,TURQUOISE BERTIE GLASS BEAD CHARM,1,2011-01-13 14:29:00,1.63,,United Kingdom
576321,23215,JINGLE BELL HEART ANTIQUE SILVER,1,2011-11-14 14:59:00,2.08,14953.0,United Kingdom
563404,22630,DOLLY GIRL LUNCH BOX,12,2011-08-16 11:04:00,1.95,16303.0,United Kingdom
537666,22963,JAM JAR WITH GREEN LID,1,2010-12-07 18:36:00,1.66,,United Kingdom
546388,22081,RIBBON REEL FLORA + FAUNA ,1,2011-03-11 13:42:00,3.29,,United Kingdom
547498,22248,DECORATION  PINK CHICK MAGIC GARDEN,1,2011-03-23 12:24:00,0.85,15021.0,United Kingdom
575914,22867,HAND WARMER BIRD DESIGN,12,2011-11-11 16:31:00,2.1,17071.0,United Kingdom
569243,21524,DOORMAT SPOTTY HOME SWEET HOME,2,2011-10-03 09:44:00,8.25,13344.0,United Kingdom
557279,22925,BLUE GIANT GARDEN THERMOMETER,6,2011-06-19 12:10:00,5.95,18077.0,United Kingdom
560398,21563,RED HEART SHAPE LOVE BUCKET ,12,2011-07-18 14:10:00,2.95,12731.0,France
562716,20725,LUNCH BAG RED RETROSPOT,20,2011-08-08 15:35:00,1.65,14257.0,United Kingdom
567200,21989,PACK OF 20 SKULL PAPER NAPKINS,12,2011-09-19 10:15:00,0.85,16460.0,United Kingdom
577230,23365,SET 12 COLOUR PENCILS LOVE LONDON,48,2011-11-18 12:08:00,0.65,18034.0,United Kingdom
554993,22898,CHILDRENS APRON APPLES DESIGN,2,2011-05-29 14:13:00,1.95,17051.0,United Kingdom
545667,84625A,PINK NEW BAROQUECANDLESTICK CANDLE,1,2011-03-04 16:07:00,5.79,,United Kingdom
567128,21466,RED FLOWER CROCHET FOOD COVER,2,2011-09-16 14:04:00,3.75,18055.0,United Kingdom
561231,47566,PARTY BUNTING,8,2011-07-26 10:20:00,4.95,15855.0,United Kingdom
C540417,22197,SMALL POPCORN HOLDER,-10,2011-01-07 10:56:00,0.85,13680.0,United Kingdom
541596,22271,FELTCRAFT DOLL ROSIE,2,2011-01-19 16:18:00,2.95,17602.0,United Kingdom
562104,23168,CLASSIC CAFE SUGAR DISPENSER,11,2011-08-02 14:31:00,3.29,,United Kingdom
565207,22508,DOORSTOP RETROSPOT HEART,2,2011-09-01 16:46:00,3.75,16764.0,United Kingdom
573879,23462,ROCOCO WALL MIRROR WHITE,1,2011-11-01 13:21:00,19.95,15039.0,United Kingdom
537224,21481,FAWN BLUE HOT WATER BOTTLE,2,2010-12-05 16:24:00,2.95,13174.0,United Kingdom
576590,23311,VINTAGE CHRISTMAS STOCKING ,6,2011-11-15 14:30:00,2.55,16240.0,United Kingdom
553889,22430,ENAMEL WATERING CAN CREAM,4,2011-05-19 16:31:00,4.95,13405.0,United Kingdom
558485,23084,RABBIT NIGHT LIGHT,1,2011-06-30 10:11:00,2.08,,United Kingdom
540288,22485,SET OF 2 WOODEN MARKET CRATES,1,2011-01-06 12:45:00,12.75,17634.0,United Kingdom
559163,23286,BLUE VINTAGE SPOT BEAKER,2,2011-07-06 16:33:00,1.63,,United Kingdom
557805,23165,LARGE CERAMIC TOP STORAGE JAR,12,2011-06-23 10:27:00,1.65,17651.0,United Kingdom
566303,17136A,BLUE STONES ON WIRE FOR CANDLE,24,2011-09-12 08:24:00,0.08,12997.0,United Kingdom
556507,22554,PLASTERS IN TIN WOODLAND ANIMALS,12,2011-06-13 09:55:00,1.65,12567.0,France
577695,37489D,PINK/GREEN FLOWER DESIGN BIG MUG,4,2011-11-21 11:55:00,0.39,15645.0,United Kingdom
543653,22174,PHOTO CUBE,1,2011-02-11 10:26:00,1.65,14796.0,United Kingdom
562933,22697,GREEN REGENCY TEACUP AND SAUCER,1,2011-08-10 16:51:00,5.79,,United Kingdom
546017,35971,ROSE FOLKART HEART DECORATIONS,6,2011-03-08 17:23:00,1.25,14507.0,United Kingdom
563444,20654,FIRST CLASS LUGGAGE TAG ,4,2011-08-16 13:50:00,1.25,16033.0,United Kingdom
551005,85099B,JUMBO BAG RED RETROSPOT,3,2011-04-26 09:48:00,4.13,,United Kingdom
576246,22086,PAPER CHAIN KIT 50'S CHRISTMAS ,4,2011-11-14 13:42:00,2.95,17566.0,United Kingdom
538354,85230F,JASMINE VOTIVE CANDLE,24,2010-12-10 15:45:00,0.29,16873.0,United Kingdom
537864,22966,GINGERBREAD MAN COOKIE CUTTER,12,2010-12-08 16:34:00,1.25,16700.0,United Kingdom
570676,35970,ZINC FOLKART SLEIGH BELLS,12,2011-10-11 15:10:00,1.69,14640.0,United Kingdom
569030,22365,DOORMAT RESPECTABLE HOUSE,40,2011-09-30 10:27:00,8.0,17450.0,United Kingdom
549721,22180,RETROSPOT LAMP,4,2011-04-11 15:35:00,9.95,14911.0,EIRE
552958,23284,DOORMAT KEEP CALM AND COME IN,10,2011-05-12 12:49:00,6.75,15498.0,United Kingdom
560938,22549,PICTURE DOMINOES,3,2011-07-22 11:16:00,2.46,,United Kingdom
553834,23173,REGENCY TEAPOT ROSES ,8,2011-05-19 11:47:00,9.95,15189.0,United Kingdom
539472,20618,QUEEN OF THE SKIES PASSPORT COVER ,1,2010-12-19 14:23:00,2.1,15581.0,United Kingdom
569669,23131,MISTLETOE HEART WREATH CREAM,1,2011-10-05 13:47:00,4.15,14730.0,United Kingdom
555094,22329,ROUND CONTAINER SET OF 5 RETROSPOT,12,2011-05-31 13:17:00,1.65,13398.0,United Kingdom
570410,22930,BAKING MOULD HEART MILK CHOCOLATE,1,2011-10-10 13:04:00,2.55,16776.0,United Kingdom
549578,21175,GIN + TONIC DIET METAL SIGN,12,2011-04-11 08:49:00,2.55,17340.0,United Kingdom
557957,22630,DOLLY GIRL LUNCH BOX,2,2011-06-23 19:20:00,1.95,13969.0,United Kingdom
551269,22382,LUNCH BAG SPACEBOY DESIGN ,10,2011-04-27 12:21:00,1.65,12840.0,United Kingdom
550953,72598,SET/12 TAPER CANDLES,2,2011-04-21 16:17:00,1.63,,United Kingdom
560926,22219,LOVEBIRD HANGING DECORATION WHITE ,2,2011-07-22 09:20:00,1.63,,United Kingdom
572553,23322,LARGE WHITE HEART OF WICKER,4,2011-10-24 17:09:00,5.79,,United Kingdom
558614,22481,BLACK TEA TOWEL CLASSIC DESIGN,1,2011-06-30 15:56:00,0.83,,United Kingdom
556408,22549,PICTURE DOMINOES,1,2011-06-10 11:54:00,1.45,13533.0,United Kingdom
568719,22617,BAKING SET SPACEBOY DESIGN,1,2011-09-28 16:19:00,10.79,,United Kingdom
580536,21731,RED TOADSTOOL LED NIGHT LIGHT,12,2011-12-04 16:07:00,1.65,12490.0,France
578103,22727,ALARM CLOCK BAKELIKE RED ,4,2011-11-23 08:42:00,3.75,17554.0,United Kingdom
541827,21442,GREEN BIRDHOUSE DECORATION,17,2011-01-21 17:05:00,1.63,,United Kingdom
546917,21576,LETS GO SHOPPING COTTON TOTE BAG,6,2011-03-18 09:17:00,2.25,14911.0,EIRE
C548463,82483,WOOD 2 DRAWER CABINET WHITE FINISH,-18,2011-03-31 12:11:00,5.95,13225.0,United Kingdom
540469,20972,PINK CREAM FELT CRAFT TRINKET BOX ,3,2011-01-07 14:04:00,1.25,12484.0,Spain
570091,22591,CARDHOLDER GINGHAM CHRISTMAS TREE,6,2011-10-07 11:47:00,3.25,15632.0,United Kingdom
578116,21519,GIN & TONIC DIET GREETING CARD ,12,2011-11-23 09:51:00,0.42,13078.0,United Kingdom
540821,84968A,SET OF 16 VINTAGE ROSE CUTLERY,4,2011-01-11 13:16:00,8.47,,United Kingdom
565857,21216,"SET 3 RETROSPOT TEA,COFFEE,SUGAR",4,2011-09-07 14:13:00,4.95,14911.0,EIRE
556503,15056BL,EDWARDIAN PARASOL BLACK,3,2011-06-13 08:44:00,5.95,13517.0,United Kingdom
550912,21754,HOME BUILDING BLOCK WORD,3,2011-04-21 13:17:00,5.95,13267.0,United Kingdom
545661,20971,PINK BLUE FELT CRAFT TRINKET BOX,12,2011-03-04 14:41:00,1.25,15358.0,United Kingdom
554827,22908,PACK OF 20 NAPKINS RED APPLES,96,2011-05-26 15:19:00,0.72,14646.0,Netherlands
537666,22311,OFFICE MUG WARMER BLACK+SILVER ,1,2010-12-07 18:36:00,5.91,,United Kingdom
537240,22536,MAGIC DRAWING SLATE PURDEY,1,2010-12-06 10:08:00,0.85,,United Kingdom
581256,23357,HOT WATER BOTTLE SEX BOMB,1,2011-12-08 11:21:00,5.79,,United Kingdom
566605,23393,HOME SWEET HOME CUSHION COVER ,2,2011-09-13 16:27:00,3.75,13263.0,United Kingdom
570818,23266,SET OF 3 WOODEN STOCKING DECORATION,4,2011-10-12 12:47:00,1.25,17841.0,United Kingdom
575040,22730,ALARM CLOCK BAKELIKE IVORY,4,2011-11-08 11:58:00,3.75,13381.0,United Kingdom
571304,23348,CHILDRENS TOY COOKING UTENSIL SET,6,2011-10-17 09:37:00,2.08,12526.0,Germany
537859,22797,CHEST OF DRAWERS GINGHAM HEART ,1,2010-12-08 16:11:00,16.95,14030.0,United Kingdom
544398,85188A,GREEN METAL SWINGING BUNNY,4,2011-02-18 12:27:00,0.85,15311.0,United Kingdom
577809,22666,RECIPE BOX PANTRY YELLOW DESIGN,6,2011-11-22 08:34:00,2.95,12584.0,Italy
542059,22030,SWALLOWS GREETING CARD,12,2011-01-25 11:59:00,0.42,16757.0,United Kingdom
572090,23399,HOME SWEET HOME HANGING HEART,12,2011-10-20 14:33:00,0.85,13573.0,United Kingdom
544472,22957,SET 3 PAPER VINTAGE CHICK PAPER EGG,6,2011-02-21 09:09:00,2.95,15129.0,United Kingdom
562934,22698,PINK REGENCY TEACUP AND SAUCER,2,2011-08-10 16:56:00,5.79,,United Kingdom
564539,85099B,JUMBO BAG RED RETROSPOT,10,2011-08-25 15:22:00,2.08,12715.0,Sweden
564850,22189,CREAM HEART CARD HOLDER,2,2011-08-30 16:43:00,3.95,17298.0,United Kingdom
541410,47566B,TEA TIME PARTY BUNTING,5,2011-01-17 16:06:00,4.65,13089.0,United Kingdom
561465,22869,NUMBER TILE COTTAGE GARDEN 1,1,2011-07-27 12:45:00,1.95,16447.0,United Kingdom
543652,20676,RED RETROSPOT BOWL,8,2011-02-11 10:15:00,1.25,15544.0,United Kingdom
542794,85131A,BEADED PEARL HEART WHITE ON STICK,2,2011-02-01 10:56:00,0.83,,United Kingdom
566971,23199,JUMBO BAG APPLES,10,2011-09-16 09:03:00,2.08,12963.0,United Kingdom
578344,23355,HOT WATER BOTTLE KEEP CALM,1,2011-11-24 09:21:00,10.79,,United Kingdom
552325,23204,CHARLOTTE BAG APPLES DESIGN,20,2011-05-09 09:47:00,0.85,12490.0,France
565231,20979,36 PENCILS TUBE RED RETROSPOT,1,2011-09-02 09:26:00,2.46,,United Kingdom
551136,21530,DAIRY MAID TOASTRACK,18,2011-04-26 13:05:00,0.79,15301.0,United Kingdom
555158,23172,REGENCY TEA PLATE PINK,12,2011-06-01 08:38:00,1.65,14842.0,United Kingdom
553912,22962,JAM JAR WITH PINK LID,12,2011-05-19 19:32:00,0.85,15122.0,United Kingdom
552684,22381,TOY TIDY PINK POLKADOT,1,2011-05-10 15:09:00,4.96,,United Kingdom
581006,23495,SET OF 3 PANTRY WOODEN SPOONS,12,2011-12-07 08:45:00,1.25,14911.0,EIRE
563580,22530,MAGIC DRAWING SLATE DOLLY GIRL ,1,2011-08-17 15:53:00,0.42,16706.0,United Kingdom
563557,22907,PACK OF 20 NAPKINS PANTRY DESIGN,12,2011-08-17 13:33:00,0.85,15786.0,United Kingdom
571797,22328,ROUND SNACK BOXES SET OF 4 FRUITS ,2,2011-10-19 11:41:00,4.13,,United Kingdom
576634,23482,PEARLISED IVORY HEART LARGE ,24,2011-11-16 09:28:00,1.65,13297.0,United Kingdom
573305,22513,DOORSTOP FOOTBALL DESIGN,2,2011-10-28 16:13:00,3.75,17837.0,United Kingdom
556927,20685,DOORMAT RED RETROSPOT,50,2011-06-15 14:47:00,6.75,14156.0,EIRE
545830,22244,3 HOOK HANGER MAGIC GARDEN,2,2011-03-07 13:10:00,1.95,17634.0,United Kingdom
550500,82482,WOODEN PICTURE FRAME WHITE FINISH,2,2011-04-18 15:26:00,4.96,,United Kingdom
542998,84378,SET OF 3 HEART COOKIE CUTTERS,2,2011-02-02 12:16:00,3.29,,United Kingdom
541265,85025C,PINK HEART SHAPE PHOTO FRAME,1,2011-01-16 16:23:00,1.65,17609.0,United Kingdom
544790,21060,PARTY INVITES BALLOON GIRL,2,2011-02-23 12:27:00,0.85,16940.0,United Kingdom
571274,21287,SCENTED VELVET LOUNGE CANDLE ,12,2011-10-16 12:25:00,0.38,16934.0,United Kingdom
544598,20713,JUMBO BAG OWLS,1,2011-02-21 18:10:00,4.13,,United Kingdom
544338,22644,CERAMIC CHERRY CAKE MONEY BANK,24,2011-02-18 08:47:00,1.45,12852.0,United Kingdom
580875,22067,CHOC TRUFFLE GOLD TRINKET POT ,36,2011-12-06 12:11:00,0.39,17744.0,United Kingdom
565541,23347,I LOVE LONDON BEAKER,3,2011-09-05 12:00:00,1.25,14159.0,United Kingdom
541493,20718,RED RETROSPOT SHOPPER BAG,6,2011-01-18 14:29:00,3.29,,United Kingdom
555560,37342,POLKADOT COFFEE CUP & SAUCER PINK,2,2011-06-05 14:20:00,0.79,17346.0,United Kingdom
550513,22431,WATERING CAN BLUE ELEPHANT,3,2011-04-18 16:37:00,1.95,16928.0,United Kingdom
558459,22355,CHARLOTTE BAG SUKI DESIGN,3,2011-06-29 14:20:00,0.85,15334.0,United Kingdom
571429,20984,12 PENCILS TALL TUBE POSY,1,2011-10-17 12:50:00,0.29,15335.0,United Kingdom
570983,23501,KEY RING BASEBALL BOOT UNION JACK,40,2011-10-13 11:57:00,1.25,14963.0,United Kingdom
552888,22328,ROUND SNACK BOXES SET OF 4 FRUITS ,96,2011-05-12 10:23:00,2.55,15061.0,United Kingdom
541130,21876,POTTERING MUG,2,2011-01-14 10:15:00,3.29,,United Kingdom
562049,22113,GREY HEART HOT WATER BOTTLE,8,2011-08-02 11:33:00,3.75,14133.0,United Kingdom
536632,79066K,RETRO MOD TRAY,10,2010-12-02 11:02:00,0.85,14388.0,United Kingdom
552508,23150,IVORY SWEETHEART SOAP DISH,1,2011-05-09 16:27:00,4.96,,United Kingdom
580367,22817,CARD SUKI BIRTHDAY,9,2011-12-02 16:39:00,0.42,,United Kingdom
568567,DOT,DOTCOM POSTAGE,1,2011-09-27 18:41:00,227.99,,United Kingdom
567850,79321,CHILLI LIGHTS,4,2011-09-22 13:18:00,5.75,15067.0,United Kingdom
550476,84997B,CHILDRENS CUTLERY RETROSPOT RED ,12,2011-04-18 14:00:00,3.39,15769.0,United Kingdom
577057,21306,SET/4 DAISY MIRROR MAGNETS,1,2011-11-17 14:26:00,0.29,12748.0,United Kingdom
538349,84685,BEACH HUT KEY CABINET,2,2010-12-10 14:59:00,7.62,,United Kingdom
549743,22821,GIFT BAG PSYCHEDELIC APPLES,12,2011-04-12 10:05:00,0.65,16186.0,United Kingdom
566451,23311,VINTAGE CHRISTMAS STOCKING ,2,2011-09-12 16:14:00,2.55,18069.0,United Kingdom
555278,90214S,"LETTER ""S"" BLING KEY RING",1,2011-06-01 17:33:00,0.83,,United Kingdom
580148,22629,SPACEBOY LUNCH BOX ,1,2011-12-02 10:08:00,2.46,,United Kingdom
563844,22469,HEART OF WICKER SMALL,12,2011-08-19 14:04:00,1.65,17725.0,United Kingdom
540551,22162,HEART GARLAND RUSTIC PADDED,3,2011-01-10 09:43:00,3.36,,United Kingdom
541104,21026,SPACE OWL,1,2011-01-13 14:29:00,0.83,,United Kingdom
579146,22734,SET OF 6 RIBBONS VINTAGE CHRISTMAS,5,2011-11-28 13:14:00,2.89,16347.0,United Kingdom
561797,20726,LUNCH BAG WOODLAND,30,2011-07-29 13:37:00,1.65,13178.0,United Kingdom
580730,20728,LUNCH BAG CARS BLUE,3,2011-12-05 17:28:00,4.13,,United Kingdom
566171,20725,LUNCH BAG RED RETROSPOT,2,2011-09-09 12:22:00,1.65,18118.0,United Kingdom
559055,20712,JUMBO BAG WOODLAND ANIMALS,1,2011-07-05 17:09:00,4.13,,United Kingdom
569530,16225,RATTLE SNAKE EGGS,1,2011-10-04 14:58:00,1.25,17957.0,United Kingdom
552978,22354,RETROSPOT PADDED SEAT CUSHION,60,2011-05-12 14:46:00,3.39,12590.0,Germany
555853,82583,HOT BATHS METAL SIGN,2,2011-06-07 13:44:00,2.1,14375.0,United Kingdom
C566745,22065,CHRISTMAS PUDDING TRINKET POT ,-3,2011-09-14 15:15:00,1.45,16150.0,United Kingdom
559167,23172,REGENCY TEA PLATE PINK,48,2011-07-06 16:54:00,1.45,17997.0,United Kingdom
575965,23371,SET 36 COLOUR PENCILS SPACEBOY ,16,2011-11-13 12:32:00,1.25,13426.0,United Kingdom
547666,22759,SET OF 3 NOTEBOOKS IN PARCEL,24,2011-03-24 13:23:00,1.65,14235.0,United Kingdom
547833,22595,GINGHAM HEART DECORATION,12,2011-03-25 17:34:00,0.85,16780.0,United Kingdom
580137,23103,JINGLE BELL HEART DECORATION,24,2011-12-01 19:54:00,1.65,17566.0,United Kingdom
540998,22285,HANGING HEN ON NEST DECORATION,24,2011-01-13 10:04:00,1.65,15290.0,United Kingdom
580964,23114,VINTAGE LEAF CHOPPING BOARD  ,2,2011-12-06 14:50:00,4.95,15822.0,United Kingdom
575842,22577,WOODEN HEART CHRISTMAS SCANDINAVIAN,10,2011-11-11 12:01:00,0.29,15024.0,United Kingdom
559338,23193,BUFFALO BILL TREASURE BOOK BOX,1,2011-07-07 16:30:00,4.58,,United Kingdom
539750,21485,RETROSPOT HEART HOT WATER BOTTLE,6,2010-12-21 15:40:00,7.62,,United Kingdom
564429,22610,PENS ASSORTED FUNNY FACE,36,2011-08-25 11:31:00,0.19,16638.0,United Kingdom
581219,23175,REGENCY MILK JUG PINK ,2,2011-12-08 09:28:00,7.46,,United Kingdom
537823,22851,SET 20 NAPKINS FAIRY CAKES DESIGN ,2,2010-12-08 14:25:00,1.66,,United Kingdom
545217,35915B,BLUE KNITTED HEN ,1,2011-02-28 16:59:00,0.83,,United Kingdom
566591,17084A,TRANQUILITY MASALA INCENSE,25,2011-09-13 14:53:00,0.21,16036.0,United Kingdom
557937,22329,ROUND CONTAINER SET OF 5 RETROSPOT,1,2011-06-23 15:30:00,3.29,,United Kingdom
552239,23201,JUMBO BAG ALPHABET,1,2011-05-06 16:54:00,2.08,14056.0,United Kingdom
539595,22502,PICNIC BASKET WICKER SMALL,1,2010-12-20 13:43:00,8.47,,United Kingdom
559801,22107,PIZZA PLATE IN BOX,1,2011-07-12 13:46:00,7.46,,United Kingdom
575854,85230B,CINNAMON SCENTED VOTIVE CANDLE,24,2011-11-11 12:20:00,0.29,14125.0,United Kingdom
539471,21985,PACK OF 12 HEARTS DESIGN TISSUES ,12,2010-12-19 14:16:00,0.29,17358.0,United Kingdom
562933,22310,IVORY KNITTED MUG COSY ,1,2011-08-10 16:51:00,3.29,,United Kingdom
553167,22074,6 RIBBONS SHIMMERING PINKS ,1,2011-05-13 16:19:00,2.46,,United Kingdom
537144,35953,FOLKART STAR CHRISTMAS DECORATIONS,24,2010-12-05 13:00:00,1.25,15880.0,United Kingdom
572540,23201,JUMBO BAG ALPHABET,4,2011-10-24 16:17:00,4.13,,United Kingdom
550352,22179,SET 10 LIGHTS NIGHT OWL,1,2011-04-18 10:21:00,6.75,16719.0,United Kingdom
C563606,22846,BREAD BIN DINER STYLE RED ,-1,2011-08-18 06:30:00,16.95,13925.0,United Kingdom
568160,22336,DOVE DECORATION PAINTED ZINC ,96,2011-09-25 12:25:00,0.19,17498.0,United Kingdom
566577,22430,ENAMEL WATERING CAN CREAM,2,2011-09-13 13:29:00,9.96,,United Kingdom
566599,23331,DECORATIVE WICKER HEART SMALL,2,2011-09-13 15:37:00,0.63,15998.0,United Kingdom
568170,22725,ALARM CLOCK BAKELIKE CHOCOLATE,1,2011-09-25 13:08:00,3.75,16931.0,United Kingdom
550471,22963,JAM JAR WITH GREEN LID,1,2011-04-18 13:52:00,1.63,,United Kingdom
579002,23289,DOLLY GIRL CHILDRENS BOWL,4,2011-11-27 16:27:00,1.25,14093.0,United Kingdom
540977,22576,SWALLOW WOODEN CHRISTMAS DECORATION,1,2011-01-12 15:01:00,1.66,,United Kingdom
579529,21936,RED RETROSPOT PICNIC BAG,5,2011-11-30 08:50:00,2.95,12488.0,France
561911,22082,RIBBON REEL STRIPES DESIGN ,10,2011-08-01 10:26:00,1.65,12534.0,Germany
550470,20733,GOLD MINI TAPE MEASURE ,3,2011-04-18 13:49:00,0.83,,United Kingdom
568346,22665,RECIPE BOX BLUE SKETCHBOOK DESIGN,1,2011-09-26 15:28:00,5.79,14096.0,United Kingdom
561894,23146,TRIPLE HOOK ANTIQUE IVORY ROSE,1,2011-07-31 15:00:00,3.29,14456.0,United Kingdom
553182,84836,ZINC METAL HEART DECORATION,12,2011-05-15 12:21:00,1.25,17107.0,United Kingdom
539214,22926,IVORY GIANT GARDEN THERMOMETER,2,2010-12-16 12:31:00,5.95,17062.0,United Kingdom
544150,22180,RETROSPOT LAMP,1,2011-02-16 11:59:00,9.95,14180.0,United Kingdom
549989,21730,GLASS STAR FROSTED T-LIGHT HOLDER,4,2011-04-13 16:58:00,4.95,13221.0,United Kingdom
539451,22949,36 DOILIES DOLLY GIRL,1,2010-12-17 16:59:00,2.98,,United Kingdom
571508,20996,JAZZ HEARTS ADDRESS BOOK,2,2011-10-17 15:27:00,0.83,,United Kingdom
C560880,22977,DOLLY GIRL CHILDRENS EGG CUP,-1,2011-07-21 15:39:00,1.25,15152.0,United Kingdom
539737,21411,GINGHAM HEART  DOORSTOP RED,1,2010-12-21 15:19:00,8.47,,United Kingdom
561217,21218,RED SPOTTY BISCUIT TIN,2,2011-07-25 17:09:00,8.29,,United Kingdom
569977,23534,WALL ART STOP FOR TEA ,4,2011-10-06 19:27:00,5.95,14702.0,United Kingdom
564818,23308,SET OF 60 VINTAGE LEAF CAKE CASES ,1,2011-08-30 12:10:00,1.25,,United Kingdom
552655,22789,T-LIGHT HOLDER SWEETHEART HANGING,2,2011-05-10 14:22:00,1.95,14587.0,United Kingdom
553890,22791,T-LIGHT GLASS FLUTED ANTIQUE,10,2011-05-19 16:32:00,2.46,,United Kingdom
548894,21774,DECORATIVE CATS BATHROOM BOTTLE,1,2011-04-04 16:01:00,2.46,,United Kingdom
564300,22984,CARD GINGHAM ROSE ,12,2011-08-24 11:31:00,0.42,16723.0,United Kingdom
573601,23199,JUMBO BAG APPLES,4,2011-10-31 15:24:00,4.13,,United Kingdom
579512,22818,CARD CHRISTMAS VILLAGE,5,2011-11-29 16:47:00,0.42,,United Kingdom
544484,22379,RECYCLING BAG RETROSPOT ,50,2011-02-21 11:10:00,1.85,15321.0,United Kingdom
549966,22032,BOTANICAL LILY GREETING CARD,12,2011-04-13 14:17:00,0.42,16224.0,United Kingdom
550899,22955,36 FOIL STAR CAKE CASES ,6,2011-04-21 12:07:00,2.1,13505.0,Switzerland
569695,85183A,CHARLIE & LOLA WASTEPAPER BIN BLUE,12,2011-10-05 15:35:00,1.25,16843.0,United Kingdom
567183,23342,MINT DINER WALL CLOCK,1,2011-09-18 15:32:00,8.5,14769.0,United Kingdom
542931,22892,SET OF SALT AND PEPPER TOADSTOOLS,12,2011-02-02 10:46:00,1.25,15589.0,United Kingdom
570793,23407,SET OF 2 TRAYS HOME SWEET HOME,2,2011-10-12 12:08:00,9.95,12444.0,Norway
567213,22141,CHRISTMAS CRAFT TREE TOP ANGEL,1,2011-09-19 11:04:00,2.1,14684.0,United Kingdom
566202,23412,HEART MIRROR ANTIQUE WHITE,4,2011-09-09 14:22:00,7.5,15652.0,United Kingdom
C569993,23328,SET 6 SCHOOL MILK BOTTLES IN CRATE,-4,2011-10-06 20:28:00,3.75,17633.0,United Kingdom
544214,22549,PICTURE DOMINOES,3,2011-02-17 11:19:00,2.46,,United Kingdom
548703,21985,PACK OF 12 HEARTS DESIGN TISSUES ,1,2011-04-03 11:37:00,0.29,16010.0,United Kingdom
551584,22925,BLUE GIANT GARDEN THERMOMETER,2,2011-05-03 11:22:00,5.95,15620.0,United Kingdom
564356,23241,TREASURE TIN GYMKHANA DESIGN,6,2011-08-24 15:47:00,2.08,13969.0,United Kingdom
571203,21213,PACK OF 72 SKULL CAKE CASES,24,2011-10-14 12:33:00,0.55,17677.0,United Kingdom
575165,23566,EGG CUP MILKMAID HEIDI,12,2011-11-08 17:05:00,1.25,14342.0,United Kingdom
567462,70007,HI TEC ALPINE HAND WARMER,1,2011-09-20 12:35:00,1.65,14446.0,United Kingdom
560281,23293,SET OF 12 FAIRY CAKE BAKING CASES,1,2011-07-17 15:59:00,0.83,17984.0,United Kingdom
571706,20712,JUMBO BAG WOODLAND ANIMALS,10,2011-10-18 15:26:00,2.08,15144.0,United Kingdom
568207,35970,ZINC FOLKART SLEIGH BELLS,12,2011-09-25 15:34:00,1.69,15150.0,United Kingdom
573020,22909,SET OF 20 VINTAGE CHRISTMAS NAPKINS,12,2011-10-27 12:37:00,0.85,14842.0,United Kingdom
541493,21989,PACK OF 20 SKULL PAPER NAPKINS,3,2011-01-18 14:29:00,1.63,,United Kingdom
579512,20711,JUMBO BAG TOYS ,1,2011-11-29 16:47:00,4.13,,United Kingdom
546387,22965,3 TRADITIONAl BISCUIT CUTTERS  SET,12,2011-03-11 13:34:00,2.1,16766.0,United Kingdom
551173,85093,CANDY SPOT EGG WARMER HARE,1,2011-04-26 16:54:00,0.83,,United Kingdom
543036,22132,RED LOVE HEART SHAPE CUP,6,2011-02-02 15:57:00,0.85,17223.0,United Kingdom
560186,84527,FLAMES SUNGLASSES PINK LENSES,1,2011-07-15 11:57:00,1.95,17266.0,United Kingdom
539437,47559B,TEA TIME OVEN GLOVE,1,2010-12-17 14:54:00,2.51,,United Kingdom
569545,22620,4 TRADITIONAL SPINNING TOPS,1,2011-10-04 16:37:00,2.46,,United Kingdom
566296,84792,ENCHANTED BIRD COATHANGER 5 HOOK,2,2011-09-11 15:47:00,4.65,17841.0,United Kingdom
563217,20718,RED RETROSPOT SHOPPER BAG,10,2011-08-14 13:21:00,1.25,13515.0,United Kingdom
577490,22735,RIBBON REEL SOCKS AND MITTENS,1,2011-11-20 12:11:00,1.65,16464.0,United Kingdom
550290,22570,FELTCRAFT CUSHION RABBIT,4,2011-04-15 14:45:00,3.75,15246.0,United Kingdom
546843,21383,PACK OF 12 STICKY BUNNIES,12,2011-03-17 12:40:00,0.65,12472.0,Germany
570841,21039,RED RETROSPOT SHOPPING BAG,12,2011-10-12 14:18:00,2.55,12553.0,France
567793,22894,TABLECLOTH RED APPLES DESIGN ,2,2011-09-22 11:40:00,9.95,12657.0,France
568721,37327,ASSTD MULTICOLOUR CIRCLES MUG,6,2011-09-28 16:24:00,0.97,,United Kingdom
576617,23193,BUFFALO BILL TREASURE BOOK BOX,1,2011-11-15 16:57:00,4.58,,United Kingdom
568173,16161P,WRAP ENGLISH ROSE ,25,2011-09-25 13:16:00,0.42,16187.0,United Kingdom
558077,22740,POLKADOT PEN,96,2011-06-26 10:59:00,0.85,13408.0,United Kingdom
572306,22112,CHOCOLATE HOT WATER BOTTLE,2,2011-10-23 15:11:00,4.95,17841.0,United Kingdom
565967,22556,PLASTERS IN TIN CIRCUS PARADE ,12,2011-09-08 11:27:00,1.65,14646.0,Netherlands
559796,22041,"RECORD FRAME 7"" SINGLE SIZE ",3,2011-07-12 13:30:00,4.96,,United Kingdom
576329,21900,"KEY FOB , SHED",2,2011-11-14 15:22:00,1.63,,United Kingdom
561320,20984,12 PENCILS TALL TUBE POSY,1,2011-07-26 12:57:00,0.29,16942.0,United Kingdom
561197,20751,FUNKY WASHING UP GLOVES ASSORTED,4,2011-07-25 14:35:00,2.1,16364.0,United Kingdom
569132,21889,WOODEN BOX OF DOMINOES,6,2011-09-30 13:54:00,1.25,17757.0,United Kingdom
544935,84879,ASSORTED COLOUR BIRD ORNAMENT,8,2011-02-25 09:09:00,1.69,13870.0,United Kingdom
565432,71477,COLOUR GLASS. STAR T-LIGHT HOLDER,1,2011-09-04 13:16:00,3.95,16241.0,United Kingdom
566746,22598,CHRISTMAS MUSICAL ZINC TREE,24,2011-09-14 15:18:00,0.85,13321.0,United Kingdom
557974,84997A,CHILDRENS CUTLERY POLKADOT GREEN ,10,2011-06-24 10:31:00,4.15,14541.0,United Kingdom
560996,21385,IVORY HANGING DECORATION  HEART,24,2011-07-22 13:53:00,0.85,17625.0,United Kingdom
576828,23084,RABBIT NIGHT LIGHT,1,2011-11-16 14:36:00,2.08,,United Kingdom
554950,21673,WHITE SPOT BLUE CERAMIC DRAWER KNOB,12,2011-05-27 14:48:00,1.25,14227.0,United Kingdom
539741,20969,RED FLORAL FELTCRAFT SHOULDER BAG,1,2010-12-21 15:20:00,7.62,,United Kingdom
550180,15056BL,EDWARDIAN PARASOL BLACK,2,2011-04-14 17:33:00,5.95,14163.0,United Kingdom
564167,23206,LUNCH BAG APPLE DESIGN,20,2011-08-23 13:50:00,1.65,17735.0,United Kingdom
541489,21314,SMALL GLASS HEART TRINKET POT,1,2011-01-18 13:38:00,2.1,15023.0,United Kingdom
545053,22055,MINI CAKE STAND  HANGING STRAWBERY,1,2011-02-27 12:41:00,1.65,17516.0,United Kingdom
546984,37482P,CUBIC MUG PINK POLKADOT,6,2011-03-18 12:35:00,0.39,15019.0,United Kingdom
545568,47574A,ENGLISH ROSE SCENTED HANGING FLOWER,1,2011-03-03 16:22:00,2.46,,United Kingdom
540026,20728,LUNCH BAG CARS BLUE,1,2011-01-04 13:25:00,4.21,,United Kingdom
577084,22625,RED KITCHEN SCALES,2,2011-11-17 15:41:00,8.5,16626.0,United Kingdom
559665,22840,ROUND CAKE TIN VINTAGE RED,1,2011-07-11 13:35:00,7.95,12556.0,Spain
538370,22698,PINK REGENCY TEACUP AND SAUCER,4,2010-12-12 11:06:00,2.95,16923.0,United Kingdom
562980,23083,SET 6 PAPER TABLE LANTERN STARS ,6,2011-08-11 11:44:00,3.75,17686.0,United Kingdom
545317,21174,POTTERING IN THE SHED METAL SIGN,1,2011-03-01 14:14:00,4.13,,United Kingdom
569564,21390,FILIGRIS HEART WITH BUTTERFLY,24,2011-10-05 09:47:00,1.25,13989.0,United Kingdom
568176,23390,DOLLY GIRL MINI BACKPACK,4,2011-09-25 13:25:00,4.15,12685.0,France
549543,84050,PINK HEART SHAPE EGG FRYING PAN,1,2011-04-10 11:14:00,1.65,18118.0,United Kingdom
567095,21986,PACK OF 12 PINK POLKADOT TISSUES,24,2011-09-16 13:03:00,0.39,17049.0,United Kingdom
563534,22851,SET 20 NAPKINS FAIRY CAKES DESIGN ,12,2011-08-17 11:37:00,0.85,14323.0,United Kingdom
580729,22732,3D VINTAGE CHRISTMAS STICKERS ,4,2011-12-05 17:24:00,2.46,,United Kingdom
570187,23307,SET OF 60 PANTRY DESIGN CAKE CASES ,3,2011-10-07 15:09:00,1.25,,United Kingdom
546365,22745,POPPY'S PLAYHOUSE BEDROOM ,6,2011-03-11 11:35:00,2.1,12520.0,Germany
575731,22467,GUMBALL COAT RACK,1,2011-11-10 20:01:00,2.55,13230.0,United Kingdom
558995,22730,ALARM CLOCK BAKELIKE IVORY,4,2011-07-05 12:03:00,3.75,17671.0,United Kingdom
561693,23550,WRAP ALPHABET POSTER  ,25,2011-07-29 09:48:00,0.42,15120.0,United Kingdom
566281,22741,FUNKY DIVA PEN,48,2011-09-11 14:15:00,0.85,12748.0,United Kingdom
581571,21313,GLASS HEART T-LIGHT HOLDER ,1,2011-12-09 12:00:00,0.85,15311.0,United Kingdom
554511,47574A,ENGLISH ROSE SCENTED HANGING FLOWER,2,2011-05-24 15:52:00,2.46,,United Kingdom
576920,22720,SET OF 3 CAKE TINS PANTRY DESIGN ,3,2011-11-17 10:49:00,4.95,13871.0,United Kingdom
570488,22493,PAINT YOUR OWN CANVAS SET,1,2011-10-10 17:12:00,3.29,14096.0,United Kingdom
C575161,22960,JAM MAKING SET WITH JARS,-5,2011-11-08 16:25:00,4.25,15271.0,United Kingdom
559055,85086A,CANDY SPOT HEART DECORATION,2,2011-07-05 17:09:00,0.83,,United Kingdom
581476,22197,POPCORN HOLDER,100,2011-12-09 08:48:00,0.72,12433.0,Norway
546113,85066,CREAM SWEETHEART MINI CHEST,1,2011-03-09 13:18:00,12.75,14344.0,United Kingdom
560255,22635,CHILDS BREAKFAST SET DOLLY GIRL ,2,2011-07-17 13:08:00,9.95,16054.0,United Kingdom
539451,84459A,PINK METAL CHICKEN HEART ,1,2010-12-17 16:59:00,3.36,,United Kingdom
579559,23581,JUMBO BAG PAISLEY PARK,1,2011-11-30 11:30:00,2.08,16764.0,United Kingdom
561870,22608,PENS ASSORTED FUNKY JEWELED ,36,2011-07-31 11:45:00,0.19,14911.0,EIRE
542898,22796,PHOTO FRAME 3 CLASSIC HANGING,1,2011-02-01 14:01:00,9.95,16110.0,United Kingdom
564353,22945,CHRISTMAS METAL TAGS ASSORTED ,24,2011-08-24 15:08:00,0.85,15764.0,United Kingdom
540646,21803,CHRISTMAS TREE STAR DECORATION,5,2011-01-10 14:32:00,0.43,,United Kingdom
579143,22577,WOODEN HEART CHRISTMAS SCANDINAVIAN,24,2011-11-28 13:08:00,0.29,13882.0,United Kingdom
548796,85099F,JUMBO BAG STRAWBERRY,4,2011-04-04 12:42:00,2.08,15752.0,United Kingdom
552769,48194,DOORMAT HEARTS,1,2011-05-11 11:47:00,7.95,16241.0,United Kingdom
580729,23526,WALL ART DOG LICENCE ,3,2011-12-05 17:24:00,12.46,,United Kingdom
577506,23127,FELTCRAFT GIRL NICOLE KIT,1,2011-11-20 12:40:00,4.95,13212.0,United Kingdom
545073,22485,SET OF 2 WOODEN MARKET CRATES,2,2011-02-28 09:26:00,12.75,14036.0,United Kingdom
573185,22153,ANGEL DECORATION STARS ON DRESS,48,2011-10-28 11:34:00,0.42,17730.0,United Kingdom
556942,22437,SET OF 9 BLACK SKULL BALLOONS,20,2011-06-15 16:42:00,0.85,14222.0,United Kingdom
576321,23344,JUMBO BAG 50'S CHRISTMAS ,6,2011-11-14 14:59:00,2.08,14953.0,United Kingdom
540545,21181,PLEASE ONE PERSON METAL SIGN,4,2011-01-09 15:35:00,2.1,13451.0,United Kingdom
557598,85040A,S/4 PINK FLOWER CANDLES IN BOWL,36,2011-06-21 11:33:00,1.65,14667.0,United Kingdom
579572,23173,REGENCY TEAPOT ROSES ,2,2011-11-30 11:49:00,9.95,15394.0,United Kingdom
553521,22684,FRENCH BLUE METAL DOOR SIGN 9,2,2011-05-17 14:35:00,0.0,,United Kingdom
544586,22173,METAL 4 HOOK HANGER FRENCH CHATEAU,2,2011-02-21 15:04:00,2.95,17338.0,United Kingdom
560434,23300,GARDENERS KNEELING PAD CUP OF TEA ,1,2011-07-18 15:56:00,3.29,,United Kingdom
571291,22467,GUMBALL COAT RACK,2,2011-10-16 15:44:00,2.55,13610.0,United Kingdom
562616,23188,VINTAGE  2 METER FOLDING RULER,12,2011-08-08 12:28:00,1.65,14748.0,United Kingdom
565766,21908,CHOCOLATE THIS WAY METAL SIGN,1,2011-09-06 14:23:00,2.1,17841.0,United Kingdom
577074,20775,DAISY NOTEBOOK ,6,2011-11-17 15:04:00,1.65,15399.0,United Kingdom
574327,21169,YOU'RE CONFUSING ME METAL SIGN ,12,2011-11-04 09:03:00,1.69,13013.0,United Kingdom
571429,23333,IVORY WICKER HEART MEDIUM,5,2011-10-17 12:50:00,1.25,15335.0,United Kingdom
543995,22726,ALARM CLOCK BAKELIKE GREEN,12,2011-02-15 10:45:00,3.75,13408.0,United Kingdom
548317,16156S,WRAP PINK FAIRY CAKES ,25,2011-03-30 12:43:00,0.42,18179.0,United Kingdom
547498,22382,LUNCH BAG SPACEBOY DESIGN ,1,2011-03-23 12:24:00,1.65,15021.0,United Kingdom
570224,20719,WOODLAND CHARLOTTE BAG,3,2011-10-09 13:15:00,0.85,16931.0,United Kingdom
574239,22962,JAM JAR WITH PINK LID,12,2011-11-03 12:43:00,0.85,14849.0,United Kingdom
555322,85099B,JUMBO BAG RED RETROSPOT,1,2011-06-02 11:01:00,4.13,,United Kingdom
563565,23168,CLASSIC CAFE SUGAR DISPENSER,3,2011-08-17 14:22:00,1.25,17338.0,United Kingdom
547650,21922,UNION STRIPE WITH FRINGE  HAMMOCK,2,2011-03-24 12:08:00,7.95,17059.0,United Kingdom
C546128,22726,ALARM CLOCK BAKELIKE GREEN,-1,2011-03-09 15:05:00,3.75,15622.0,United Kingdom
540418,85116,BLACK CANDELABRA T-LIGHT HOLDER,8,2011-01-07 11:04:00,1.66,,United Kingdom
542624,21890,S/6 WOODEN SKITTLES IN COTTON BAG,1,2011-01-31 09:48:00,5.79,,United Kingdom
556128,23167,SMALL CERAMIC TOP STORAGE JAR ,12,2011-06-09 10:31:00,0.83,13038.0,United Kingdom
571054,23517,EMBROIDERED RIBBON REEL REBECCA ,1,2011-10-13 13:58:00,2.89,14234.0,United Kingdom
545851,22295,HEART FILIGREE DOVE LARGE,1,2011-03-07 13:45:00,1.65,15026.0,United Kingdom
569374,23411, TRELLIS COAT RACK,1,2011-10-03 16:14:00,10.79,,United Kingdom
558086,22364,GLASS JAR DIGESTIVE BISCUITS,1,2011-06-26 11:59:00,2.95,16728.0,United Kingdom
560845,22925,BLUE GIANT GARDEN THERMOMETER,2,2011-07-21 12:29:00,5.95,15570.0,United Kingdom
562933,22295,HEART FILIGREE DOVE LARGE,1,2011-08-10 16:51:00,3.29,,United Kingdom
568567,23188,VINTAGE  2 METER FOLDING RULER,1,2011-09-27 18:41:00,3.29,,United Kingdom
557278,22718,CARD CAT AND TREE ,12,2011-06-19 12:08:00,0.42,13089.0,United Kingdom
542862,22497,SET OF 2 TINS VINTAGE BATHROOM ,1,2011-02-01 11:51:00,4.25,14606.0,United Kingdom
546980,22411,JUMBO SHOPPER VINTAGE RED PAISLEY,10,2011-03-18 12:18:00,1.95,13591.0,United Kingdom
C562139,84978,HANGING HEART JAR T-LIGHT HOLDER,-1,2011-08-03 10:10:00,1.25,12921.0,United Kingdom
566561,23551,PACK OF 12 PAISLEY PARK TISSUES ,24,2011-09-13 12:13:00,0.39,18145.0,United Kingdom
548327,21730,GLASS STAR FROSTED T-LIGHT HOLDER,2,2011-03-30 13:05:00,4.95,16788.0,United Kingdom
562846,84692,BOX OF 24 COCKTAIL PARASOLS,25,2011-08-10 09:29:00,1.63,,United Kingdom
568650,85017B,ENVELOPE 50 BLOSSOM IMAGES,12,2011-09-28 11:56:00,0.42,13505.0,Switzerland
570872,21791,VINTAGE HEADS AND TAILS CARD GAME ,1,2011-10-12 16:40:00,2.46,,United Kingdom
546884,22295,HEART FILIGREE DOVE LARGE,1,2011-03-17 18:08:00,3.29,,United Kingdom
566737,22621,TRADITIONAL KNITTING NANCY,12,2011-09-14 14:26:00,1.65,13430.0,United Kingdom
554285,22501,PICNIC BASKET WICKER LARGE,1,2011-05-23 14:15:00,20.79,,United Kingdom
540540,22443,GROW YOUR OWN HERBS SET OF 3,3,2011-01-09 15:10:00,7.95,17218.0,United Kingdom
569741,22768,FAMILY PHOTO FRAME CORNICE,2,2011-10-06 10:52:00,9.95,14626.0,United Kingdom
552683,21078,SET/20 STRAWBERRY PAPER NAPKINS ,1,2011-05-10 15:09:00,2.46,,United Kingdom
556201,23162,REGENCY TEA STRAINER,8,2011-06-09 13:01:00,3.75,12347.0,Iceland
574039,47599A,PINK PARTY BAGS,15,2011-11-02 12:57:00,2.1,17800.0,United Kingdom
551174,DOT,DOTCOM POSTAGE,1,2011-04-26 17:02:00,111.73,,United Kingdom
560937,23154,SET OF 4 JAM JAR MAGNETS,1,2011-07-22 10:52:00,2.08,17920.0,United Kingdom
575512,22139,RETROSPOT TEA SET CERAMIC 11 PC ,6,2011-11-10 10:36:00,4.95,14121.0,United Kingdom
545048,82482,WOODEN PICTURE FRAME WHITE FINISH,2,2011-02-27 11:48:00,2.55,14810.0,United Kingdom
551341,84978,HANGING HEART JAR T-LIGHT HOLDER,108,2011-04-28 07:52:00,1.06,15189.0,United Kingdom
541497,22728,ALARM CLOCK BAKELIKE PINK,1,2011-01-18 15:19:00,7.46,,United Kingdom
576147,23583,LUNCH BAG PAISLEY PARK  ,20,2011-11-14 10:49:00,1.65,16303.0,United Kingdom
564835,22960,JAM MAKING SET WITH JARS,1,2011-08-30 12:31:00,8.29,,United Kingdom
581173,21172,PARTY METAL SIGN ,1,2011-12-07 15:07:00,1.45,17870.0,United Kingdom
547093,21495,SKULLS AND CROSSBONES WRAP,25,2011-03-21 08:20:00,0.42,14762.0,United Kingdom
556237,15058A,BLUE POLKADOT GARDEN PARASOL,1,2011-06-09 15:34:00,10.79,,United Kingdom
543459,21080,SET/20 RED RETROSPOT PAPER NAPKINS ,24,2011-02-08 13:28:00,0.85,12599.0,France
557762,20728,LUNCH BAG CARS BLUE,10,2011-06-22 14:01:00,1.65,15810.0,United Kingdom
558682,22431,WATERING CAN BLUE ELEPHANT,1,2011-07-01 11:20:00,4.13,,United Kingdom
537655,84970L,SINGLE HEART ZINC T-LIGHT HOLDER,12,2010-12-07 16:20:00,0.95,15081.0,United Kingdom
563557,23031,DRAWER KNOB CRACKLE GLAZE PINK,24,2011-08-17 13:33:00,1.65,15786.0,United Kingdom
567656,22573,STAR WOODEN CHRISTMAS DECORATION,1,2011-09-21 14:40:00,1.63,14096.0,United Kingdom
577768,22633,HAND WARMER UNION JACK,2,2011-11-21 15:18:00,4.13,,United Kingdom
567504,23393,HOME SWEET HOME CUSHION COVER ,4,2011-09-20 14:33:00,3.75,13356.0,United Kingdom
569007,21790,VINTAGE SNAP CARDS,24,2011-09-29 18:51:00,0.85,17552.0,United Kingdom
550464,75049L,LARGE CIRCULAR MIRROR MOBILE,12,2011-04-18 13:30:00,1.25,16550.0,United Kingdom
570694,22720,SET OF 3 CAKE TINS PANTRY DESIGN ,3,2011-10-12 08:10:00,4.95,14911.0,EIRE
537823,22079,RIBBON REEL HEARTS DESIGN ,2,2010-12-08 14:25:00,3.36,,United Kingdom
550298,23076,ICE CREAM SUNDAE LIP GLOSS,24,2011-04-15 16:11:00,1.25,17346.0,United Kingdom
562964,22457,NATURAL SLATE HEART CHALKBOARD ,6,2011-08-11 10:29:00,2.95,13488.0,United Kingdom
556510,84674,FLYING PIG WATERING CAN,6,2011-06-13 10:36:00,2.95,14911.0,EIRE
575947,22961,JAM MAKING SET PRINTED,3,2011-11-13 11:50:00,3.29,,United Kingdom
538349,22465,HANGING METAL STAR LANTERN,1,2010-12-10 14:59:00,3.36,,United Kingdom
550188,22622,BOX OF VINTAGE ALPHABET BLOCKS,4,2011-04-14 18:57:00,9.95,12457.0,Switzerland
579787,82482,WOODEN PICTURE FRAME WHITE FINISH,2,2011-11-30 15:33:00,4.96,,United Kingdom
568650,84849A,HELLO SAILOR BLUE SOAP HOLDER,12,2011-09-28 11:56:00,1.69,13505.0,Switzerland
572552,22147,FELTCRAFT BUTTERFLY HEARTS,1,2011-10-24 17:07:00,3.29,14096.0,United Kingdom
561025,84970S,HANGING HEART ZINC T-LIGHT HOLDER,4,2011-07-24 10:37:00,0.85,16241.0,United Kingdom
580065,84029G,KNITTED UNION FLAG HOT WATER BOTTLE,4,2011-12-01 13:33:00,4.25,15434.0,United Kingdom
542107,22913,RED COAT RACK PARIS FASHION,1,2011-01-25 13:38:00,4.95,16222.0,United Kingdom
541588,21188,3D HEARTS  HONEYCOMB PAPER GARLAND,12,2011-01-19 14:43:00,2.95,14307.0,United Kingdom
536408,84879,ASSORTED COLOUR BIRD ORNAMENT,8,2010-12-01 11:41:00,1.69,14307.0,United Kingdom
578516,21930,JUMBO STORAGE BAG SKULLS,10,2011-11-24 13:53:00,2.08,14591.0,United Kingdom
571672,22139,RETROSPOT TEA SET CERAMIC 11 PC ,6,2011-10-18 13:15:00,4.95,13880.0,United Kingdom
574678,22796,PHOTO FRAME 3 CLASSIC HANGING,4,2011-11-06 12:36:00,9.95,13365.0,United Kingdom
565150,84660B,BLACK STITCHED WALL CLOCK,86,2011-09-01 14:26:00,0.79,14298.0,United Kingdom
560996,22295,HEART FILIGREE DOVE LARGE,12,2011-07-22 13:53:00,1.65,17625.0,United Kingdom
568104,23307,SET OF 60 PANTRY DESIGN CAKE CASES ,1,2011-09-23 15:50:00,0.55,16485.0,United Kingdom
550620,20971,PINK BLUE FELT CRAFT TRINKET BOX,12,2011-04-19 13:39:00,1.25,12585.0,Germany
578668,21819,GLITTER CHRISTMAS STAR ,72,2011-11-24 17:11:00,0.39,12971.0,United Kingdom
543040,21975,PACK OF 60 DINOSAUR CAKE CASES,1,2011-02-02 17:06:00,0.55,17337.0,United Kingdom
572674,23490,T-LIGHT HOLDER HANGING LOVE BIRD,3,2011-10-25 13:17:00,3.75,14173.0,United Kingdom
575739,23566,EGG CUP MILKMAID HEIDI,2,2011-11-11 09:05:00,2.46,,United Kingdom
574076,23328,SET 6 SCHOOL MILK BOTTLES IN CRATE,12,2011-11-02 15:38:00,7.46,,United Kingdom
559009,23047,PAPER LANTERN 5 POINT SEQUIN STAR,6,2011-07-05 12:47:00,5.75,15549.0,United Kingdom
543036,21174,POTTERING IN THE SHED METAL SIGN,1,2011-02-02 15:57:00,1.95,17223.0,United Kingdom
571741,84946,ANTIQUE SILVER T-LIGHT GLASS,12,2011-10-19 10:36:00,1.25,15610.0,United Kingdom
540604,22705,WRAP GREEN PEARS ,25,2011-01-10 11:38:00,0.42,15326.0,United Kingdom
540523,22380,TOY TIDY SPACEBOY  ,5,2011-01-09 12:51:00,2.1,13069.0,United Kingdom
580043,22696,WICKER WREATH LARGE,2,2011-12-01 12:25:00,1.95,14527.0,United Kingdom
542236,82494L,WOODEN FRAME ANTIQUE WHITE ,1,2011-01-26 14:19:00,2.95,17027.0,United Kingdom
542929,22500,SET OF 2 TINS JARDIN DE PROVENCE,1,2011-02-02 10:34:00,4.95,17811.0,United Kingdom
539742,21876,POTTERING MUG,1,2010-12-21 15:20:00,3.36,,United Kingdom
546088,22430,ENAMEL WATERING CAN CREAM,4,2011-03-09 11:44:00,4.95,12881.0,United Kingdom
551305,21395,BLUE POLKADOT BEAKER ,48,2011-04-27 14:58:00,0.39,16145.0,United Kingdom
571312,23243,SET OF TEA COFFEE SUGAR TINS PANTRY,4,2011-10-17 10:42:00,4.95,12474.0,Germany
547414,21754,HOME BUILDING BLOCK WORD,3,2011-03-23 09:54:00,5.95,17733.0,United Kingdom
565426,23191,BUNDLE OF 3 RETRO NOTE BOOKS,1,2011-09-04 12:41:00,1.65,12851.0,United Kingdom
551005,22283,6 EGG HOUSE PAINTED WOOD,1,2011-04-26 09:48:00,15.79,,United Kingdom
544207,21559,STRAWBERRY LUNCH BOX WITH CUTLERY,1,2011-02-17 10:34:00,4.96,,United Kingdom
576841,23168,CLASSIC CAFE SUGAR DISPENSER,1,2011-11-16 15:26:00,1.25,17368.0,United Kingdom
540995,22973,CHILDREN'S CIRCUS PARADE MUG,1,2011-01-13 09:30:00,3.29,,United Kingdom
554859,22899,CHILDREN'S APRON DOLLY GIRL ,50,2011-05-27 10:16:00,1.85,14828.0,United Kingdom
545996,22908,PACK OF 20 NAPKINS RED APPLES,6,2011-03-08 14:12:00,0.85,14367.0,United Kingdom
578827,23395,BELLE JARDINIERE CUSHION COVER,1,2011-11-25 14:25:00,10.79,,United Kingdom
570690,22338,STAR DECORATION PAINTED ZINC ,2,2011-10-11 16:37:00,0.63,,United Kingdom
561113,22189,CREAM HEART CARD HOLDER,10,2011-07-25 12:09:00,3.95,17841.0,United Kingdom
579512,23355,HOT WATER BOTTLE KEEP CALM,1,2011-11-29 16:47:00,10.79,,United Kingdom
573911,20979,36 PENCILS TUBE RED RETROSPOT,6,2011-11-01 15:40:00,1.25,17315.0,United Kingdom
552857,21559,STRAWBERRY LUNCH BOX WITH CUTLERY,1,2011-05-11 15:34:00,4.96,,United Kingdom
541414,21733,RED HANGING HEART T-LIGHT HOLDER,1,2011-01-17 16:14:00,2.95,18212.0,United Kingdom
568591,22169,FAMILY ALBUM WHITE PICTURE FRAME,4,2011-09-28 10:39:00,8.5,17088.0,United Kingdom
548708,22963,JAM JAR WITH GREEN LID,6,2011-04-03 12:41:00,0.85,13269.0,United Kingdom
543097,90208,PAIR OF PINK FLOWER CLUSTER SLIDE,1,2011-02-03 11:41:00,2.48,,United Kingdom
547249,21288,STRIPEY CHOCOLATE NESTING BOXES,2,2011-03-22 09:27:00,3.29,,United Kingdom
575726,22745,POPPY'S PLAYHOUSE BEDROOM ,2,2011-11-10 19:12:00,2.1,16791.0,United Kingdom
546096,84970L,SINGLE HEART ZINC T-LIGHT HOLDER,12,2011-03-09 11:59:00,0.95,15502.0,United Kingdom
565396,21916,SET 12 RETRO WHITE CHALK STICKS,1,2011-09-02 16:39:00,0.83,,United Kingdom
569129,23234,BISCUIT TIN VINTAGE CHRISTMAS,2,2011-09-30 13:40:00,2.89,15034.0,United Kingdom
545417,22840,ROUND CAKE TIN VINTAGE RED,2,2011-03-02 13:42:00,7.95,15622.0,United Kingdom
575481,16011,ANIMAL STICKERS,23,2011-11-09 16:28:00,0.21,15679.0,United Kingdom
564483,22435,SET OF 9 HEART SHAPED BALLOONS,12,2011-08-25 13:46:00,1.25,14050.0,United Kingdom
558767,21034,REX CASH+CARRY JUMBO SHOPPER,1,2011-07-03 13:27:00,0.95,13833.0,United Kingdom
558045,84077,WORLD WAR 2 GLIDERS ASSTD DESIGNS,48,2011-06-24 13:35:00,0.29,12615.0,France
578539,22138,BAKING SET 9 PIECE RETROSPOT ,9,2011-11-24 14:55:00,4.95,,Unspecified
569215,22386,JUMBO BAG PINK POLKADOT,2,2011-10-02 12:30:00,2.08,13571.0,United Kingdom
542777,21470,FLOWER VINE RAFFIA FOOD COVER,6,2011-02-01 08:31:00,3.75,14911.0,EIRE
573138,23543,WALL ART KEEP CALM ,1,2011-10-27 17:22:00,8.25,15023.0,United Kingdom
546005,48184,DOORMAT ENGLISH ROSE ,10,2011-03-08 15:17:00,6.75,14426.0,United Kingdom
553224,23209,LUNCH BAG DOILEY PATTERN ,4,2011-05-16 10:40:00,1.65,17228.0,United Kingdom
569643,23534,STOP FOR TEA WALL ART,3,2011-10-05 12:31:00,5.95,15730.0,United Kingdom
562955,22698,PINK REGENCY TEACUP AND SAUCER,12,2011-08-11 10:14:00,5.79,,United Kingdom
569834,22993,SET OF 4 PANTRY JELLY MOULDS,12,2011-10-06 13:00:00,1.25,14383.0,United Kingdom
580367,22113,GREY HEART HOT WATER BOTTLE,2,2011-12-02 16:39:00,8.29,,United Kingdom
537237,21896,POTTING SHED TWINE,1,2010-12-06 09:58:00,4.21,,United Kingdom
553979,20749,ASSORTED COLOUR MINI CASES,12,2011-05-20 11:07:00,6.35,15694.0,United Kingdom
567356,22219,LOVEBIRD HANGING DECORATION WHITE ,8,2011-09-19 16:21:00,0.85,16527.0,United Kingdom
554978,15036,ASSORTED COLOURS SILK FAN,12,2011-05-29 11:05:00,0.83,16889.0,United Kingdom
540153,85123A,WHITE HANGING HEART T-LIGHT HOLDER,32,2011-01-05 11:25:00,2.55,15841.0,United Kingdom
538035,21115,ROSE CARAVAN DOORSTOP,1,2010-12-09 13:03:00,6.75,16065.0,United Kingdom
568346,21094,SET/6 RED SPOTTY PAPER PLATES,1,2011-09-26 15:28:00,0.83,14096.0,United Kingdom
575930,23002,TRAVEL CARD WALLET SKULLS,2,2011-11-11 17:58:00,0.83,,United Kingdom
537155,22865,HAND WARMER OWL DESIGN,1,2010-12-05 13:05:00,2.1,12748.0,United Kingdom
547712,85066,CREAM SWEETHEART MINI CHEST,1,2011-03-24 19:31:00,12.75,16905.0,United Kingdom
566739,22915,ASSORTED BOTTLE TOP  MAGNETS ,24,2011-09-14 14:30:00,0.42,12566.0,Germany
541584,47566b,TEA TIME PARTY BUNTING,1,2011-01-19 14:12:00,8.29,,United Kingdom
575624,23295,SET OF 12 MINI LOAF BAKING CASES,40,2011-11-10 13:18:00,0.83,18217.0,United Kingdom
541827,22117,METAL SIGN HER DINNER IS SERVED ,1,2011-01-21 17:05:00,1.63,,United Kingdom
569653,23389,SPACEBOY MINI BACKPACK,4,2011-10-05 12:52:00,4.15,12451.0,Switzerland
562046,22631,CIRCUS PARADE LUNCH BOX ,12,2011-08-02 10:34:00,1.95,12378.0,Switzerland
555076,22627,MINT KITCHEN SCALES,2,2011-05-31 12:11:00,8.5,13900.0,United Kingdom
C578832,22379,RECYCLING BAG RETROSPOT ,-15,2011-11-25 15:18:00,2.1,13069.0,United Kingdom
551247,22607,WOODEN ROUNDERS GARDEN SET ,4,2011-04-27 11:56:00,9.95,15640.0,United Kingdom
577489,84946,ANTIQUE SILVER T-LIGHT GLASS,6,2011-11-20 12:07:00,1.25,,United Kingdom
561036,21905,MORE BUTTER METAL SIGN ,2,2011-07-24 11:54:00,0.79,13137.0,United Kingdom
547874,22284,HEN HOUSE DECORATION,2,2011-03-27 15:39:00,1.65,14476.0,United Kingdom
578746,84997d,CHILDRENS CUTLERY POLKADOT PINK,10,2011-11-25 11:36:00,8.29,,United Kingdom
548703,22896,PEG BAG APPLES DESIGN,1,2011-04-03 11:37:00,2.55,16010.0,United Kingdom
578946,20728,LUNCH BAG CARS BLUE,1,2011-11-27 13:47:00,1.65,16005.0,United Kingdom
542344,22983,CARD BILLBOARD FONT,2,2011-01-27 11:30:00,0.83,,United Kingdom
543098,22729,ALARM CLOCK BAKELIKE ORANGE,4,2011-02-03 11:49:00,3.75,13102.0,United Kingdom
550499,21452,TOADSTOOL MONEY BOX,1,2011-04-18 15:16:00,5.79,,United Kingdom
579102,22423,REGENCY CAKESTAND 3 TIER,6,2011-11-28 11:33:00,12.75,14911.0,EIRE
560240,22517,CHILDS GARDEN RAKE PINK,1,2011-07-17 11:59:00,2.1,15716.0,United Kingdom
545916,21217,RED RETROSPOT ROUND CAKE TINS,2,2011-03-08 11:46:00,9.95,12528.0,Germany
564315,23319,BOX OF 6 MINI 50'S CRACKERS,2,2011-08-24 13:07:00,2.49,14730.0,United Kingdom
571653,23432,PRETTY HANGING QUILTED HEARTS,48,2011-10-18 12:17:00,0.72,14298.0,United Kingdom
544077,85186C,BUNNY EGG GARLAND,4,2011-02-15 15:04:00,0.42,14825.0,United Kingdom
542996,21385,IVORY HANGING DECORATION  HEART,24,2011-02-02 12:10:00,0.85,15046.0,United Kingdom
576078,23439,HAND WARMER RED LOVE HEART,4,2011-11-13 16:22:00,2.1,14432.0,United Kingdom
550899,21976,PACK OF 60 MUSHROOM CAKE CASES,24,2011-04-21 12:07:00,0.55,13505.0,Switzerland
577537,71459,HANGING JAM JAR T-LIGHT HOLDERS,12,2011-11-20 14:17:00,0.85,14860.0,United Kingdom
548505,22357,KINGS CHOICE BISCUIT TIN,1,2011-03-31 14:34:00,8.29,,United Kingdom
566424,22333,RETROSPOT PARTY BAG + STICKER SET,8,2011-09-12 14:15:00,1.65,13309.0,United Kingdom
563238,22120,WELCOME  WOODEN BLOCK LETTERS,12,2011-08-15 09:59:00,8.5,15093.0,United Kingdom
554030,23163,REGENCY SUGAR TONGS,8,2011-05-20 13:56:00,2.49,16497.0,United Kingdom
C571707,23198,PANTRY MAGNETIC  SHOPPING LIST,-1,2011-10-18 15:33:00,1.45,14056.0,United Kingdom
567721,20676,RED RETROSPOT BOWL,72,2011-09-22 10:38:00,1.06,12409.0,Switzerland
544637,22933,BAKING MOULD EASTER EGG MILK CHOC,18,2011-02-22 11:20:00,2.95,16546.0,United Kingdom
547664,21398,RED POLKADOT COFFEE  MUG,12,2011-03-24 13:16:00,0.39,13069.0,United Kingdom
543251,22383,LUNCH BAG SUKI  DESIGN ,10,2011-02-04 14:51:00,1.65,14194.0,United Kingdom
562649,21985,PACK OF 12 HEARTS DESIGN TISSUES ,4,2011-08-08 13:11:00,0.29,14606.0,United Kingdom
538108,22637,PIGGY BANK RETROSPOT ,4,2010-12-09 15:23:00,2.55,17456.0,United Kingdom
566291,22523,CHILDS GARDEN FORK PINK,4,2011-09-11 15:31:00,0.85,12965.0,United Kingdom
557757,85114A,BLACK ENCHANTED FOREST PLACEMAT,4,2011-06-22 13:28:00,1.65,14606.0,United Kingdom
552460,21936,RED RETROSPOT PICNIC BAG,5,2011-05-09 14:44:00,2.95,13178.0,United Kingdom
544453,21034,REX CASH+CARRY JUMBO SHOPPER,1,2011-02-20 13:06:00,0.95,17214.0,United Kingdom
579141,22898,CHILDRENS APRON APPLES DESIGN,2,2011-11-28 13:06:00,1.95,17019.0,United Kingdom
572553,16219,HOUSE SHAPE PENCIL SHARPENER,1,2011-10-24 17:09:00,0.83,,United Kingdom
536778,15036,ASSORTED COLOURS SILK FAN,12,2010-12-02 15:03:00,0.75,13138.0,United Kingdom
579522,82486,3 DRAWER ANTIQUE WHITE WOOD CABINET,4,2011-11-30 08:04:00,8.95,14432.0,United Kingdom
570592,22726,ALARM CLOCK BAKELIKE GREEN,6,2011-10-11 11:37:00,8.29,,United Kingdom
547822,22215,CAKE STAND WHITE TWO TIER LACE,2,2011-03-25 14:53:00,8.5,12668.0,Germany
C577779,23056,FLOWERS CHANDELIER T-LIGHT HOLDER,-96,2011-11-21 16:11:00,1.0,,United Kingdom
562570,22047,EMPIRE GIFT WRAP,25,2011-08-07 12:10:00,0.42,14079.0,United Kingdom
569824,23354,6 GIFT TAGS 50'S CHRISTMAS ,6,2011-10-06 12:22:00,0.83,17295.0,United Kingdom
567656,84924A,WAKE UP COCKEREL CALENDAR SIGN ,1,2011-09-21 14:40:00,7.46,14096.0,United Kingdom
555399,22560,TRADITIONAL MODELLING CLAY,3,2011-06-02 17:41:00,1.25,15555.0,United Kingdom
570087,23298,SPOTTY BUNTING,1,2011-10-07 11:26:00,10.79,,United Kingdom
568411,21523,DOORMAT FANCY FONT HOME SWEET HOME,1,2011-09-27 10:52:00,16.63,,United Kingdom
579885,23136,IVORY WIRE SWEETHEART LETTER TRAY,1,2011-11-30 17:37:00,3.75,15444.0,United Kingdom
571430,84949,SILVER HANGING T-LIGHT HOLDER,6,2011-10-17 12:51:00,1.65,13090.0,United Kingdom
580384,23329,DECORATIVE WICKER HEART LARGE,10,2011-12-04 10:10:00,1.65,17243.0,United Kingdom
565854,21564,PINK  HEART SHAPE LOVE BUCKET ,6,2011-09-07 13:22:00,2.95,12490.0,France
581002,22716,CARD CIRCUS PARADE,12,2011-12-07 08:21:00,0.42,14708.0,United Kingdom
574481,23508,MINI PLAYING CARDS DOLLY GIRL ,1,2011-11-04 12:45:00,0.42,18022.0,United Kingdom
544214,22694,WICKER STAR ,2,2011-02-17 11:19:00,3.29,,United Kingdom
541508,22161,HEART DECORATION RUSTIC HANGING ,1,2011-01-18 16:06:00,1.63,,United Kingdom
579777,21257,VICTORIAN SEWING BOX MEDIUM,1,2011-11-30 15:13:00,15.79,,United Kingdom
562715,22945,CHRISTMAS METAL TAGS ASSORTED ,6,2011-08-08 15:34:00,1.8,,United Kingdom
574624,23570,TRADITIONAL PICK UP STICKS GAME ,7,2011-11-06 11:20:00,1.25,17769.0,United Kingdom
536876,84663A,GRASS HOPPER WOODEN WALL CLOCK ,1,2010-12-03 11:36:00,5.91,,United Kingdom
566164,20728,LUNCH BAG CARS BLUE,14,2011-09-09 11:56:00,4.96,,United Kingdom
537955,79066K,RETRO MOD TRAY,2,2010-12-09 11:28:00,0.85,16782.0,United Kingdom
573142,21990,MODERN FLORAL STATIONERY SET,36,2011-10-27 17:48:00,1.25,18035.0,United Kingdom
543997,21086,SET/6 RED SPOTTY PAPER CUPS,4,2011-02-15 10:49:00,0.65,17348.0,United Kingdom
551997,21154,RED RETROSPOT OVEN GLOVE ,1,2011-05-05 15:47:00,2.46,,United Kingdom
557850,23240,SET OF 4 KNICK KNACK TINS DOILEY ,6,2011-06-23 10:56:00,4.15,12720.0,Germany
561642,23301,GARDENERS KNEELING PAD KEEP CALM ,3,2011-07-28 15:04:00,1.65,17965.0,United Kingdom
565396,20733,GOLD MINI TAPE MEASURE ,1,2011-09-02 16:39:00,0.83,,United Kingdom
581358,22979,PANTRY WASHING UP BRUSH,12,2011-12-08 12:30:00,1.45,17436.0,United Kingdom
545227,23231,WRAP DOILEY DESIGN,25,2011-03-01 09:35:00,0.42,12428.0,Finland
568614,22728,ALARM CLOCK BAKELIKE PINK,4,2011-09-28 11:26:00,3.75,13515.0,United Kingdom
561704,22325,MOBILE VINTAGE HEARTS ,1,2011-07-29 11:07:00,4.95,14606.0,United Kingdom
565776,21929,JUMBO BAG PINK VINTAGE PAISLEY,3,2011-09-06 14:38:00,2.08,15311.0,United Kingdom
548335,20712,JUMBO BAG WOODLAND ANIMALS,10,2011-03-30 13:57:00,1.95,14272.0,United Kingdom
560366,85231B,CINAMMON SET OF 9 T-LIGHTS,12,2011-07-18 12:19:00,0.85,16859.0,United Kingdom
569714,23388,WOODLAND MINI BACKPACK,1,2011-10-05 17:28:00,4.15,18033.0,United Kingdom
581164,22111,SCOTTIE DOG HOT WATER BOTTLE,2,2011-12-07 14:34:00,4.95,14395.0,United Kingdom
543354,22089,PAPER BUNTING VINTAGE PAISLEY,6,2011-02-07 13:50:00,2.95,13458.0,United Kingdom
562457,23309,SET OF 60 I LOVE LONDON CAKE CASES ,24,2011-08-05 11:00:00,0.55,18079.0,United Kingdom
573332,85062,PEARL CRYSTAL PUMPKIN T-LIGHT HLDR,12,2011-10-30 11:28:00,1.65,15059.0,United Kingdom
561515,21311,SET/4 BIRD MIRROR MAGNETS ,1,2011-07-27 15:16:00,3.29,,United Kingdom
540821,21901,"KEY FOB , BACK DOOR ",1,2011-01-11 13:16:00,1.66,,United Kingdom
555477,22477,WATERING CAN GARDEN MARKER,10,2011-06-03 12:26:00,1.25,12359.0,Cyprus
545568,84991,60 TEATIME FAIRY CAKE CASES,1,2011-03-03 16:22:00,1.25,,United Kingdom
560868,23168,CLASSIC CAFE SUGAR DISPENSER,1,2011-07-21 14:14:00,1.25,14866.0,United Kingdom
555393,47566,PARTY BUNTING,4,2011-06-02 17:00:00,4.95,14221.0,United Kingdom
567378,22327,ROUND SNACK BOXES SET OF 4 SKULLS,6,2011-09-20 10:01:00,2.95,14911.0,EIRE
556089,20712,JUMBO BAG WOODLAND ANIMALS,2,2011-06-08 15:25:00,4.13,,United Kingdom
540188,85014B,RED RETROSPOT UMBRELLA,1,2011-01-05 13:57:00,5.95,16771.0,United Kingdom
547083,21071,VINTAGE BILLBOARD DRINK ME MUG,2,2011-03-20 15:21:00,1.25,15452.0,United Kingdom
541631,22382,LUNCH BAG SPACEBOY DESIGN ,10,2011-01-20 10:48:00,1.65,12637.0,France
571682,23177,TREASURE ISLAND BOOK BOX,1,2011-10-18 14:00:00,2.25,14179.0,United Kingdom
547914,22966,GINGERBREAD MAN COOKIE CUTTER,12,2011-03-28 12:35:00,1.25,12594.0,Italy
574501,47503A,ASS FLORAL PRINT MULTI SCREWDRIVER,12,2011-11-04 13:15:00,0.42,12577.0,France
538255,21531,RED RETROSPOT SUGAR JAM BOWL,6,2010-12-10 12:33:00,2.55,14911.0,EIRE
545337,22070,SMALL RED RETROSPOT MUG IN BOX ,2,2011-03-01 17:28:00,3.75,15984.0,United Kingdom
555150,22255,FELT TOADSTOOL  SMALL,10,2011-05-31 15:53:00,1.63,,United Kingdom
541424,90198A,VINTAGE ROSE BEAD BRACELET RASPBERR,1,2011-01-17 17:57:00,4.15,,United Kingdom
560225,37448,CERAMIC CAKE DESIGN SPOTTED MUG,1,2011-07-15 16:27:00,3.29,,United Kingdom
544434,22570,FELTCRAFT CUSHION RABBIT,3,2011-02-18 16:12:00,3.75,,United Kingdom
575739,22156,HEART DECORATION WITH PEARLS ,2,2011-11-11 09:05:00,1.63,,United Kingdom
573585,21328,BALLOONS  WRITING SET ,1,2011-10-31 14:41:00,3.29,,United Kingdom
560861,21385,IVORY HANGING DECORATION  HEART,7,2011-07-21 13:37:00,0.85,17660.0,United Kingdom
544778,21868,POTTING SHED TEA MUG,2,2011-02-23 12:03:00,1.25,14978.0,United Kingdom
552641,21524,DOORMAT SPOTTY HOME SWEET HOME,10,2011-05-10 13:20:00,6.75,16525.0,United Kingdom
537645,20679,EDWARDIAN PARASOL RED,1,2010-12-07 15:34:00,12.72,,United Kingdom
578285,23515,EMBROIDERED RIBBON REEL DAISY ,1,2011-11-23 13:57:00,2.08,12748.0,United Kingdom
542272,22720,SET OF 3 CAKE TINS PANTRY DESIGN ,3,2011-01-27 09:42:00,4.95,16496.0,United Kingdom
575880,23229,VINTAGE DONKEY TAIL GAME ,6,2011-11-11 13:35:00,3.75,12726.0,France
547830,22077,6 RIBBONS RUSTIC CHARM,3,2011-03-25 15:50:00,3.29,,United Kingdom
541134,22386,JUMBO BAG PINK POLKADOT,10,2011-01-14 10:20:00,1.95,15615.0,United Kingdom
538198,20762,GREEN FERN SKETCHBOOK ,2,2010-12-10 11:01:00,3.75,17827.0,United Kingdom
565682,21700,BIG DOUGHNUT FRIDGE MAGNETS,6,2011-09-06 10:42:00,0.85,14796.0,United Kingdom
562558,23185,FRENCH STYLE STORAGE JAR JAM,6,2011-08-05 16:43:00,0.29,13451.0,United Kingdom
557067,22382,LUNCH BAG SPACEBOY DESIGN ,24,2011-06-16 15:12:00,1.65,13098.0,United Kingdom
536830,84077,WORLD WAR 2 GLIDERS ASSTD DESIGNS,2880,2010-12-02 17:38:00,0.18,16754.0,United Kingdom
546632,84978,HANGING HEART JAR T-LIGHT HOLDER,72,2011-03-15 12:05:00,1.06,17080.0,United Kingdom
552038,22842,BISCUIT TIN VINTAGE RED,24,2011-05-06 08:08:00,5.95,14156.0,EIRE
541592,47504H,ENGLISH ROSE SPIRIT LEVEL ,1,2011-01-19 15:08:00,3.29,,United Kingdom
568149,23319,BOX OF 6 MINI 50'S CRACKERS,12,2011-09-25 11:38:00,2.49,14285.0,United Kingdom
560590,23307,SET OF 60 PANTRY DESIGN CAKE CASES ,24,2011-07-19 15:55:00,0.55,12560.0,Germany
575583,22531,MAGIC DRAWING SLATE CIRCUS PARADE  ,1,2011-11-10 11:55:00,0.42,14456.0,United Kingdom
552233,20728,LUNCH BAG CARS BLUE,10,2011-05-06 15:54:00,1.65,17068.0,United Kingdom
538524,21071,VINTAGE BILLBOARD DRINK ME MUG,1,2010-12-13 09:35:00,2.51,,United Kingdom
581219,22144,CHRISTMAS CRAFT LITTLE FRIENDS,2,2011-12-08 09:28:00,4.13,,United Kingdom
548863,48116,DOORMAT MULTICOLOUR STRIPE,10,2011-04-04 13:57:00,6.75,15311.0,United Kingdom
540468,22356,CHARLOTTE BAG PINK POLKADOT,1,2011-01-07 13:55:00,1.66,,United Kingdom
563540,22418,10 COLOUR SPACEBOY PEN,24,2011-08-17 12:04:00,0.85,12473.0,Germany
572718,21494,ROTATING LEAVES T-LIGHT HOLDER,12,2011-10-25 14:56:00,1.25,15656.0,United Kingdom
550179,22109,FULL ENGLISH BREAKFAST PLATE,4,2011-04-14 17:29:00,3.75,15220.0,United Kingdom
546212,21166,COOK WITH WINE METAL SIGN ,144,2011-03-10 11:33:00,1.85,14156.0,EIRE
553691,15056N,EDWARDIAN PARASOL NATURAL,2,2011-05-18 14:08:00,5.95,15311.0,United Kingdom
550651,85049C,ROMANTIC PINKS RIBBONS ,1,2011-04-19 16:52:00,1.25,15436.0,United Kingdom
580032,21328,BALLOONS  WRITING SET ,3,2011-12-01 12:17:00,1.65,14659.0,United Kingdom
548400,22192,BLUE DINER WALL CLOCK,1,2011-03-30 17:33:00,8.5,17400.0,United Kingdom
580883,84596F,SMALL MARSHMALLOWS PINK BOWL,2,2011-12-06 12:21:00,0.42,16979.0,United Kingdom
581218,23581,JUMBO BAG PAISLEY PARK,10,2011-12-08 09:23:00,2.08,14191.0,United Kingdom
568170,22867,HAND WARMER BIRD DESIGN,3,2011-09-25 13:08:00,2.1,16931.0,United Kingdom
578147,20769,DAISY JOURNAL ,1,2011-11-23 11:09:00,2.55,12748.0,United Kingdom
568901,21034,REX CASH+CARRY JUMBO SHOPPER,1,2011-09-29 13:22:00,0.95,15050.0,United Kingdom
575137,23008,DOLLY GIRL BABY GIFT SET,6,2011-11-08 15:13:00,14.95,13090.0,United Kingdom
538177,22946,WOODEN ADVENT CALENDAR CREAM,2,2010-12-10 09:51:00,34.0,,United Kingdom
537399,22952,60 CAKE CASES VINTAGE CHRISTMAS,3,2010-12-06 14:31:00,0.55,13030.0,United Kingdom
556685,23301,GARDENERS KNEELING PAD KEEP CALM ,12,2011-06-14 10:00:00,1.65,14503.0,United Kingdom
541279,22196,SMALL HEART MEASURING SPOONS,12,2011-01-17 11:55:00,0.85,18223.0,United Kingdom
579069,22094,RED RETROSPOT TISSUE BOX,36,2011-11-28 10:31:00,0.39,14911.0,EIRE
544687,22041,"RECORD FRAME 7"" SINGLE SIZE ",2,2011-02-22 17:25:00,2.55,13184.0,United Kingdom
551997,22494,EMERGENCY FIRST AID TIN ,1,2011-05-05 15:47:00,2.46,,United Kingdom
C566252,22856,ASSORTED EASTER DECORATIONS  BELLS,-19,2011-09-11 12:14:00,1.25,13527.0,United Kingdom
544573,22960,JAM MAKING SET WITH JARS,6,2011-02-21 13:40:00,4.25,12621.0,Germany
556102,21090,SET/6 COLLAGE PAPER PLATES,12,2011-06-08 16:15:00,0.39,13115.0,United Kingdom
539761,22558,CLOTHES PEGS RETROSPOT PACK 24 ,48,2010-12-22 10:29:00,1.25,17593.0,United Kingdom
545377,22411,JUMBO SHOPPER VINTAGE RED PAISLEY,1,2011-03-02 11:32:00,1.95,14606.0,United Kingdom
576364,23494,VINTAGE DOILY DELUXE SEWING KIT ,2,2011-11-14 17:40:00,5.95,15009.0,United Kingdom
543978,20969,RED FLORAL FELTCRAFT SHOULDER BAG,4,2011-02-14 15:37:00,3.75,12867.0,United Kingdom
561209,22813,PACK 3 BOXES BIRD PANNETONE ,2,2011-07-25 16:57:00,4.13,,United Kingdom
575477,85129B,BEADED CRYSTAL HEART GREEN SMALL,1,2011-11-09 16:14:00,2.46,,United Kingdom
557640,22384,LUNCH BAG PINK POLKADOT,1,2011-06-21 16:24:00,4.96,,United Kingdom
570287,23493,VINTAGE DOILY TRAVEL SEWING KIT,10,2011-10-10 11:37:00,1.95,17425.0,United Kingdom
570883,23380,PACK OF 12 VINTAGE DOILY TISSUES,24,2011-10-13 09:55:00,0.39,13477.0,United Kingdom
557502,21035,SET/2 RED RETROSPOT TEA TOWELS ,1,2011-06-20 15:32:00,6.63,,United Kingdom
560828,21641,ASSORTED TUTTI FRUTTI KEYRING BALL,48,2011-07-21 11:55:00,0.29,14298.0,United Kingdom
576618,72800C,4 PINK DINNER CANDLE SILVER FLOCK,1,2011-11-15 17:00:00,4.96,,United Kingdom
573112,23298,SPOTTY BUNTING,3,2011-10-27 15:33:00,4.95,16416.0,United Kingdom
557500,15056N,EDWARDIAN PARASOL NATURAL,1,2011-06-20 15:27:00,12.46,,United Kingdom
571216,21851,LILAC DIAMANTE PEN IN GIFT BOX,1,2011-10-14 13:06:00,4.95,16081.0,United Kingdom
541842,21891,TRADITIONAL WOODEN SKIPPING ROPE,3,2011-01-23 12:07:00,1.25,16085.0,United Kingdom
574227,23301,GARDENERS KNEELING PAD KEEP CALM ,12,2011-11-03 12:18:00,1.65,16992.0,United Kingdom
571554,21212,PACK OF 72 RETROSPOT CAKE CASES,7,2011-10-18 09:13:00,2.08,,United Kingdom
540352,15039,SANDALWOOD FAN,1,2011-01-06 14:27:00,1.66,,United Kingdom
540647,22666,RECIPE BOX PANTRY YELLOW DESIGN,4,2011-01-10 14:57:00,2.95,17406.0,United Kingdom
579694,21425,SKULLS STORAGE BOX LARGE,1,2011-11-30 14:11:00,6.63,,United Kingdom
542425,84380,SET OF 3 BUTTERFLY COOKIE CUTTERS,12,2011-01-28 09:20:00,1.25,12574.0,France
560914,22156,HEART DECORATION WITH PEARLS ,36,2011-07-21 18:08:00,0.85,17175.0,United Kingdom
575930,23207,LUNCH BAG ALPHABET DESIGN,2,2011-11-11 17:58:00,4.13,,United Kingdom
563193,23182,TOILET SIGN OCCUPIED OR VACANT,1,2011-08-12 16:30:00,2.46,,United Kingdom
552967,22488,NATURAL SLATE RECTANGLE CHALKBOARD,5,2011-05-12 13:12:00,1.65,16006.0,United Kingdom
543653,22649,STRAWBERRY FAIRY CAKE TEAPOT,1,2011-02-11 10:26:00,4.95,14796.0,United Kingdom
543182,21975,PACK OF 60 DINOSAUR CAKE CASES,1,2011-02-04 10:40:00,1.25,,United Kingdom
574170,22142,CHRISTMAS CRAFT WHITE FAIRY ,3,2011-11-03 11:43:00,1.45,16221.0,United Kingdom
555282,22666,RECIPE BOX PANTRY YELLOW DESIGN,24,2011-06-02 09:04:00,2.55,12709.0,Germany
545063,22698,PINK REGENCY TEACUP AND SAUCER,3,2011-02-27 14:26:00,2.95,14606.0,United Kingdom
540968,20718,RED RETROSPOT SHOPPER BAG,4,2011-01-12 13:40:00,1.25,17338.0,United Kingdom
578620,21889,WOODEN BOX OF DOMINOES,1,2011-11-24 15:21:00,1.25,17247.0,United Kingdom
555835,22761,CHEST 7 DRAWER MA CAMPAGNE,1,2011-06-07 12:34:00,24.95,14525.0,United Kingdom
571239,21948,SET OF 6 CAKE CHOPSTICKS,12,2011-10-14 14:54:00,1.25,12744.0,Singapore
559055,21439,BASKET OF TOADSTOOLS,2,2011-07-05 17:09:00,1.25,,United Kingdom
537395,22867,HAND WARMER BIRD DESIGN,2,2010-12-06 14:05:00,2.1,15356.0,United Kingdom
548710,21375,LARGE CAMPHOR WOOD FIELD MUSHROOM ,2,2011-04-03 13:24:00,5.45,16678.0,United Kingdom
580367,22076,6 RIBBONS EMPIRE  ,6,2011-12-02 16:39:00,1.25,,United Kingdom
549946,47566,PARTY BUNTING,2,2011-04-13 12:44:00,4.95,17819.0,United Kingdom
580503,47566B,TEA TIME PARTY BUNTING,1,2011-12-04 13:20:00,4.95,13956.0,United Kingdom
563555,21500,PINK POLKADOT WRAP ,25,2011-08-17 13:21:00,0.42,16755.0,United Kingdom
538593,21704,BAG 250g SWIRLY MARBLES,12,2010-12-13 11:51:00,0.85,16701.0,United Kingdom
578041,22940,FELTCRAFT CHRISTMAS FAIRY,3,2011-11-22 14:23:00,4.25,17338.0,United Kingdom
541975,22629,SPACEBOY LUNCH BOX ,12,2011-01-24 14:24:00,1.95,,Hong Kong
537871,22556,PLASTERS IN TIN CIRCUS PARADE ,1,2010-12-08 17:20:00,1.65,12748.0,United Kingdom
576303,22139,RETROSPOT TEA SET CERAMIC 11 PC ,4,2011-11-14 14:51:00,4.95,15532.0,United Kingdom
555573,21519,GIN & TONIC DIET GREETING CARD ,12,2011-06-05 15:46:00,0.42,15349.0,United Kingdom
578940,84029E,RED WOOLLY HOTTIE WHITE HEART.,9,2011-11-27 13:18:00,9.13,,United Kingdom
574547,22212,FOUR HOOK  WHITE LOVEBIRDS,1,2011-11-04 15:08:00,2.1,17841.0,United Kingdom
540365,22750,FELTCRAFT PRINCESS LOLA DOLL,4,2011-01-06 16:12:00,3.75,12413.0,France
548351,82583,HOT BATHS METAL SIGN,12,2011-03-30 14:51:00,2.1,13001.0,United Kingdom
545701,48173C,DOORMAT BLACK FLOCK ,10,2011-03-06 15:17:00,6.75,17107.0,United Kingdom
556939,46000M,POLYESTER FILLER PAD 45x45cm,80,2011-06-15 16:34:00,0.0,,United Kingdom
576688,21790,VINTAGE SNAP CARDS,12,2011-11-16 12:16:00,0.85,16717.0,United Kingdom
566625,23401,RUSTIC MIRROR WITH LACE HEART,2,2011-09-14 09:38:00,6.25,14911.0,EIRE
550953,22797,CHEST OF DRAWERS GINGHAM HEART ,1,2011-04-21 16:17:00,33.29,,United Kingdom
572741,22755,SMALL PURPLE BABUSHKA NOTEBOOK ,12,2011-10-25 15:47:00,0.85,14341.0,United Kingdom
558761,20983,12 PENCILS TALL TUBE RED RETROSPOT,2,2011-07-03 12:52:00,0.85,15033.0,United Kingdom
555638,22984,CARD GINGHAM ROSE ,12,2011-06-06 12:51:00,0.42,15150.0,United Kingdom
569568,22619,SET OF 6 SOLDIER SKITTLES,4,2011-10-05 09:57:00,3.75,12700.0,France
572901,22963,JAM JAR WITH GREEN LID,2,2011-10-26 14:54:00,0.85,16332.0,United Kingdom
566446,22915,ASSORTED BOTTLE TOP  MAGNETS ,6,2011-09-12 15:40:00,0.83,,United Kingdom
569037,22766,PHOTO FRAME CORNICE,3,2011-09-30 10:45:00,2.95,13263.0,United Kingdom
564857,21430,SET/3 RED GINGHAM ROSE STORAGE BOX,6,2011-08-31 09:23:00,7.46,,United Kingdom
547969,84997A,CHILDRENS CUTLERY POLKADOT GREEN ,5,2011-03-28 16:27:00,4.15,17238.0,United Kingdom
567094,84030E,ENGLISH ROSE HOT WATER BOTTLE,2,2011-09-16 12:54:00,4.25,16924.0,United Kingdom
552824,22076,6 RIBBONS EMPIRE  ,2,2011-05-11 13:16:00,1.65,14056.0,United Kingdom
546888,22921,HERB MARKER CHIVES ,1,2011-03-17 18:15:00,1.63,,United Kingdom
561352,22910,PAPER CHAIN KIT VINTAGE CHRISTMAS,40,2011-07-26 14:41:00,2.55,18094.0,United Kingdom
577613,22113,GREY HEART HOT WATER BOTTLE,4,2011-11-21 10:02:00,4.25,14911.0,EIRE
C575572,23485,BOTANICAL GARDENS WALL CLOCK ,-1,2011-11-10 11:33:00,20.8,17528.0,United Kingdom
538993,35817P,"ACRYLIC JEWEL SNOWFLAKE,PINK",6,2010-12-15 12:01:00,2.55,15512.0,United Kingdom
555854,47481,50CM METAL STRING WITH  7 CLIPS,2,2011-06-07 13:47:00,0.85,12748.0,United Kingdom
543535,82582,AREA PATROLLED METAL SIGN,1,2011-02-09 13:37:00,2.1,17537.0,United Kingdom
578332,23378,PACK OF 12 50'S CHRISTMAS TISSUES,3,2011-11-24 08:50:00,0.39,,United Kingdom
550638,84992,72 SWEETHEART FAIRY CAKE CASES,1,2011-04-19 15:44:00,1.25,,United Kingdom
552249,21922,UNION STRIPE WITH FRINGE  HAMMOCK,1,2011-05-06 19:53:00,7.95,12748.0,United Kingdom
574709,22158,3 HEARTS HANGING DECORATION RUSTIC,8,2011-11-06 14:14:00,2.95,17768.0,United Kingdom
537666,21849,SILVER DIAMANTE PEN IN GIFT BOX,1,2010-12-07 18:36:00,4.21,,United Kingdom
548373,22873,NUMBER TILE COTTAGE GARDEN 5,1,2011-03-30 16:34:00,4.13,,United Kingdom
552252,23299,FOOD COVER WITH BEADS SET 2 ,6,2011-05-08 10:11:00,3.75,15227.0,United Kingdom
563557,21790,VINTAGE SNAP CARDS,12,2011-08-17 13:33:00,0.85,15786.0,United Kingdom
567656,21809,CHRISTMAS HANGING TREE WITH BELL,3,2011-09-21 14:40:00,2.46,14096.0,United Kingdom
560584,21363,HOME SMALL WOOD LETTERS,1,2011-07-19 15:38:00,4.95,13827.0,United Kingdom
542649,84596F,SMALL MARSHMALLOWS PINK BOWL,8,2011-01-31 11:46:00,1.25,17373.0,United Kingdom
571726,22964,3 PIECE SPACEBOY COOKIE CUTTER SET,6,2011-10-19 09:00:00,2.1,16191.0,United Kingdom
563944,85099C,JUMBO  BAG BAROQUE BLACK WHITE,10,2011-08-22 10:08:00,2.08,17581.0,United Kingdom
553718,22421,LIPSTICK PEN FUSCHIA,1,2011-05-18 16:14:00,0.83,,United Kingdom
543602,22435,SET OF 9 HEART SHAPED BALLOONS,5,2011-02-10 13:34:00,1.25,15570.0,United Kingdom
575076,21928,JUMBO BAG SCANDINAVIAN BLUE PAISLEY,10,2011-11-08 13:20:00,2.08,16639.0,United Kingdom
554916,22315,200 RED + WHITE BENDY STRAWS,1,2011-05-27 12:26:00,1.25,17345.0,United Kingdom
553834,23171,REGENCY TEA PLATE GREEN ,12,2011-05-19 11:47:00,1.65,15189.0,United Kingdom
551277,21528,DAIRY MAID TRADITIONAL TEAPOT ,1,2011-04-27 13:06:00,6.95,13637.0,United Kingdom
577106,22998,TRAVEL CARD WALLET KEEP CALM,2,2011-11-17 17:18:00,0.42,14456.0,United Kingdom
546429,22951,60 CAKE CASES DOLLY GIRL DESIGN,1,2011-03-13 15:25:00,0.55,17611.0,United Kingdom
541870,20676,RED RETROSPOT BOWL,5,2011-01-24 09:39:00,2.46,,United Kingdom
552948,22111,SCOTTIE DOG HOT WATER BOTTLE,6,2011-05-12 11:59:00,4.95,18136.0,United Kingdom
552883,21918,SET 12 KIDS COLOUR  CHALK STICKS,288,2011-05-12 10:13:00,0.36,14646.0,Netherlands
575947,22812,PACK 3 BOXES CHRISTMAS PANNETONE,3,2011-11-13 11:50:00,4.13,,United Kingdom
552353,21933,PINK VINTAGE PAISLEY PICNIC BAG,10,2011-05-09 12:14:00,1.65,17612.0,United Kingdom
577358,84988,SET OF 72 PINK HEART PAPER DOILIES,1,2011-11-18 15:59:00,2.92,,United Kingdom
566581,22155,STAR DECORATION RUSTIC,20,2011-09-13 13:47:00,0.42,16081.0,United Kingdom
548666,79321,CHILLI LIGHTS,5,2011-04-01 14:58:00,5.75,13124.0,United Kingdom
566606,22749,FELTCRAFT PRINCESS CHARLOTTE DOLL,4,2011-09-13 16:33:00,3.75,15194.0,United Kingdom
564756,84031A,CHARLIE+LOLA RED HOT WATER BOTTLE ,1,2011-08-30 10:33:00,4.13,,United Kingdom
547724,47585A,PINK FAIRY CAKE CUSHION COVER,4,2011-03-25 10:42:00,3.75,13468.0,United Kingdom
576618,23559,WOODLAND BUNNIES LOLLY MAKERS,2,2011-11-15 17:00:00,4.13,,United Kingdom
545227,22819,"BIRTHDAY CARD, RETRO SPOT",12,2011-03-01 09:35:00,0.42,12428.0,Finland
550799,22844,VINTAGE CREAM DOG FOOD CONTAINER,2,2011-04-20 14:46:00,8.5,17115.0,United Kingdom
557466,20712,JUMBO BAG WOODLAND ANIMALS,30,2011-06-20 13:08:00,2.08,13815.0,Germany
564825,22303,COFFEE MUG APPLES DESIGN,1,2011-08-30 12:26:00,4.96,,United Kingdom
570866,23408,PHOTO FRAME LINEN AND LACE SMALL,12,2011-10-12 15:49:00,2.08,17096.0,United Kingdom
537685,85178,VICTORIAN SEWING KIT,10,2010-12-08 10:21:00,1.25,18077.0,United Kingdom
576463,22766,PHOTO FRAME CORNICE,2,2011-11-15 11:37:00,2.95,17974.0,United Kingdom
543533,85040a,S/4 PINK FLOWER CANDLES IN BOWL,1,2011-02-09 13:00:00,3.29,,United Kingdom
568134,22163,HEART STRING MEMO HOLDER HANGING,1,2011-09-23 17:02:00,1.63,,United Kingdom
558194,20970,PINK FLORAL FELTCRAFT SHOULDER BAG,1,2011-06-27 12:28:00,3.75,14583.0,United Kingdom
538510,21056,DOCTOR'S BAG SOFT TOY,1,2010-12-12 13:47:00,8.95,18004.0,United Kingdom
577076,20983,12 PENCILS TALL TUBE RED RETROSPOT,4,2011-11-17 15:08:00,0.85,14362.0,United Kingdom
573286,22602,RETROSPOT WOODEN HEART DECORATION,8,2011-10-28 14:38:00,0.85,,Switzerland
566074,22138,BAKING SET 9 PIECE RETROSPOT ,6,2011-09-09 08:48:00,4.95,12535.0,France
540550,21880,RED RETROSPOT TAPE,12,2011-01-10 09:11:00,0.65,12539.0,Spain
540528,21448,12 DAISY PEGS IN WOOD BOX,1,2011-01-09 13:50:00,1.65,17800.0,United Kingdom
562839,20981,12 PENCILS TALL TUBE WOODLAND,2,2011-08-09 16:17:00,0.85,14056.0,United Kingdom
538146,21564,PINK  HEART SHAPE LOVE BUCKET ,6,2010-12-09 16:10:00,2.95,15596.0,United Kingdom
580610,22891,TEA FOR ONE POLKADOT,1,2011-12-05 11:48:00,8.29,,United Kingdom
571716,20963,APPLE BATH SPONGE,3,2011-10-18 17:05:00,2.46,,United Kingdom
546648,22423,REGENCY CAKESTAND 3 TIER,13,2011-03-15 14:15:00,24.96,,United Kingdom
576861,22578,WOODEN STAR CHRISTMAS SCANDINAVIAN,50,2011-11-16 16:00:00,0.29,18041.0,United Kingdom
C539710,21314,SMALL GLASS HEART TRINKET POT,-2,2010-12-21 12:35:00,2.1,14769.0,United Kingdom
571548,22568,FELTCRAFT CUSHION OWL,4,2011-10-18 07:56:00,3.75,15505.0,United Kingdom
554840,20974,12 PENCILS SMALL TUBE SKULL,24,2011-05-26 17:16:00,0.65,12684.0,France
551849,22727,ALARM CLOCK BAKELIKE RED ,4,2011-05-04 14:33:00,3.75,16258.0,United Kingdom
548733,21754,HOME BUILDING BLOCK WORD,3,2011-04-04 10:29:00,5.95,17648.0,United Kingdom
576857,22077,6 RIBBONS RUSTIC CHARM,1,2011-11-16 15:52:00,1.95,12748.0,United Kingdom
536592,21164,HOME SWEET HOME METAL SIGN ,1,2010-12-01 17:06:00,5.91,,United Kingdom
542401,21154,RED RETROSPOT OVEN GLOVE ,1,2011-01-27 15:51:00,1.25,14541.0,United Kingdom
562539,23163,REGENCY SUGAR TONGS,3,2011-08-05 15:30:00,2.49,17220.0,United Kingdom
575607,23088,ZINC HEART FLOWER T-LIGHT HOLDER,3,2011-11-10 12:37:00,2.46,14096.0,United Kingdom
550900,23205,CHARLOTTE BAG VINTAGE ALPHABET ,30,2011-04-21 12:11:00,0.85,16553.0,United Kingdom
564755,84992,72 SWEETHEART FAIRY CAKE CASES,1,2011-08-30 10:31:00,1.25,,United Kingdom
542891,21497,FANCY FONTS BIRTHDAY WRAP,25,2011-02-01 13:26:00,0.42,16705.0,United Kingdom
573579,22899,CHILDREN'S APRON DOLLY GIRL ,1,2011-10-31 14:19:00,2.1,15033.0,United Kingdom
564727,21544,SKULLS  WATER TRANSFER TATTOOS ,4,2011-08-28 12:31:00,0.85,16686.0,United Kingdom
579777,21883,STARS GIFT TAPE ,1,2011-11-30 15:13:00,1.63,,United Kingdom
546985,21320,GLASS CHALICE GREEN  LARGE ,6,2011-03-18 12:41:00,2.55,18270.0,United Kingdom
549429,85099F,JUMBO BAG STRAWBERRY,20,2011-04-08 12:06:00,2.08,17001.0,United Kingdom
556932,21991,BOHEMIAN COLLAGE STATIONERY SET,1,2011-06-15 15:41:00,2.46,,United Kingdom
579135,23270,SET OF 2 CERAMIC PAINTED HEARTS ,4,2011-11-28 12:44:00,1.45,18096.0,United Kingdom
556636,20679,EDWARDIAN PARASOL RED,2,2011-06-13 15:30:00,12.46,,United Kingdom
576059,22668,PINK BABY BUNTING,2,2011-11-13 15:19:00,2.95,15411.0,United Kingdom
555275,21559,STRAWBERRY LUNCH BOX WITH CUTLERY,1,2011-06-01 17:18:00,4.96,,United Kingdom
544089,84946,ANTIQUE SILVER TEA GLASS ETCHED,27,2011-02-15 17:51:00,2.46,,United Kingdom
572037,23661,MILK MAIDS MUG ,6,2011-10-20 12:07:00,1.65,17365.0,United Kingdom
560355,23108,SET OF 10 LED DOLLY LIGHTS,4,2011-07-18 11:37:00,6.25,15906.0,United Kingdom
571441,22094,RED RETROSPOT TISSUE BOX,1,2011-10-17 13:31:00,2.46,14096.0,United Kingdom
580115,22754,SMALL RED BABUSHKA NOTEBOOK ,1,2011-12-01 16:22:00,1.63,,United Kingdom
571850,21889,WOODEN BOX OF DOMINOES,4,2011-10-19 12:54:00,1.25,14698.0,United Kingdom
538524,84754,S/15 SILVER GLASS BAUBLES IN BAG,2,2010-12-13 09:35:00,2.51,,United Kingdom
578827,23170,REGENCY TEA PLATE ROSES ,1,2011-11-25 14:25:00,3.29,,United Kingdom
541104,22446,PIN CUSHION BABUSHKA PINK,4,2011-01-13 14:29:00,2.46,,United Kingdom
576406,23480,MINI LIGHTS WOODLAND MUSHROOMS,12,2011-11-15 11:17:00,3.75,13692.0,United Kingdom
552285,84692,BOX OF 24 COCKTAIL PARASOLS,4,2011-05-08 12:58:00,0.42,14684.0,United Kingdom
579144,82494L,WOODEN FRAME ANTIQUE WHITE ,24,2011-11-28 13:11:00,2.55,13269.0,United Kingdom
544311,22680,FRENCH BLUE METAL DOOR SIGN 5,1,2011-02-17 14:19:00,1.25,17841.0,United Kingdom
563213,21673,WHITE SPOT BLUE CERAMIC DRAWER KNOB,6,2011-08-14 12:55:00,1.25,16115.0,United Kingdom
552469,22983,CARD BILLBOARD FONT,12,2011-05-09 15:34:00,0.42,12867.0,United Kingdom
541221,20723,STRAWBERRY CHARLOTTE BAG,14,2011-01-14 14:28:00,2.46,,United Kingdom
550768,22673,FRENCH GARDEN SIGN BLUE METAL,1,2011-04-20 12:44:00,1.25,15039.0,United Kingdom
562574,22469,HEART OF WICKER SMALL,4,2011-08-07 12:42:00,1.65,14903.0,United Kingdom
571731,21911,,1,2011-10-19 09:51:00,0.0,,United Kingdom
542667,20726,LUNCH BAG WOODLAND,10,2011-01-31 12:16:00,1.65,17068.0,United Kingdom
578940,21481,FAWN BLUE HOT WATER BOTTLE,2,2011-11-27 13:18:00,10.29,,United Kingdom
549967,21166,COOK WITH WINE METAL SIGN ,48,2011-04-13 14:21:00,1.85,17873.0,United Kingdom
555941,21086,SET/6 RED SPOTTY PAPER CUPS,36,2011-06-08 10:10:00,0.65,12726.0,France
560225,21215,IVORY PAPER CUP CAKE CASES ,1,2011-07-15 16:27:00,1.25,,United Kingdom
562649,82580,BATHROOM METAL SIGN,3,2011-08-08 13:11:00,0.55,14606.0,United Kingdom
580961,22423,REGENCY CAKESTAND 3 TIER,8,2011-12-06 14:40:00,12.75,14572.0,United Kingdom
575787,23291,DOLLY GIRL CHILDRENS CUP,8,2011-11-11 11:18:00,1.25,12518.0,Germany
560780,15056n,EDWARDIAN PARASOL NATURAL,3,2011-07-21 09:31:00,12.46,,United Kingdom
578548,35471D,SET OF 3 BIRD LIGHT PINK FEATHER ,12,2011-11-24 15:02:00,0.39,17345.0,United Kingdom
574532,23042,PAPER LANTERN 7 POINT SNOW STAR,2,2011-11-04 14:19:00,6.65,15676.0,United Kingdom
540630,48185,DOORMAT FAIRY CAKE,1,2011-01-10 11:59:00,7.95,17849.0,United Kingdom
545339,22961,JAM MAKING SET PRINTED,12,2011-03-02 08:26:00,1.45,14292.0,United Kingdom
562199,23192,BUNDLE OF 3 ALPHABET EXERCISE BOOKS,2,2011-08-03 12:20:00,1.65,12748.0,United Kingdom
557746,82494L,WOODEN FRAME ANTIQUE WHITE ,1,2011-06-22 12:24:00,2.95,15059.0,United Kingdom
574514,22556,PLASTERS IN TIN CIRCUS PARADE ,1,2011-11-04 13:34:00,1.65,15311.0,United Kingdom
564757,22357,KINGS CHOICE BISCUIT TIN,1,2011-08-30 10:36:00,4.13,,United Kingdom
572726,22382,LUNCH BAG SPACEBOY DESIGN ,4,2011-10-25 15:19:00,1.65,16056.0,United Kingdom
569406,21794,CLASSIC FRENCH STYLE BASKET NATURAL,16,2011-10-04 09:09:00,3.95,16253.0,United Kingdom
547569,22321,BIRD DECORATION RED RETROSPOT,24,2011-03-24 09:50:00,0.85,17491.0,United Kingdom
564315,23346,SPACEBOY BEAKER,4,2011-08-24 13:07:00,1.25,14730.0,United Kingdom
564976,22151,PLACE SETTING WHITE HEART,48,2011-08-31 15:49:00,0.42,17315.0,United Kingdom
573585,35924,HANGING FAIRY CAKE DECORATION,1,2011-10-31 14:41:00,4.13,,United Kingdom
564855,85099B,JUMBO BAG RED RETROSPOT,10,2011-08-31 09:10:00,2.08,16746.0,United Kingdom
572108,23085,ANTIQUE SILVER BAUBLE LAMP  ,4,2011-10-20 18:08:00,10.4,15814.0,United Kingdom
539484,22943,CHRISTMAS LIGHTS 10 VINTAGE BAUBLES,4,2010-12-19 15:44:00,4.95,15640.0,United Kingdom
537312,22556,PLASTERS IN TIN CIRCUS PARADE ,12,2010-12-06 11:42:00,1.65,14189.0,United Kingdom
556789,22720,SET OF 3 CAKE TINS PANTRY DESIGN ,3,2011-06-14 13:40:00,4.95,15129.0,United Kingdom
569732,22750,FELTCRAFT PRINCESS LOLA DOLL,4,2011-10-06 09:56:00,3.75,13177.0,United Kingdom
541827,21212,PACK OF 72 RETROSPOT CAKE CASES,1,2011-01-21 17:05:00,1.25,,United Kingdom
578129,21264,WHITE GOOSE FEATHER TREE 60CM ,12,2011-11-23 10:39:00,1.95,13502.0,United Kingdom
539437,20719,WOODLAND CHARLOTTE BAG,5,2010-12-17 14:54:00,1.66,,United Kingdom
551197,22781,GUMBALL MAGAZINE RACK,1,2011-04-27 11:26:00,7.65,14078.0,United Kingdom
568567,21744,SNOWFLAKE PORTABLE TABLE LIGHT ,1,2011-09-27 18:41:00,2.46,,United Kingdom
536594,21733,RED HANGING HEART T-LIGHT HOLDER,6,2010-12-01 17:22:00,2.95,15235.0,United Kingdom
550636,85194L,HANGING SPRING FLOWER EGG LARGE,2,2011-04-19 15:37:00,1.63,,United Kingdom
561894,22096,PINK PAISLEY SQUARE TISSUE BOX ,1,2011-07-31 15:00:00,0.39,14456.0,United Kingdom
539263,21217,RED RETROSPOT ROUND CAKE TINS,1,2010-12-16 14:36:00,9.95,16560.0,United Kingdom
543428,22804,CANDLEHOLDER PINK HANGING HEART,4,2011-02-08 11:36:00,2.95,17787.0,United Kingdom
562771,84988,SET OF 72 PINK HEART PAPER DOILIES,16,2011-08-09 12:00:00,1.45,13113.0,United Kingdom
576085,22141,CHRISTMAS CRAFT TREE TOP ANGEL,6,2011-11-14 08:28:00,2.1,15365.0,United Kingdom
540154,22726,ALARM CLOCK BAKELIKE GREEN,2,2011-01-05 11:30:00,7.62,,United Kingdom
568526,21811,HANGING HEART WITH BELL,48,2011-09-27 13:04:00,0.39,17656.0,United Kingdom
568949,21122,SET/10 PINK POLKADOT PARTY CANDLES,1,2011-09-29 15:13:00,2.46,,United Kingdom
581439,22592,CARDHOLDER HOLLY WREATH METAL,2,2011-12-08 16:30:00,7.46,,United Kingdom
548185,84978,HANGING HEART JAR T-LIGHT HOLDER,12,2011-03-29 14:58:00,1.25,15628.0,United Kingdom
569219,21485,RETROSPOT HEART HOT WATER BOTTLE,1,2011-10-02 13:01:00,4.95,13558.0,United Kingdom
555276,85099B,JUMBO BAG RED RETROSPOT,2,2011-06-01 17:28:00,4.13,,United Kingdom
565378,22112,CHOCOLATE HOT WATER BOTTLE,8,2011-09-02 15:16:00,12.46,,United Kingdom
576329,84559A,3D SHEET OF DOG STICKERS,1,2011-11-14 15:22:00,1.63,,United Kingdom
569662,85123A,WHITE HANGING HEART T-LIGHT HOLDER,12,2011-10-05 13:19:00,2.95,15244.0,United Kingdom
571715,22907,PACK OF 20 NAPKINS PANTRY DESIGN,5,2011-10-18 17:04:00,0.85,17576.0,United Kingdom
540551,22602,CHRISTMAS RETROSPOT HEART WOOD,1,2011-01-10 09:43:00,1.66,,United Kingdom
553175,22295,HEART FILIGREE DOVE LARGE,2,2011-05-15 11:17:00,1.65,,United Kingdom
550514,22087,PAPER BUNTING WHITE LACE,6,2011-04-18 16:49:00,2.95,14631.0,United Kingdom
C565848,22697,GREEN REGENCY TEACUP AND SAUCER,-2,2011-09-07 12:48:00,2.95,14606.0,United Kingdom
547249,22217,T-LIGHT HOLDER HANGING LACE,1,2011-03-22 09:27:00,2.46,,United Kingdom
562649,82486,WOOD S/3 CABINET ANT WHITE FINISH,1,2011-08-08 13:11:00,8.95,14606.0,United Kingdom
536623,82494L,WOODEN FRAME ANTIQUE WHITE ,12,2010-12-02 10:39:00,2.95,15601.0,United Kingdom
562844,22625,RED KITCHEN SCALES,6,2011-08-10 08:41:00,8.5,12444.0,Norway
570467,23159,SET OF 5 PANCAKE DAY MAGNETS,12,2011-10-10 16:06:00,2.08,12607.0,USA
576071,23681,LUNCH BAG RED VINTAGE DOILY,1,2011-11-13 16:03:00,1.65,18069.0,United Kingdom
573601,23284,DOORMAT KEEP CALM AND COME IN,2,2011-10-31 15:24:00,15.79,,United Kingdom
557763,23298,SPOTTY BUNTING,6,2011-06-22 14:10:00,4.95,17669.0,United Kingdom
568188,21363,HOME SMALL WOOD LETTERS,2,2011-09-25 14:33:00,4.95,16049.0,United Kingdom
550644,84987,SET OF 36 TEATIME PAPER DOILIES,3,2011-04-19 16:19:00,1.45,12733.0,USA
547223,10002,INFLATABLE POLITICAL GLOBE ,5,2011-03-21 15:10:00,0.85,12867.0,United Kingdom
574856,22776,SWEETHEART 3 TIER CAKE STAND ,1,2011-11-07 12:06:00,19.96,,United Kingdom
545435,22427,ENAMEL FLOWER JUG CREAM,3,2011-03-02 15:28:00,5.95,16217.0,United Kingdom
560567,22327,ROUND SNACK BOXES SET OF 4 SKULLS,3,2011-07-19 13:57:00,6.63,,United Kingdom
575607,22714,CARD BIRTHDAY COWBOY,2,2011-11-10 12:37:00,0.83,14096.0,United Kingdom
572664,22383,LUNCH BAG SUKI DESIGN ,10,2011-10-25 12:56:00,1.65,16401.0,United Kingdom
542737,22970,LONDON BUS COFFEE MUG,1,2011-01-31 15:52:00,2.55,15058.0,United Kingdom
556924,47503A,ASS FLORAL PRINT MULTI SCREWDRIVER,1,2011-06-15 14:14:00,1.25,,France
558696,15044C,PURPLE PAPER PARASOL,1,2011-07-01 12:09:00,2.95,16746.0,United Kingdom
567383,22423,REGENCY CAKESTAND 3 TIER,3,2011-09-20 10:21:00,12.75,18180.0,United Kingdom
566520,47566,PARTY BUNTING,2,2011-09-13 11:26:00,4.95,17757.0,United Kingdom
565129,22896,PEG BAG APPLES DESIGN,2,2011-09-01 12:41:00,2.55,15719.0,United Kingdom
564838,22209,WOOD STAMP SET HAPPY BIRTHDAY,1,2011-08-30 12:43:00,3.29,,United Kingdom
560225,22356,CHARLOTTE BAG PINK POLKADOT,1,2011-07-15 16:27:00,1.63,,United Kingdom
538853,47566,PARTY BUNTING,3,2010-12-14 13:35:00,4.65,16805.0,United Kingdom
548974,22722,SET OF 6 SPICE TINS PANTRY DESIGN,4,2011-04-05 11:47:00,3.95,15194.0,United Kingdom
545176,37333,"RETRO ""TEA FOR ONE"" ",3,2011-02-28 14:19:00,0.0,,United Kingdom
555095,84375,SET OF 20 KIDS COOKIE CUTTERS,12,2011-05-31 13:32:00,2.1,12540.0,Spain
557745,21561,DINOSAUR LUNCH BOX WITH CUTLERY,3,2011-06-22 12:16:00,2.55,15750.0,United Kingdom
568397,21259,VICTORIAN SEWING BOX SMALL ,2,2011-09-27 10:24:00,5.95,15745.0,United Kingdom
538883,84032A,CHARLIE+LOLA PINK HOT WATER BOTTLE,6,2010-12-14 15:56:00,5.91,,United Kingdom
547042,48111,DOORMAT 3 SMILEY CATS,1,2011-03-20 11:00:00,15.79,,United Kingdom
576617,21174,POTTERING IN THE SHED METAL SIGN,1,2011-11-15 16:57:00,4.13,,United Kingdom
548502,84997c,CHILDRENS CUTLERY POLKADOT BLUE,2,2011-03-31 14:17:00,8.29,,United Kingdom
567878,21558,SKULL LUNCH BOX WITH CUTLERY ,1,2011-09-22 14:42:00,2.55,16910.0,United Kingdom
538678,22741,FUNKY DIVA PEN,1,2010-12-13 16:46:00,0.85,,United Kingdom
576398,22110,BIRD HOUSE HOT WATER BOTTLE,6,2011-11-15 10:48:00,2.55,15758.0,United Kingdom
577742,84596G,SMALL CHOCOLATES PINK BOWL,1,2011-11-21 13:41:00,0.42,13755.0,United Kingdom
578995,23507,MINI PLAYING CARDS BUFFALO BILL ,4,2011-11-27 15:59:00,0.42,15861.0,United Kingdom
547548,22983,CARD BILLBOARD FONT,12,2011-03-23 15:37:00,0.42,15644.0,United Kingdom
548516,47566,PARTY BUNTING,1,2011-03-31 16:28:00,10.79,,United Kingdom
576840,90161D,ANT COPPER PINK BOUDICCA BRACELET,2,2011-11-16 15:23:00,4.98,,United Kingdom
565924,84818,DANISH ROSE PHOTO FRAME,24,2011-09-08 10:01:00,0.79,13026.0,United Kingdom
574070,85099F,JUMBO BAG STRAWBERRY,10,2011-11-02 14:52:00,2.08,16748.0,United Kingdom
556998,22727,ALARM CLOCK BAKELIKE RED ,12,2011-06-16 10:48:00,3.75,16672.0,United Kingdom
542370,22613,PACK OF 20 SPACEBOY NAPKINS,12,2011-01-27 13:23:00,0.85,13004.0,United Kingdom
575007,22423,REGENCY CAKESTAND 3 TIER,1,2011-11-08 11:20:00,12.75,14140.0,United Kingdom
543770,20718,RED RETROSPOT SHOPPER BAG,10,2011-02-11 15:39:00,1.25,13875.0,United Kingdom
577601,20978,36 PENCILS TUBE SKULLS,16,2011-11-21 08:31:00,1.25,17675.0,United Kingdom
579297,21428,SET3 BOOK BOX GREEN GINGHAM FLOWER ,1,2011-11-29 11:23:00,8.29,,United Kingdom
578844,23694,PAISLEY PARK CARD,1,2011-11-25 16:14:00,0.83,,United Kingdom
541123,22399,MAGNETS PACK OF 4 CHILDHOOD MEMORY,12,2011-01-14 09:52:00,1.25,13385.0,United Kingdom
539038,82613D,METAL SIGN CUPCAKE SINGLE HOOK,20,2010-12-15 14:45:00,0.42,15641.0,United Kingdom
548627,21891,TRADITIONAL WOODEN SKIPPING ROPE,288,2011-04-01 12:19:00,1.06,16333.0,United Kingdom
563540,22080,RIBBON REEL POLKADOTS ,10,2011-08-17 12:04:00,1.65,12473.0,Germany
542611,22109,FULL ENGLISH BREAKFAST PLATE,1,2011-01-30 14:13:00,3.75,15415.0,United Kingdom
560025,85099B,JUMBO BAG RED RETROSPOT,1,2011-07-14 13:00:00,2.08,18283.0,United Kingdom
571944,22066,LOVE HEART TRINKET POT,48,2011-10-20 10:15:00,0.39,13755.0,United Kingdom
573245,23393,HOME SWEET HOME CUSHION COVER ,1,2011-10-28 12:08:00,3.75,17841.0,United Kingdom
551840,48129,DOORMAT TOPIARY,10,2011-05-04 13:36:00,6.75,15144.0,United Kingdom
555566,23091,ZINC HERB GARDEN CONTAINER,3,2011-06-05 15:19:00,6.25,14659.0,United Kingdom
549958,22353,LUNCH BOX WITH CUTLERY FAIRY CAKES ,5,2011-04-13 13:47:00,2.55,17589.0,United Kingdom
557849,21931,JUMBO STORAGE BAG SUKI,10,2011-06-23 10:52:00,2.08,17613.0,United Kingdom
541260,22666,RECIPE BOX PANTRY YELLOW DESIGN,2,2011-01-16 15:44:00,2.95,16059.0,United Kingdom
548363,21394,RED POLKADOT BEAKER ,48,2011-03-30 15:48:00,0.39,12428.0,Finland
581023,22327,ROUND SNACK BOXES SET OF 4 SKULLS,2,2011-12-07 10:35:00,6.63,,United Kingdom
573069,22301,COFFEE MUG CAT + BIRD DESIGN,6,2011-10-27 13:58:00,2.55,18077.0,United Kingdom
562031,22811,SET OF 6 T-LIGHTS CACTI ,2,2011-08-01 17:37:00,2.95,16984.0,United Kingdom
567901,84987,SET OF 36 TEATIME PAPER DOILIES,1,2011-09-22 16:28:00,2.92,,United Kingdom
559055,47593B,SCOTTIE DOGS BABY BIB,4,2011-07-05 17:09:00,0.83,,United Kingdom
581193,23290,SPACEBOY CHILDRENS BOWL,2,2011-12-07 17:05:00,1.25,17097.0,Spain
546008,22895,SET OF 2 TEA TOWELS APPLE AND PEARS,3,2011-03-08 15:43:00,2.95,,United Kingdom
548153,22521,CHILDS GARDEN TROWEL PINK,12,2011-03-29 13:05:00,0.85,15129.0,United Kingdom
564818,85078,SCANDINAVIAN 3 HEARTS NAPKIN RING,1,2011-08-30 12:10:00,1.63,,United Kingdom
575930,23229,VINTAGE DONKEY TAIL GAME ,1,2011-11-11 17:58:00,7.46,,United Kingdom
574663,23397,FOOT STOOL HOME SWEET HOME ,1,2011-11-06 12:04:00,9.95,13527.0,United Kingdom
572458,85049A,TRADITIONAL CHRISTMAS RIBBONS,12,2011-10-24 12:51:00,1.25,15142.0,United Kingdom
C575224,23203,JUMBO BAG VINTAGE DOILY ,-100,2011-11-09 11:41:00,1.79,17511.0,United Kingdom
536401,20963,APPLE BATH SPONGE,1,2010-12-01 11:21:00,1.25,15862.0,United Kingdom
536544,21977,PACK OF 60 PINK PAISLEY CAKE CASES,1,2010-12-01 14:32:00,1.28,,United Kingdom
580729,23562,SET OF 6 RIBBONS PERFECTLY PRETTY  ,2,2011-12-05 17:24:00,5.79,,United Kingdom
568797,23201,JUMBO BAG ALPHABET,100,2011-09-29 10:22:00,1.75,13694.0,United Kingdom
546423,22248,DECORATION  PINK CHICK MAGIC GARDEN,2,2011-03-13 12:39:00,0.85,14502.0,United Kingdom
559914,22139,RETROSPOT TEA SET CERAMIC 11 PC ,1,2011-07-13 15:13:00,10.79,,United Kingdom
581180,23506,MINI PLAYING CARDS SPACEBOY ,20,2011-12-07 15:52:00,0.42,12347.0,Iceland
577524,22154,ANGEL DECORATION 3 BUTTONS ,3,2011-11-20 13:33:00,0.42,16905.0,United Kingdom
544769,22333,RETROSPOT PARTY BAG + STICKER SET,48,2011-02-23 11:11:00,1.45,16422.0,United Kingdom
549667,22672,FRENCH BATHROOM SIGN BLUE METAL,12,2011-04-11 12:20:00,1.65,14911.0,EIRE
553387,20657,TROPICAL LUGGAGE TAG,1,2011-05-16 16:33:00,2.46,,United Kingdom
546502,21898,POTTING SHED ROSE CANDLE,1,2011-03-14 11:46:00,2.95,16005.0,United Kingdom
555150,22838,3 TIER CAKE TIN RED AND CREAM,1,2011-05-31 15:53:00,29.13,,United Kingdom
571850,22110,BIRD HOUSE HOT WATER BOTTLE,1,2011-10-19 12:54:00,2.55,14698.0,United Kingdom
561692,21912,VINTAGE SNAKES & LADDERS,4,2011-07-29 09:48:00,3.75,14143.0,United Kingdom
545294,22194,BLACK DINER WALL CLOCK,1,2011-03-01 12:07:00,8.5,17965.0,United Kingdom
560635,21533,RETROSPOT LARGE MILK JUG,3,2011-07-20 10:51:00,4.95,12521.0,Germany
549548,90175A,WHITE GLASS CHUNKY CHARM BRACELET,1,2011-04-10 11:35:00,8.95,13548.0,United Kingdom
576329,23437, 50'S CHRISTMAS GIFT BAG LARGE,1,2011-11-14 15:22:00,2.46,,United Kingdom
551966,21181,PLEASE ONE PERSON METAL SIGN,4,2011-05-05 13:14:00,2.1,15356.0,United Kingdom
562346,20728,LUNCH BAG CARS BLUE,20,2011-08-04 12:14:00,1.65,16187.0,United Kingdom
564904,23263,SET OF 3 WOODEN HEART DECORATIONS,12,2011-08-31 12:11:00,1.25,15984.0,United Kingdom
542622,15036,ASSORTED COLOURS SILK FAN,11,2011-01-31 09:09:00,1.25,,United Kingdom
537137,15039,SANDALWOOD FAN,3,2010-12-05 12:43:00,0.85,16327.0,United Kingdom
545474,20914,SET/5 RED RETROSPOT LID GLASS BOWLS,6,2011-03-03 10:55:00,2.95,16709.0,United Kingdom
559109,23344,JUMBO BAG 50'S CHRISTMAS ,1,2011-07-06 11:52:00,2.08,15021.0,United Kingdom
570842,22355,CHARLOTTE BAG SUKI DESIGN,10,2011-10-12 14:21:00,0.85,17676.0,United Kingdom
560892,22630,DOLLY GIRL LUNCH BOX,12,2011-07-21 17:08:00,1.95,13089.0,United Kingdom
552574,22778,GLASS CLOCHE SMALL,24,2011-05-10 12:20:00,3.39,15311.0,United Kingdom
562890,23298,SPOTTY BUNTING,6,2011-08-10 12:11:00,4.95,14191.0,United Kingdom
568346,22624,IVORY KITCHEN SCALES,2,2011-09-26 15:28:00,16.63,14096.0,United Kingdom
542344,21131,GOLD STANDING GNOME,1,2011-01-27 11:30:00,8.29,,United Kingdom
544454,85049F,BABY BOOM RIBBONS ,2,2011-02-20 13:13:00,1.25,13301.0,United Kingdom
566847,84508B,STRIPES DESIGN TEDDY,2,2011-09-15 11:57:00,2.55,15005.0,United Kingdom
537773,22627,MINT KITCHEN SCALES,1,2010-12-08 12:36:00,8.5,16016.0,United Kingdom
537196,21326,AGED GLASS SILVER T-LIGHT HOLDER,12,2010-12-05 13:55:00,0.65,15426.0,United Kingdom
570465,23350,ROLL WRAP VINTAGE SPOT ,2,2011-10-10 16:02:00,2.46,,United Kingdom
558707,23208,LUNCH BAG VINTAGE LEAF DESIGN,1,2011-07-01 12:58:00,1.65,12748.0,United Kingdom
580664,71459,HANGING JAM JAR T-LIGHT HOLDERS,12,2011-12-05 14:03:00,0.85,15097.0,United Kingdom
568046,22621,TRADITIONAL KNITTING NANCY,1,2011-09-23 12:16:00,1.65,18118.0,United Kingdom
569637,23238,SET OF 4 KNICK KNACK TINS LONDON ,6,2011-10-05 12:14:00,4.15,15757.0,United Kingdom
564727,22796,PHOTO FRAME 3 CLASSIC HANGING,2,2011-08-28 12:31:00,9.95,16686.0,United Kingdom
577744,20728,LUNCH BAG CARS BLUE,20,2011-11-21 13:58:00,1.65,18229.0,United Kingdom
567184,20754,RETROSPOT RED WASHING UP GLOVES,1,2011-09-18 15:41:00,2.1,16033.0,United Kingdom
576463,22144,CHRISTMAS CRAFT LITTLE FRIENDS,2,2011-11-15 11:37:00,2.1,17974.0,United Kingdom
554382,21829,DINOSAUR KEYRINGS ASSORTED,72,2011-05-24 11:55:00,0.21,17365.0,United Kingdom
579512,22701,PINK DOG BOWL,2,2011-11-29 16:47:00,2.46,,United Kingdom
541214,21845,DAIRY MAID STRIPE MUG,6,2011-01-14 13:41:00,2.95,15570.0,United Kingdom
558774,22741,FUNKY DIVA PEN,1,2011-07-04 10:17:00,1.63,,United Kingdom
566299,23267,SET OF 4 SANTA PLACE SETTINGS,12,2011-09-11 15:59:00,1.25,16871.0,United Kingdom
564479,22385,JUMBO BAG SPACEBOY DESIGN,10,2011-08-25 13:12:00,2.08,12682.0,France
536945,22132,RED LOVE HEART SHAPE CUP,2,2010-12-03 12:24:00,0.85,14083.0,United Kingdom
572669,22417,PACK OF 60 SPACEBOY CAKE CASES,1,2011-10-25 13:10:00,0.55,16549.0,United Kingdom
576600,21485,RETROSPOT HEART HOT WATER BOTTLE,3,2011-11-15 15:08:00,4.95,18181.0,United Kingdom
580730,22420,LIPSTICK PEN BABY PINK,1,2011-12-05 17:28:00,0.83,,United Kingdom
572329,22979,PANTRY WASHING UP BRUSH,12,2011-10-24 10:13:00,1.45,14019.0,United Kingdom
569206,85123A,WHITE HANGING HEART T-LIGHT HOLDER,2,2011-10-02 10:58:00,2.95,15038.0,United Kingdom
557217,20977,36 PENCILS TUBE WOODLAND,16,2011-06-17 12:30:00,1.25,17426.0,United Kingdom
581574,21257,VICTORIAN SEWING BOX MEDIUM,2,2011-12-09 12:09:00,7.95,12526.0,Germany
544942,22029,SPACEBOY BIRTHDAY CARD,12,2011-02-25 10:29:00,0.42,15544.0,United Kingdom
568135,23435,3 RAFFIA RIBBONS VINTAGE CHRISTMAS,3,2011-09-23 17:04:00,0.83,,United Kingdom
547485,22489,PACK OF 12 TRADITIONAL CRAYONS,3,2011-03-23 11:16:00,0.42,17019.0,United Kingdom
566221,84568,GIRLS ALPHABET IRON ON PATCHES ,10,2011-09-09 16:13:00,0.42,,United Kingdom
574076,22356,CHARLOTTE BAG PINK POLKADOT,2,2011-11-02 15:38:00,1.63,,United Kingdom
566869,23206,LUNCH BAG APPLE DESIGN,10,2011-09-15 13:20:00,1.65,13658.0,United Kingdom
548715,84251G,"GREETING CARD, OVERCROWDED POOL.",12,2011-04-03 15:22:00,0.19,17758.0,United Kingdom
573500,22996,TRAVEL CARD WALLET VINTAGE TICKET,6,2011-10-31 12:01:00,0.42,16931.0,United Kingdom
543121,22505,MEMO BOARD COTTAGE DESIGN,4,2011-02-03 13:58:00,4.95,12662.0,Germany
546891,84596J,MIXED NUTS LIGHT GREEN BOWL,1,2011-03-17 18:18:00,0.83,,United Kingdom
560212,22743,MAKE YOUR OWN FLOWERPOWER CARD KIT,1,2011-07-15 14:58:00,2.95,14722.0,United Kingdom
546542,21397,BLUE POLKADOT EGG CUP ,12,2011-03-14 15:13:00,0.39,13263.0,United Kingdom
563095,21703,BAG 125g SWIRLY MARBLES,12,2011-08-12 09:04:00,0.42,13158.0,United Kingdom
551698,23201,JUMBO BAG ALPHABET,200,2011-05-03 13:52:00,1.79,13694.0,United Kingdom
538509,22319,HAIRCLIPS FORTIES FABRIC ASSORTED,12,2010-12-12 13:37:00,0.65,14413.0,United Kingdom
569898,22743,MAKE YOUR OWN FLOWERPOWER CARD KIT,1,2011-10-06 16:08:00,5.79,,United Kingdom
571684,22579,WOODEN TREE CHRISTMAS SCANDINAVIAN,3,2011-10-18 14:11:00,0.29,16730.0,United Kingdom
580983,22445,PENCIL CASE LIFE IS BEAUTIFUL,1,2011-12-06 16:26:00,5.79,,United Kingdom
542303,84509B,SET OF 4 FAIRY CAKE PLACEMATS,4,2011-01-27 11:05:00,3.75,12539.0,Spain
571322,23200,JUMBO BAG PEARS,10,2011-10-17 11:05:00,2.08,13534.0,United Kingdom
C581460,22107,PIZZA PLATE IN BOX,-1,2011-12-08 18:48:00,1.25,13078.0,United Kingdom
561797,22149,FELTCRAFT 6 FLOWER FRIENDS,6,2011-07-29 13:37:00,2.1,13178.0,United Kingdom
545596,22557,PLASTERS IN TIN VINTAGE PAISLEY ,12,2011-03-04 10:49:00,1.65,14447.0,United Kingdom
545036,82578,KITCHEN METAL SIGN,2,2011-02-25 17:25:00,0.55,14573.0,United Kingdom
557210,22208,WOOD STAMP SET THANK YOU,2,2011-06-17 11:49:00,0.83,18118.0,United Kingdom
546317,21060,PARTY INVITES BALLOON GIRL,12,2011-03-11 09:07:00,0.85,14913.0,United Kingdom
550607,48194,DOORMAT HEARTS,2,2011-04-19 12:17:00,7.95,16919.0,United Kingdom
577469,22863,SOAP DISH BROCANTE,1,2011-11-20 11:25:00,2.95,15009.0,United Kingdom
577125,23497,CLASSIC CHROME BICYCLE BELL ,12,2011-11-17 18:43:00,1.45,12445.0,Spain
563076,21787,RAIN PONCHO RETROSPOT,144,2011-08-11 16:12:00,0.65,14646.0,Netherlands
540418,22817,CARD SUKI BIRTHDAY,17,2011-01-07 11:04:00,0.43,,United Kingdom
579510,84997C,CHILDRENS CUTLERY POLKADOT BLUE,4,2011-11-29 16:44:00,4.15,14554.0,United Kingdom
546520,21058,PARTY INVITES WOODLAND,12,2011-03-14 12:28:00,0.85,14911.0,EIRE
547788,21090,SET/6 COLLAGE PAPER PLATES,7,2011-03-25 12:00:00,0.83,,United Kingdom
571747,23206,LUNCH BAG APPLE DESIGN,10,2011-10-19 10:59:00,1.65,13849.0,United Kingdom
573339,23208,LUNCH BAG VINTAGE LEAF DESIGN,10,2011-10-30 11:49:00,1.65,13278.0,United Kingdom
564974,23300,GARDENERS KNEELING PAD CUP OF TEA ,2,2011-08-31 15:32:00,3.29,,United Kingdom
555854,22398,MAGNETS PACK OF 4 SWALLOWS,1,2011-06-07 13:47:00,1.25,12748.0,United Kingdom
547825,POST,POSTAGE,1,2011-03-25 15:01:00,15.0,12778.0,Netherlands
567074,84725,FREESTYLE CANVAS ART PICTURE,7,2011-09-16 12:22:00,0.75,17068.0,United Kingdom
543467,21313,GLASS HEART T-LIGHT HOLDER ,1,2011-02-08 14:35:00,1.63,,United Kingdom
545311,84946,ANTIQUE SILVER TEA GLASS ETCHED,12,2011-03-01 13:45:00,1.25,15660.0,United Kingdom
569524,23511,EMBROIDERED RIBBON REEL EMILY ,1,2011-10-04 14:42:00,2.08,14506.0,United Kingdom
578017,23339,EGG FRYING PAN BLUE ,1,2011-11-22 13:07:00,2.08,13569.0,United Kingdom
559948,22192,BLUE DINER WALL CLOCK,12,2011-07-14 10:41:00,7.65,12653.0,Israel
562200,23341,PINK DINER WALL CLOCK,2,2011-08-03 12:21:00,8.5,17719.0,United Kingdom
546884,22247,BUNNY DECORATION MAGIC GARDEN,1,2011-03-17 18:08:00,1.63,,United Kingdom
538307,22082,RIBBON REEL STRIPES DESIGN ,5,2010-12-10 13:27:00,1.65,14667.0,United Kingdom
577078,21787,RAIN PONCHO RETROSPOT,1,2011-11-17 15:17:00,1.63,,United Kingdom
550303,22969,HOMEMADE JAM SCENTED CANDLES,12,2011-04-17 10:21:00,1.45,18213.0,United Kingdom
565218,22077,6 RIBBONS RUSTIC CHARM,12,2011-09-01 17:45:00,1.65,12739.0,United Arab Emirates
573551,22867,HAND WARMER BIRD DESIGN,6,2011-10-31 13:35:00,2.1,15044.0,United Kingdom
565919,21380,WOODEN HAPPY BIRTHDAY GARLAND,2,2011-09-07 16:48:00,5.79,,United Kingdom
543010,84375,SET OF 20 KIDS COOKIE CUTTERS,12,2011-02-02 13:16:00,2.1,18250.0,United Kingdom
566087,84879,ASSORTED COLOUR BIRD ORNAMENT,16,2011-09-09 10:24:00,1.69,13319.0,United Kingdom
564141,22727,ALARM CLOCK BAKELIKE RED ,2,2011-08-23 11:47:00,3.75,17841.0,United Kingdom
537823,22739,RIBBON REEL CHRISTMAS SOCK BAUBLE,2,2010-12-08 14:25:00,3.36,,United Kingdom
546365,22281,EASTER TREE YELLOW BIRDS,4,2011-03-11 11:35:00,5.95,12520.0,Germany
548551,22904,CALENDAR PAPER CUT DESIGN,6,2011-04-01 08:56:00,2.95,14886.0,United Kingdom
575919,21867,PINK UNION JACK  LUGGAGE TAG,2,2011-11-11 17:00:00,1.25,15311.0,United Kingdom
575477,90175B,PINK GLASS CHUNKY CHARM BRACELET,1,2011-11-09 16:14:00,9.15,,United Kingdom
C553687,22241,GARLAND WOODEN HAPPY EASTER,-1,2011-05-18 14:01:00,1.06,15311.0,United Kingdom
539642,82600,NO SINGING METAL SIGN,2,2010-12-20 15:35:00,2.1,15867.0,United Kingdom
572499,23376,PACK OF 12 VINTAGE CHRISTMAS TISSUE,24,2011-10-24 14:10:00,0.39,15786.0,United Kingdom
536846,22272,FELTCRAFT DOLL MARIA,1,2010-12-02 19:59:00,2.95,14573.0,United Kingdom
552831,16015,MEDIUM CHINESE STYLE SCISSOR,30,2011-05-11 14:12:00,0.5,13052.0,United Kingdom
578331,21993,FLORAL FOLK STATIONERY SET,12,2011-11-24 08:44:00,1.25,14911.0,EIRE
566060,22410,MONEY BOX HOUSEKEEPING DESIGN,1,2011-09-08 15:27:00,2.46,,United Kingdom
C539661,15036,ASSORTED COLOURS SILK FAN,-48,2010-12-21 10:16:00,0.75,12971.0,United Kingdom
578783,22780,LIGHT GARLAND BUTTERFILES PINK,2,2011-11-25 11:58:00,4.25,12748.0,United Kingdom
556484,22961,JAM MAKING SET PRINTED,4,2011-06-12 13:17:00,1.45,16938.0,United Kingdom
554665,21830,ASSORTED CREEPY CRAWLIES,24,2011-05-25 14:44:00,0.42,14336.0,United Kingdom
541848,79191B,RETRO PLASTIC POLKA TRAY,1,2011-01-23 13:31:00,0.85,17611.0,United Kingdom
559051,22960,JAM MAKING SET WITH JARS,1,2011-07-05 16:47:00,8.29,,United Kingdom
541215,21947,SET OF 6 HEART CHOPSTICKS,12,2011-01-14 13:42:00,1.25,14329.0,United Kingdom
571697,23346,SPACEBOY BEAKER,12,2011-10-18 14:49:00,1.25,12759.0,Netherlands
546650,21187,WHITE BELL HONEYCOMB PAPER GARLAND ,3,2011-03-15 14:17:00,3.29,,United Kingdom
549713,22963,JAM JAR WITH GREEN LID,4,2011-04-11 14:11:00,0.85,17611.0,United Kingdom
574240,22296,HEART IVORY TRELLIS LARGE,6,2011-11-03 12:45:00,1.65,15998.0,United Kingdom
556244,22109,FULL ENGLISH BREAKFAST PLATE,3,2011-06-09 16:08:00,3.75,15867.0,United Kingdom
545685,22293,HANGING CHICK GREEN DECORATION,1,2011-03-06 11:55:00,1.45,14499.0,United Kingdom
557937,23182,TOILET SIGN OCCUPIED OR VACANT,2,2011-06-23 15:30:00,2.46,,United Kingdom
542608,22028,PENNY FARTHING BIRTHDAY CARD,12,2011-01-30 13:51:00,0.42,16770.0,United Kingdom
542100,22175,PINK OWL SOFT TOY,2,2011-01-25 13:15:00,2.95,15339.0,United Kingdom
580673,23529,WALL ART DOLLY GIRL ,6,2011-12-05 14:30:00,3.75,13089.0,United Kingdom
574240,23321,SMALL WHITE HEART OF WICKER,2,2011-11-03 12:45:00,1.65,15998.0,United Kingdom
576255,21811,HANGING HEART WITH BELL,23,2011-11-14 14:09:00,0.39,15993.0,United Kingdom
538657,22112,CHOCOLATE HOT WATER BOTTLE,2,2010-12-13 15:26:00,4.95,15867.0,United Kingdom
544338,21211,SET OF 72 SKULL PAPER  DOILIES,12,2011-02-18 08:47:00,1.45,12852.0,United Kingdom
567236,22192,BLUE DINER WALL CLOCK,2,2011-09-19 11:33:00,8.5,14735.0,United Kingdom
559051,20665,RED RETROSPOT PURSE ,1,2011-07-05 16:47:00,2.46,,United Kingdom
563193,22494,EMERGENCY FIRST AID TIN ,1,2011-08-12 16:30:00,2.46,,United Kingdom
577834,23485,BOTANICAL GARDENS WALL CLOCK ,4,2011-11-22 10:21:00,20.8,17528.0,United Kingdom
541104,90125E,AMBER BERTIE GLASS BEAD BAG CHARM,2,2011-01-13 14:29:00,1.63,,United Kingdom
543389,85173,SET/6 FROG PRINCE T-LIGHT CANDLES,1,2011-02-08 09:56:00,2.55,17841.0,United Kingdom
552668,20970,PINK FLORAL FELTCRAFT SHOULDER BAG,1,2011-05-10 15:05:00,7.46,,United Kingdom
578065,85099F,JUMBO BAG STRAWBERRY,1,2011-11-22 15:41:00,4.13,,United Kingdom
544106,22767,TRIPLE PHOTO FRAME CORNICE ,1,2011-02-16 10:47:00,9.95,14530.0,United Kingdom
547888,22978,PANTRY ROLLING PIN,6,2011-03-28 09:59:00,3.75,13368.0,United Kingdom
579512,22551,PLASTERS IN TIN SPACEBOY,1,2011-11-29 16:47:00,3.29,,United Kingdom
539760,22970,LONDON BUS COFFEE MUG,6,2010-12-21 17:16:00,2.55,17400.0,United Kingdom
560906,23161,REGENCY CAKE FORK,12,2011-07-21 17:55:00,1.25,15827.0,United Kingdom
564838,23086,ZINC  STAR T-LIGHT HOLDER ,2,2011-08-30 12:43:00,2.46,,United Kingdom
C548947,22180,RETROSPOT LAMP,-1,2011-04-05 10:45:00,9.95,14546.0,United Kingdom
548165,20713,JUMBO BAG OWLS,5,2011-03-29 13:44:00,4.13,,United Kingdom
575724,23355,HOT WATER BOTTLE KEEP CALM,4,2011-11-10 18:37:00,4.95,14608.0,United Kingdom
536943,22746,POPPY'S PLAYHOUSE LIVINGROOM ,1,2010-12-03 12:11:00,2.1,17884.0,United Kingdom
570273,23493,VINTAGE DOILY TRAVEL SEWING KIT,20,2011-10-10 10:51:00,1.95,13373.0,United Kingdom
577527,22273,FELTCRAFT DOLL MOLLY,3,2011-11-20 13:40:00,2.95,17523.0,United Kingdom
580292,22075,6 RIBBONS ELEGANT CHRISTMAS ,1,2011-12-02 13:37:00,0.39,15856.0,United Kingdom
547875,47590A,BLUE HAPPY BIRTHDAY BUNTING,6,2011-03-27 15:40:00,5.45,13408.0,United Kingdom
547042,90134,OLD ROSE COMBO BEAD NECKLACE,1,2011-03-20 11:00:00,2.9,,United Kingdom
576927,21558,SKULL LUNCH BOX WITH CUTLERY ,6,2011-11-17 11:02:00,2.55,12567.0,France
539451,21390,FILIGRIS HEART WITH BUTTERFLY,2,2010-12-17 16:59:00,2.51,,United Kingdom
536390,21086,SET/6 RED SPOTTY PAPER CUPS,48,2010-12-01 10:19:00,0.65,17511.0,United Kingdom
547669,15030,FAN BLACK FRAME ,5,2011-03-24 13:37:00,0.29,12748.0,United Kingdom
569332,22124,SET OF 2 TEA TOWELS PING MICROWAVE,1,2011-10-03 13:46:00,2.95,12637.0,France
557153,23172,REGENCY TEA PLATE PINK,3,2011-06-17 11:07:00,1.65,13735.0,United Kingdom
577516,20992,JAZZ HEARTS PURSE NOTEBOOK,3,2011-11-20 13:08:00,0.39,16533.0,United Kingdom
561485,84849A,HELLO SAILOR BLUE SOAP HOLDER,4,2011-07-27 13:42:00,1.69,17841.0,United Kingdom
540169,21258,VICTORIAN SEWING BOX LARGE,2,2011-01-05 12:20:00,12.75,14527.0,United Kingdom
546306,90028,NEW BAROQUE LARGE NECKLACE BLK/WHIT,2,2011-03-10 16:16:00,8.32,,United Kingdom
578020,22964,3 PIECE SPACEBOY COOKIE CUTTER SET,6,2011-11-22 13:20:00,2.1,16979.0,United Kingdom
547498,22384,LUNCH BAG PINK POLKADOT,1,2011-03-23 12:24:00,1.65,15021.0,United Kingdom
581456,22998,TRAVEL CARD WALLET KEEP CALM,12,2011-12-08 18:42:00,0.42,17530.0,United Kingdom
581498,21155,RED RETROSPOT PEG BAG,4,2011-12-09 10:26:00,4.96,,United Kingdom
538368,84536A,ENGLISH ROSE NOTEBOOK A7 SIZE,1,2010-12-12 10:57:00,0.42,15503.0,United Kingdom
561330,22969,HOMEMADE JAM SCENTED CANDLES,12,2011-07-26 14:03:00,1.45,16019.0,United Kingdom
555841,23158,SET OF 5 LUCKY CAT MAGNETS ,1,2011-06-07 12:47:00,2.08,14583.0,United Kingdom
537823,85016,SET OF 6 VINTAGE NOTELETS KIT,1,2010-12-08 14:25:00,2.51,,United Kingdom
552674,21116,OWL DOORSTOP,1,2011-05-10 15:07:00,8.29,,United Kingdom
571425,23056,FLOWERS CHANDELIER T-LIGHT HOLDER,3,2011-10-17 12:41:00,6.25,14911.0,EIRE
578067,22968,ROSE COTTAGE KEEPSAKE BOX ,2,2011-11-22 15:43:00,19.96,,United Kingdom
571328,85049A,TRADITIONAL CHRISTMAS RIBBONS,24,2011-10-17 11:27:00,1.25,12473.0,Germany
541241,84536A,ENGLISH ROSE NOTEBOOK A7 SIZE,32,2011-01-16 11:08:00,0.42,13782.0,United Kingdom
540468,20972,PINK CREAM FELT CRAFT TRINKET BOX ,1,2011-01-07 13:55:00,2.51,,United Kingdom
537334,22747,POPPY'S PLAYHOUSE BATHROOM,1,2010-12-06 12:06:00,2.1,16719.0,United Kingdom
575977,23148,MINIATURE ANTIQUE ROSE HOOK IVORY,12,2011-11-13 13:27:00,0.83,17287.0,United Kingdom
558237,23298,SPOTTY BUNTING,1,2011-06-27 15:04:00,4.95,12867.0,United Kingdom
541104,22586,FELTCRAFT HAIRBAND PINK AND BLUE,1,2011-01-13 14:29:00,1.63,,United Kingdom
541567,85014B,RED RETROSPOT UMBRELLA,3,2011-01-19 11:51:00,5.95,12681.0,France
581439,22791,T-LIGHT GLASS FLUTED ANTIQUE,9,2011-12-08 16:30:00,2.46,,United Kingdom
543023,21733,RED HANGING HEART T-LIGHT HOLDER,12,2011-02-02 14:38:00,2.95,15270.0,United Kingdom
553050,21928,JUMBO BAG SCANDINAVIAN BLUE PAISLEY,10,2011-05-13 10:09:00,2.08,15498.0,United Kingdom
564725,23313,VINTAGE CHRISTMAS BUNTING,2,2011-08-28 12:28:00,4.95,18041.0,United Kingdom
540995,22403,MAGNETS PACK OF 4 VINTAGE LABELS ,3,2011-01-13 09:30:00,0.83,,United Kingdom
550318,85049C,ROMANTIC PINKS RIBBONS ,3,2011-04-17 12:25:00,1.25,16085.0,United Kingdom
575176,85199S,SMALL HANGING IVORY/RED WOOD BIRD,2,2011-11-08 18:29:00,0.83,,United Kingdom
545217,22883,NUMBER TILE VINTAGE FONT 4,1,2011-02-28 16:59:00,4.13,,United Kingdom
551172,47566,PARTY BUNTING,2,2011-04-26 16:53:00,4.95,17854.0,United Kingdom
562024,84951A,SET OF 4 PISTACHIO LOVEBIRD COASTER,1,2011-08-01 16:07:00,2.46,,United Kingdom
577286,21944,KITTENS DESIGN FLANNEL,2,2011-11-18 12:39:00,0.85,14606.0,United Kingdom
549125,90180B,PURPLE AMETHYST NECKLACE W TASSEL,1,2011-04-06 14:13:00,9.95,14964.0,United Kingdom
560225,23053,RECYCLED ACAPULCO MAT PINK,1,2011-07-15 16:27:00,16.63,,United Kingdom
546127,21535,RED RETROSPOT SMALL MILK JUG,12,2011-03-09 14:57:00,2.55,17730.0,United Kingdom
574317,17038,PORCELAIN BUDAH INCENSE HOLDER,100,2011-11-03 18:49:00,0.1,17078.0,United Kingdom
C548972,22784,LANTERN CREAM GAZEBO ,-3,2011-04-05 11:42:00,4.95,15674.0,United Kingdom
574883,22693,GROW A FLYTRAP OR SUNFLOWER IN TIN,48,2011-11-07 13:56:00,1.25,14623.0,United Kingdom
573315,22748,POPPY'S PLAYHOUSE KITCHEN,1,2011-10-28 17:27:00,2.1,17839.0,United Kingdom
572127,22221,CAKE STAND LOVEBIRD 2 TIER PINK,2,2011-10-21 09:20:00,9.95,14911.0,EIRE
555280,22296,HEART IVORY TRELLIS LARGE,12,2011-06-02 09:02:00,1.65,17162.0,United Kingdom
550819,82482,WOODEN PICTURE FRAME WHITE FINISH,4,2011-04-20 17:37:00,2.55,17530.0,United Kingdom
540813,85177,BASKET OF FLOWERS SEWING KIT,6,2011-01-11 12:41:00,0.85,14669.0,United Kingdom
553870,84947,ANTIQUE SILVER TEA GLASS ENGRAVED,24,2011-05-19 14:29:00,1.25,17980.0,United Kingdom
566193,20914,SET/5 RED RETROSPOT LID GLASS BOWLS,6,2011-09-09 13:37:00,2.95,14961.0,United Kingdom
544681,22998,TRAVEL CARD WALLET KEEP CALM,5,2011-02-22 16:28:00,0.83,,United Kingdom
554824,47590B,PINK HAPPY BIRTHDAY BUNTING,12,2011-05-26 14:21:00,5.45,15785.0,United Kingdom
570690,22598,CHRISTMAS MUSICAL ZINC TREE,3,2011-10-11 16:37:00,0.83,,United Kingdom
556459,20667,CHERRY BLOSSOM PURSE,1,2011-06-10 17:25:00,2.46,,United Kingdom
541130,21094,SET/6 RED SPOTTY PAPER PLATES,3,2011-01-14 10:15:00,2.46,,United Kingdom
571270,23427,STOOL HOME SWEET HOME ,1,2011-10-16 12:09:00,12.5,12940.0,United Kingdom
564342,23168,CLASSIC CAFE SUGAR DISPENSER,1,2011-08-24 14:53:00,1.25,16340.0,United Kingdom
562850,20725,LUNCH BAG RED RETROSPOT,100,2011-08-10 10:08:00,1.45,14680.0,United Kingdom
558367,84828,JUNGLE POPSICLES ICE LOLLY MOULDS,12,2011-06-28 15:31:00,1.25,16550.0,United Kingdom
539395,22923,FRIDGE MAGNETS LES ENFANTS ASSORTED,36,2010-12-17 11:52:00,0.85,12471.0,Germany
537030,22587,FELTCRAFT HAIRBAND RED AND BLUE,12,2010-12-03 16:44:00,0.85,16455.0,United Kingdom
C556640,22283,6 EGG HOUSE PAINTED WOOD,-2,2011-06-13 15:44:00,7.95,13148.0,United Kingdom
539317,22443,GROW YOUR OWN HERBS SET OF 3,1,2010-12-16 19:04:00,7.95,17392.0,United Kingdom
577405,22468,BABUSHKA LIGHTS STRING OF 10,4,2011-11-20 10:29:00,6.75,14116.0,United Kingdom
544887,22750,FELTCRAFT PRINCESS LOLA DOLL,4,2011-02-24 11:54:00,3.75,17364.0,United Kingdom
580729,21810,CHRISTMAS HANGING STAR WITH BELL,14,2011-12-05 17:24:00,0.83,,United Kingdom
575693,23080,RED METAL BOX TOP SECRET,2,2011-11-10 16:36:00,8.25,16979.0,United Kingdom
560434,21442,GREEN BIRDHOUSE DECORATION,2,2011-07-18 15:56:00,1.63,,United Kingdom
556728,23245,SET OF 3 REGENCY CAKE TINS,1,2011-06-14 11:36:00,4.95,15719.0,United Kingdom
539451,22910,PAPER CHAIN KIT VINTAGE CHRISTMAS,9,2010-12-17 16:59:00,3.36,,United Kingdom
580752,22750,FELTCRAFT PRINCESS LOLA DOLL,4,2011-12-06 09:56:00,3.75,12478.0,Greece
545445,22301,COFFEE MUG CAT + BIRD DESIGN,6,2011-03-02 16:26:00,2.55,17738.0,United Kingdom
547655,22956,36 FOIL HEART CAKE CASES,6,2011-03-24 12:52:00,2.1,14267.0,United Kingdom
557612,20840,FRENCH FLORAL CUSHION COVER ,24,2011-06-21 12:40:00,0.85,14460.0,United Kingdom
560034,23198,PANTRY MAGNETIC  SHOPPING LIST,12,2011-07-14 13:35:00,1.45,13933.0,United Kingdom
567579,23394,POSTE FRANCE CUSHION COVER,4,2011-09-21 10:48:00,3.75,18228.0,United Kingdom
567818,23321,SMALL WHITE HEART OF WICKER,8,2011-09-22 12:41:00,1.65,14395.0,United Kingdom
551963,85132A,CHARLIE + LOLA BISCUITS TINS,48,2011-05-05 12:52:00,1.95,13266.0,United Kingdom
540096,21617,4 LILY  BOTANICAL DINNER CANDLES,12,2011-01-04 15:43:00,1.25,13253.0,United Kingdom
568310,23180,MUM'S KITCHEN CLOCK,4,2011-09-26 12:48:00,4.95,14911.0,EIRE
544684,22558,CLOTHES PEGS RETROSPOT PACK 24 ,3,2011-02-22 16:32:00,2.46,,United Kingdom
564746,23032,DRAWER KNOB CRACKLE GLAZE IVORY,6,2011-08-28 15:58:00,1.65,17633.0,United Kingdom
539737,22207,FRYING PAN UNION FLAG,3,2010-12-21 15:19:00,8.47,,United Kingdom
561205,21992,VINTAGE PAISLEY STATIONERY SET,12,2011-07-25 15:48:00,1.25,17693.0,United Kingdom
574532,22736,RIBBON REEL MAKING SNOWMEN ,10,2011-11-04 14:19:00,1.65,15676.0,United Kingdom
554808,82582,AREA PATROLLED METAL SIGN,3,2011-05-26 13:01:00,2.1,17059.0,United Kingdom
550477,22692,DOORMAT WELCOME TO OUR HOME,2,2011-04-18 14:01:00,7.95,17338.0,United Kingdom
557324,22653,BUTTON BOX ,1,2011-06-20 09:41:00,4.13,,United Kingdom
580695,22144,CHRISTMAS CRAFT LITTLE FRIENDS,1,2011-12-05 16:03:00,2.1,13230.0,United Kingdom
539439,85062,PEARL CRYSTAL PUMPKIN T-LIGHT HLDR,12,2010-12-17 15:14:00,1.65,13869.0,United Kingdom
568543,84920,,-21,2011-09-27 14:33:00,0.0,,United Kingdom
571562,22382,LUNCH BAG SPACEBOY DESIGN ,20,2011-10-18 10:04:00,1.65,14156.0,EIRE
552560,22084,PAPER CHAIN KIT EMPIRE,6,2011-05-10 11:48:00,2.95,17581.0,United Kingdom
551997,22367,CHILDRENS APRON SPACEBOY DESIGN,2,2011-05-05 15:47:00,4.13,,United Kingdom
541987,84378,SET OF 3 HEART COOKIE CUTTERS,2,2011-01-24 16:05:00,1.25,14130.0,United Kingdom
559052,21905,MORE BUTTER METAL SIGN ,1,2011-07-05 16:53:00,1.63,,United Kingdom
536590,21340,CLASSIC METAL BIRDCAGE PLANT HOLDER,1,2010-12-01 16:52:00,12.75,13065.0,United Kingdom
537645,22947,WOODEN ADVENT CALENDAR RED,1,2010-12-07 15:34:00,34.0,,United Kingdom
565766,22171,3 HOOK PHOTO SHELF ANTIQUE WHITE,1,2011-09-06 14:23:00,8.5,17841.0,United Kingdom
566976,22943,CHRISTMAS LIGHTS 10 VINTAGE BAUBLES,12,2011-09-16 09:27:00,4.95,15382.0,United Kingdom
540185,22052,VINTAGE CARAVAN GIFT WRAP,25,2011-01-05 13:40:00,0.42,14653.0,United Kingdom
544434,22212,FOUR HOOK  WHITE LOVEBIRDS,1,2011-02-18 16:12:00,4.13,,United Kingdom
574103,85066,CREAM SWEETHEART MINI CHEST,2,2011-11-03 10:30:00,12.75,13636.0,United Kingdom
569148,21791,VINTAGE HEADS AND TAILS CARD GAME ,12,2011-09-30 15:52:00,1.25,16613.0,United Kingdom
553199,20686,DOLLY MIXTURE CHILDREN'S UMBRELLA,2,2011-05-15 15:13:00,3.25,17758.0,United Kingdom
537463,21124,SET/10 BLUE POLKADOT PARTY CANDLES,24,2010-12-07 10:08:00,1.25,12681.0,France
560366,21829,DINOSAUR KEYRINGS ASSORTED,36,2011-07-18 12:19:00,0.21,16859.0,United Kingdom
546983,22464,HANGING METAL HEART LANTERN,12,2011-03-18 12:27:00,1.65,16626.0,United Kingdom
553769,23444,,200,2011-05-19 10:48:00,0.0,,United Kingdom
565767,84031A,CHARLIE+LOLA RED HOT WATER BOTTLE ,1,2011-09-06 14:28:00,4.96,,United Kingdom
569415,21936,RED RETROSPOT PICNIC BAG,1,2011-10-04 10:14:00,5.79,,United Kingdom
538566,84029E,RED WOOLLY HOTTIE WHITE HEART.,2,2010-12-13 11:21:00,7.62,,United Kingdom
573137,22028,PENNY FARTHING BIRTHDAY CARD,2,2011-10-27 17:15:00,0.83,,United Kingdom
558637,22315,200 RED + WHITE BENDY STRAWS,1,2011-06-30 20:08:00,1.25,17891.0,United Kingdom
570466,22798,ANTIQUE GLASS DRESSING TABLE POT,2,2011-10-10 16:03:00,2.95,16791.0,United Kingdom
573633,84879,ASSORTED COLOUR BIRD ORNAMENT,8,2011-10-31 15:48:00,3.12,,United Kingdom
537223,22112,CHOCOLATE HOT WATER BOTTLE,6,2010-12-05 16:10:00,4.95,13579.0,United Kingdom
569523,23512,EMBROIDERED RIBBON REEL ROSIE,1,2011-10-04 14:41:00,2.08,16033.0,United Kingdom
576381,22699,ROSES REGENCY TEACUP AND SAUCER ,6,2011-11-15 09:26:00,2.95,12839.0,United Kingdom
548458,22690,DOORMAT HOME SWEET HOME BLUE ,2,2011-03-31 11:53:00,7.95,15632.0,United Kingdom
574481,21094,SET/6 RED SPOTTY PAPER PLATES,3,2011-11-04 12:45:00,0.85,18022.0,United Kingdom
574251,23402,HOME SWEET HOME 3 PEG HANGER ,8,2011-11-03 13:22:00,3.75,18205.0,United Kingdom
547880,21137,BLACK RECORD COVER FRAME,12,2011-03-27 16:05:00,3.75,15426.0,United Kingdom
537823,21494,ROTATING LEAVES T-LIGHT HOLDER,1,2010-12-08 14:25:00,5.06,,United Kingdom
551821,84970S,HANGING HEART ZINC T-LIGHT HOLDER,12,2011-05-04 12:20:00,0.85,16942.0,United Kingdom
570242,23048,SET OF 10 LANTERNS FAIRY LIGHT STAR,200,2011-10-09 15:40:00,3.75,16380.0,United Kingdom
578285,20728,LUNCH BAG CARS BLUE,1,2011-11-23 13:57:00,1.65,12748.0,United Kingdom
580974,22865,HAND WARMER OWL DESIGN,12,2011-12-06 15:17:00,2.1,14293.0,United Kingdom
545688,22773,GREEN DRAWER KNOB ACRYLIC EDWARDIAN,12,2011-03-06 12:42:00,1.25,16033.0,United Kingdom
580043,23395,BELLE JARDINIERE CUSHION COVER,2,2011-12-01 12:25:00,3.75,14527.0,United Kingdom
541883,22413,METAL SIGN TAKE IT OR LEAVE IT ,12,2011-01-24 10:56:00,2.95,13408.0,United Kingdom
C557637,22778,GLASS CLOCHE SMALL,-1,2011-06-21 16:00:00,3.95,13630.0,United Kingdom
578289,23157,SET OF 6 NATIVITY MAGNETS ,2,2011-11-23 14:07:00,2.08,17841.0,United Kingdom
556721,21175,GIN + TONIC DIET METAL SIGN,12,2011-06-14 11:23:00,2.55,15218.0,United Kingdom
571443,22940,FELTCRAFT CHRISTMAS FAIRY,3,2011-10-17 13:43:00,4.25,17785.0,United Kingdom
576394,21770,OPEN CLOSED METAL SIGN,36,2011-11-15 10:32:00,4.25,12415.0,Australia
546522,22328,ROUND SNACK BOXES SET OF 4 FRUITS ,6,2011-03-14 12:41:00,2.95,13319.0,United Kingdom
572514,20774,,-4,2011-10-24 14:36:00,0.0,,United Kingdom
542255,21535,RED RETROSPOT SMALL MILK JUG,1,2011-01-26 16:43:00,4.96,,United Kingdom
544311,22602,RETROSPOT WOODEN HEART DECORATION,1,2011-02-17 14:19:00,0.85,17841.0,United Kingdom
540247,84879,ASSORTED COLOUR BIRD ORNAMENT,8,2011-01-05 15:56:00,1.69,15464.0,United Kingdom
574660,22558,CLOTHES PEGS RETROSPOT PACK 24 ,1,2011-11-06 11:55:00,1.65,15407.0,United Kingdom
544201,84509a,SET OF 4 ENGLISH ROSE PLACEMATS,1,2011-02-17 10:11:00,7.46,,United Kingdom
564066,23240,SET OF 4 KNICK KNACK TINS DOILY ,6,2011-08-22 15:05:00,4.15,17703.0,United Kingdom
544434,22549,PICTURE DOMINOES,1,2011-02-18 16:12:00,3.29,,United Kingdom
554546,22713,CARD I LOVE LONDON ,7,2011-05-25 09:37:00,0.42,,United Kingdom
538057,22418,10 COLOUR SPACEBOY PEN,24,2010-12-09 13:38:00,0.85,13102.0,United Kingdom
568705,23284,DOORMAT KEEP CALM AND COME IN,20,2011-09-28 15:31:00,7.08,14434.0,United Kingdom
558738,21828,EIGHT PIECE SNAKE  SET,12,2011-07-01 15:35:00,1.25,12922.0,United Kingdom
550541,85198,ASSORTED FARMYARD ANIMALS IN BUCKET,2,2011-04-19 11:33:00,1.63,,United Kingdom
570473,23122,PARTY CHARMS 50 PIECES,1,2011-10-10 16:41:00,0.83,,United Kingdom
568675,20724,RED RETROSPOT CHARLOTTE BAG,30,2011-09-28 13:32:00,0.72,14298.0,United Kingdom
574672,23307,SET OF 60 PANTRY DESIGN CAKE CASES ,2,2011-11-06 12:25:00,0.55,13532.0,United Kingdom
569202,22650,CERAMIC PIRATE CHEST MONEY BANK,1,2011-09-30 17:22:00,3.29,,United Kingdom
565932,22082,RIBBON REEL STRIPES DESIGN ,5,2011-09-08 10:35:00,1.65,16418.0,United Kingdom
565232,22135,MINI LADLE LOVE HEART PINK,1,2011-09-02 09:30:00,0.83,,United Kingdom
563858,22913,RED COAT RACK PARIS FASHION,3,2011-08-19 16:04:00,4.95,18170.0,United Kingdom
560996,47566,PARTY BUNTING,2,2011-07-22 13:53:00,4.95,17625.0,United Kingdom
570841,85099B,JUMBO BAG RED RETROSPOT,20,2011-10-12 14:18:00,2.08,12553.0,France
541568,22371,AIRLINE BAG VINTAGE TOKYO 78,12,2011-01-19 12:07:00,3.75,15606.0,United Kingdom
575955,22158,3 HEARTS HANGING DECORATION RUSTIC,1,2011-11-13 12:05:00,2.95,14044.0,United Kingdom
537254,22578,WOODEN STAR CHRISTMAS SCANDINAVIAN,1,2010-12-06 11:01:00,0.85,15898.0,United Kingdom
561651,21447,12 IVORY ROSE PEG PLACE SETTINGS,7,2011-07-28 15:36:00,2.46,,United Kingdom
543492,22986,GINGHAM ROSE WRAP,25,2011-02-09 10:41:00,0.42,12720.0,Germany
574573,22605,WOODEN CROQUET GARDEN SET,1,2011-11-04 16:35:00,14.95,14592.0,United Kingdom
566249,20972,PINK CREAM FELT CRAFT TRINKET BOX ,6,2011-09-11 12:09:00,1.25,13527.0,United Kingdom
558066,22385,JUMBO BAG SPACEBOY DESIGN,1,2011-06-24 15:45:00,4.13,,United Kingdom
543919,20725,LUNCH BAG RED RETROSPOT,10,2011-02-14 14:03:00,1.65,13157.0,United Kingdom
555488,22189,CREAM HEART CARD HOLDER,1,2011-06-03 13:43:00,3.95,16942.0,United Kingdom
571442,22558,CLOTHES PEGS RETROSPOT PACK 24 ,3,2011-10-17 13:39:00,1.65,17049.0,United Kingdom
550352,20829,GLITTER HANGING BUTTERFLY STRING,2,2011-04-18 10:21:00,2.1,16719.0,United Kingdom
580729,23379,PACK OF 12 RED APPLE TISSUES,1,2011-12-05 17:24:00,0.83,,United Kingdom
557892,22845,VINTAGE CREAM CAT FOOD CONTAINER,2,2011-06-23 14:11:00,6.35,14534.0,United Kingdom
544070,47567B,TEA TIME KITCHEN APRON,6,2011-02-15 14:19:00,5.95,15370.0,United Kingdom
537240,22961,JAM MAKING SET PRINTED,6,2010-12-06 10:08:00,3.36,,United Kingdom
559810,23313,VINTAGE CHRISTMAS BUNTING,5,2011-07-12 15:15:00,4.95,16168.0,United Kingdom
C538341,21056,DOCTOR'S BAG SOFT TOY,-1,2010-12-10 14:03:00,8.95,15514.0,United Kingdom
562715,22595,GINGHAM HEART DECORATION,10,2011-08-08 15:34:00,1.63,,United Kingdom
555604,22758,LARGE PURPLE BABUSHKA NOTEBOOK  ,12,2011-06-06 11:37:00,1.25,16612.0,United Kingdom
571283,21872,GLAMOROUS  MUG,2,2011-10-16 13:51:00,1.25,16533.0,United Kingdom
546105,22859,EASTER TIN BUNNY BOUQUET,1,2011-03-09 12:21:00,1.65,14662.0,United Kingdom
542114,22926,IVORY GIANT GARDEN THERMOMETER,4,2011-01-25 14:00:00,5.95,16943.0,United Kingdom
542148,16161U,WRAP SUKI AND FRIENDS,25,2011-01-26 10:10:00,0.42,14060.0,United Kingdom
576339,21932,SCANDINAVIAN PAISLEY PICNIC BAG,1,2011-11-14 15:27:00,2.46,14096.0,United Kingdom
546949,85096,HILDA CANDY SPOT RABBIT,1,2011-03-18 11:22:00,3.75,,United Kingdom
565317,85099B,JUMBO BAG RED RETROSPOT,30,2011-09-02 13:00:00,2.08,12921.0,United Kingdom
575340,22027,TEA PARTY BIRTHDAY CARD,12,2011-11-09 14:31:00,0.42,15485.0,United Kingdom
556455,79321,CHILLI LIGHTS,24,2011-06-10 16:46:00,4.95,15856.0,United Kingdom
544303,20856,DENIM PATCH PURSE PINK BUTTERFLY,1,2011-02-17 13:28:00,1.65,18116.0,United Kingdom
568910,21790,VINTAGE SNAP CARDS,12,2011-09-29 13:39:00,0.85,16574.0,United Kingdom
578508,22596,CHRISTMAS STAR WISH LIST CHALKBOARD,1,2011-11-24 13:06:00,1.25,16892.0,United Kingdom
577051,23431,NATURAL HANGING QUILTED HEARTS ,1,2011-11-17 14:02:00,0.83,14034.0,United Kingdom
546383,35922,EASTER BUNNY WREATH,5,2011-03-11 12:54:00,4.95,13654.0,United Kingdom
550208,21930,JUMBO STORAGE BAG SKULLS,1,2011-04-15 10:39:00,4.96,,United Kingdom
538566,22097,SWALLOW SQUARE TISSUE BOX,1,2010-12-13 11:21:00,2.51,,United Kingdom
570880,22630,DOLLY GIRL LUNCH BOX,12,2011-10-13 09:16:00,1.95,14291.0,United Kingdom
581498,22734,SET OF 6 RIBBONS VINTAGE CHRISTMAS,5,2011-12-09 10:26:00,5.79,,United Kingdom
547548,21559,STRAWBERRY LUNCH BOX WITH CUTLERY,1,2011-03-23 15:37:00,2.55,15644.0,United Kingdom
581492,23538,WALL ART VINTAGE HEART,1,2011-12-09 10:03:00,10.79,,United Kingdom
550630,84596B,SMALL DOLLY MIX DESIGN ORANGE BOWL,24,2011-04-19 14:49:00,0.42,14298.0,United Kingdom
581402,22632,HAND WARMER RED RETROSPOT,8,2011-12-08 13:45:00,2.1,14653.0,United Kingdom
570872,84050,PINK HEART SHAPE EGG FRYING PAN,2,2011-10-12 16:40:00,4.13,,United Kingdom
569414,22110,BIRD HOUSE HOT WATER BOTTLE,2,2011-10-04 10:11:00,8.29,,United Kingdom
569848,23108,SET OF 10 LED DOLLY LIGHTS,4,2011-10-06 13:48:00,6.25,16316.0,United Kingdom
578429,23294,SET OF 6 SNACK LOAF BAKING CASES,8,2011-11-24 12:12:00,0.83,16271.0,United Kingdom
558777,23089,GLASS BON BON JAR,1,2011-07-04 10:23:00,3.29,,United Kingdom
574683,22548,HEADS AND TAILS SPORTING FUN,1,2011-11-06 12:50:00,1.25,16372.0,United Kingdom
571038,48184,DOORMAT ENGLISH ROSE ,1,2011-10-13 12:58:00,8.25,15511.0,United Kingdom
537626,21171,BATHROOM METAL SIGN ,12,2010-12-07 14:57:00,1.45,12347.0,Iceland
540239,22328,ROUND SNACK BOXES SET OF 4 FRUITS ,6,2011-01-05 14:48:00,2.95,12682.0,France
537240,21913,VINTAGE SEASIDE JIGSAW PUZZLES,1,2010-12-06 10:08:00,7.62,,United Kingdom
577729,15036,ASSORTED COLOURS SILK FAN,24,2011-11-21 12:53:00,0.83,15179.0,United Kingdom
565838,22759,SET OF 3 NOTEBOOKS IN PARCEL,12,2011-09-07 11:43:00,1.65,15071.0,United Kingdom
548504,48185,DOORMAT FAIRY CAKE,2,2011-03-31 14:33:00,14.13,,United Kingdom
558927,22384,LUNCH BAG PINK POLKADOT,10,2011-07-05 10:23:00,1.65,18177.0,United Kingdom
558475,22718,CARD CAT AND TREE ,1,2011-06-29 15:58:00,0.83,,United Kingdom
581219,22133,PINK LOVE HEART SHAPE CUP,1,2011-12-08 09:28:00,1.63,,United Kingdom
538524,22740,POLKADOT PEN,1,2010-12-13 09:35:00,1.66,,United Kingdom
568326,21891,TRADITIONAL WOODEN SKIPPING ROPE,12,2011-09-26 14:00:00,1.45,13200.0,United Kingdom
569673,85053,FRENCH ENAMEL CANDLEHOLDER,3,2011-10-05 13:58:00,2.1,17222.0,United Kingdom
537240,22114,HOT WATER BOTTLE TEA AND SYMPATHY,9,2010-12-06 10:08:00,8.47,,United Kingdom
551542,22771,CLEAR DRAWER KNOB ACRYLIC EDWARDIAN,24,2011-05-03 09:05:00,1.25,14732.0,United Kingdom
537081,21915,RED  HARMONICA IN BOX ,36,2010-12-05 12:00:00,1.25,15332.0,Lithuania
566821,23344,JUMBO BAG 50'S CHRISTMAS ,20,2011-09-15 11:33:00,2.08,14227.0,United Kingdom
576362,23313,VINTAGE CHRISTMAS BUNTING,5,2011-11-14 17:11:00,4.95,14755.0,United Kingdom
575070,21756,BATH BUILDING BLOCK WORD,1,2011-11-08 12:58:00,6.25,17841.0,United Kingdom
542423,22970,LONDON BUS COFFEE MUG,24,2011-01-28 09:09:00,2.55,15057.0,United Kingdom
561678,23168,CLASSIC CAFE SUGAR DISPENSER,1,2011-07-28 18:33:00,1.25,17931.0,United Kingdom
556474,23322,LARGE WHITE HEART OF WICKER,4,2011-06-12 12:01:00,2.95,16007.0,United Kingdom
553006,22556,PLASTERS IN TIN CIRCUS PARADE ,12,2011-05-12 16:45:00,1.65,15544.0,United Kingdom
547042,84029G,KNITTED UNION FLAG HOT WATER BOTTLE,1,2011-03-20 11:00:00,7.46,,United Kingdom
549439,85123A,WHITE HANGING HEART T-LIGHT HOLDER,18,2011-04-08 12:42:00,2.95,13562.0,United Kingdom
557622,22743,MAKE YOUR OWN FLOWERPOWER CARD KIT,3,2011-06-21 14:15:00,2.95,17960.0,United Kingdom
562584,84945,MULTI COLOUR SILVER T-LIGHT HOLDER,48,2011-08-07 14:16:00,0.85,13752.0,United Kingdom
553014,85132B,CHARLIE AND LOLA TABLE TINS,2,2011-05-12 18:49:00,1.95,13451.0,United Kingdom
578065,22961,JAM MAKING SET PRINTED,8,2011-11-22 15:41:00,3.29,,United Kingdom
542129,22776,SWEETHEART CAKESTAND 3 TIER,1,2011-01-25 15:18:00,9.95,13002.0,United Kingdom
558475,21217,RED RETROSPOT ROUND CAKE TINS,1,2011-06-29 15:58:00,20.79,,United Kingdom
562779,21917,SET 12 KIDS  WHITE CHALK STICKS,3,2011-08-09 12:58:00,0.42,17841.0,United Kingdom
542622,21201,TROPICAL  HONEYCOMB PAPER GARLAND ,1,2011-01-31 09:09:00,4.96,,United Kingdom
560434,23050,RECYCLED ACAPULCO MAT GREEN,1,2011-07-18 15:56:00,16.63,,United Kingdom
567807,23148,MINIATURE ANTIQUE ROSE HOOK IVORY,10,2011-09-22 12:23:00,0.83,17027.0,United Kingdom
560692,22667,RECIPE BOX RETROSPOT ,2,2011-07-20 12:01:00,2.95,14704.0,United Kingdom
556280,84879,ASSORTED COLOUR BIRD ORNAMENT,8,2011-06-09 20:03:00,1.69,14584.0,United Kingdom
545568,82484,WOOD BLACK BOARD ANT WHITE FINISH,1,2011-03-03 16:22:00,16.63,,United Kingdom
574329,23303,SET 4 PICNIC CUTLERY FONDANT,10,2011-11-04 09:07:00,1.95,12362.0,Belgium
580058,23199,JUMBO BAG APPLES,10,2011-12-01 13:19:00,2.08,14367.0,United Kingdom
546866,22720,SET OF 3 CAKE TINS PANTRY DESIGN ,3,2011-03-17 15:47:00,4.95,14462.0,United Kingdom
569653,85054,FRENCH ENAMEL POT W LID,12,2011-10-05 12:52:00,2.95,12451.0,Switzerland
548870,22078,RIBBON REEL LACE DESIGN ,1,2011-04-04 14:41:00,2.1,14606.0,United Kingdom
547548,22312,OFFICE MUG WARMER POLKADOT,1,2011-03-23 15:37:00,2.95,15644.0,United Kingdom
549439,20685,DOORMAT RED RETROSPOT,2,2011-04-08 12:42:00,7.95,13562.0,United Kingdom
539437,21801,CHRISTMAS TREE DECORATION WITH BELL,21,2010-12-17 14:54:00,0.43,,United Kingdom
555866,16052,TEATIME PUSH DOWN RUBBER,48,2011-06-07 14:38:00,0.19,16841.0,United Kingdom
553768,84997a,CHILDRENS CUTLERY POLKADOT GREEN ,1,2011-05-19 10:47:00,8.29,,United Kingdom
541497,21494,ROTATING LEAVES T-LIGHT HOLDER,7,2011-01-18 15:19:00,1.63,,United Kingdom
564054,22728,ALARM CLOCK BAKELIKE PINK,400,2011-08-22 13:55:00,3.39,17857.0,United Kingdom
551471,21212,PACK OF 72 RETROSPOT CAKE CASES,2,2011-04-28 16:40:00,0.55,16370.0,United Kingdom
579777,23399,HOME SWEET HOME HANGING HEART,9,2011-11-30 15:13:00,2.08,,United Kingdom
571712,23188,VINTAGE  2 METRE FOLDING RULER,6,2011-10-18 16:46:00,1.65,14056.0,United Kingdom
556577,23245,SET OF 3 REGENCY CAKE TINS,2,2011-06-13 14:12:00,4.95,17579.0,United Kingdom
557888,47566,PARTY BUNTING,1,2011-06-23 13:51:00,4.95,14656.0,United Kingdom
550320,22457,NATURAL SLATE HEART CHALKBOARD ,6,2011-04-17 12:38:00,2.95,12748.0,United Kingdom
544467,85062,PEARL CRYSTAL PUMPKIN T-LIGHT HLDR,2,2011-02-20 15:51:00,1.65,14502.0,United Kingdom
541132,21174,POTTERING IN THE SHED METAL SIGN,1,2011-01-14 10:17:00,4.13,,United Kingdom
546986,21985,PACK OF 12 HEARTS DESIGN TISSUES ,24,2011-03-18 12:56:00,0.29,14194.0,United Kingdom
537534,22516,CHILDS GARDEN RAKE BLUE,1,2010-12-07 11:48:00,0.0,,United Kingdom
545550,20749,ASSORTED COLOUR MINI CASES,3,2011-03-03 15:11:00,7.95,18041.0,United Kingdom
572652,22151,PLACE SETTING WHITE HEART,24,2011-10-25 12:11:00,0.42,15805.0,United Kingdom
562046,23256,CHILDRENS CUTLERY SPACEBOY ,4,2011-08-02 10:34:00,4.15,12378.0,Switzerland
577319,22579,WOODEN TREE CHRISTMAS SCANDINAVIAN,2,2011-11-18 13:43:00,0.29,17301.0,United Kingdom
577078,22995,TRAVEL CARD WALLET SUKI,1,2011-11-17 15:17:00,0.83,,United Kingdom
562955,23165,LARGE CERAMIC TOP STORAGE JAR,3,2011-08-11 10:14:00,3.29,,United Kingdom
555637,22138,BAKING SET 9 PIECE RETROSPOT ,6,2011-06-06 12:47:00,4.95,12535.0,France
578508,21733,RED HANGING HEART T-LIGHT HOLDER,1,2011-11-24 13:06:00,2.95,16892.0,United Kingdom
568326,16008,SMALL FOLDING SCISSOR(POINTED EDGE),24,2011-09-26 14:00:00,0.12,13200.0,United Kingdom
577768,22994,TRAVEL CARD WALLET RETROSPOT,1,2011-11-21 15:18:00,0.83,,United Kingdom
539740,82581,TOILET METAL SIGN,1,2010-12-21 15:20:00,1.28,,United Kingdom
580050,22791,T-LIGHT GLASS FLUTED ANTIQUE,10,2011-12-01 12:54:00,1.25,14960.0,United Kingdom
570209,22835,HOT WATER BOTTLE I AM SO POORLY,2,2011-10-09 10:29:00,4.95,16326.0,United Kingdom
553544,21936,RED RETROSPOT PICNIC BAG,1,2011-05-17 15:36:00,5.79,,United Kingdom
537370,20972,PINK CREAM FELT CRAFT TRINKET BOX ,5,2010-12-06 12:44:00,1.25,13155.0,United Kingdom
564972,23084,RABBIT NIGHT LIGHT,24,2011-08-31 15:30:00,1.79,12621.0,Germany
566319,23354,6 GIFT TAGS 50'S CHRISTMAS ,24,2011-09-12 11:25:00,0.83,13431.0,United Kingdom
536592,37370,RETRO COFFEE MUGS ASSORTED,1,2010-12-01 17:06:00,16.13,,United Kingdom
567853,22371,AIRLINE BAG VINTAGE TOKYO 78,1,2011-09-22 13:31:00,4.25,15484.0,United Kingdom
545667,85016,SET OF 6 VINTAGE NOTELETS KIT,1,2011-03-04 16:07:00,2.46,,United Kingdom
564335,85123A,WHITE HANGING HEART T-LIGHT HOLDER,2,2011-08-24 14:23:00,2.95,15800.0,United Kingdom
578270,15056P,EDWARDIAN PARASOL PINK,1,2011-11-23 13:39:00,12.46,14096.0,United Kingdom
550512,85199S,SMALL HANGING IVORY/RED WOOD BIRD,1,2011-04-18 16:31:00,0.42,18069.0,United Kingdom
578270,22134,MINI LADLE LOVE HEART RED ,1,2011-11-23 13:39:00,0.83,14096.0,United Kingdom
562984,22090,PAPER BUNTING RETROSPOT,2,2011-08-11 11:45:00,2.95,17841.0,United Kingdom
548733,21906,PHARMACIE FIRST AID TIN,2,2011-04-04 10:29:00,6.75,17648.0,United Kingdom
570008,23350,ROLL WRAP VINTAGE SPOT ,12,2011-10-07 09:30:00,1.25,13359.0,United Kingdom
549917,22027,TEA PARTY BIRTHDAY CARD,12,2011-04-13 09:42:00,0.42,16607.0,United Kingdom
539240,84818,DANISH ROSE PHOTO FRAME,48,2010-12-16 13:15:00,0.85,15194.0,United Kingdom
561218,84596L,BISCUITS SMALL BOWL LIGHT BLUE,1,2011-07-25 17:11:00,0.83,,United Kingdom
559200,23239,SET OF 4 KNICK KNACK TINS POPPIES,2,2011-07-07 10:36:00,4.15,13291.0,United Kingdom
550318,21790,VINTAGE SNAP CARDS,3,2011-04-17 12:25:00,0.85,16085.0,United Kingdom
544196,22197,SMALL POPCORN HOLDER,24,2011-02-17 09:47:00,0.85,13327.0,United Kingdom
566269,22084,PAPER CHAIN KIT EMPIRE,1,2011-09-11 13:39:00,2.95,17864.0,United Kingdom
575856,84879,ASSORTED COLOUR BIRD ORNAMENT,1,2011-11-11 12:28:00,1.69,16386.0,United Kingdom
547884,22367,CHILDRENS APRON SPACEBOY DESIGN,8,2011-03-28 09:07:00,1.95,13481.0,United Kingdom
547386,22933,BAKING MOULD EASTER EGG MILK CHOC,1,2011-03-22 15:52:00,5.79,,United Kingdom
563193,17012B,ORIGAMI JASMINE INCENSE/CANDLE SET,1,2011-08-12 16:30:00,2.46,,United Kingdom
536749,22441,GROW YOUR OWN BASIL IN ENAMEL MUG,1,2010-12-02 13:49:00,2.1,17976.0,United Kingdom
567795,21239,PINK  POLKADOT CUP,24,2011-09-22 11:44:00,0.85,14646.0,Netherlands
580404,23242,TREASURE TIN BUFFALO BILL ,6,2011-12-04 12:01:00,2.08,13596.0,United Kingdom
554997,23202,JUMBO BAG VINTAGE LEAF,10,2011-05-29 15:35:00,2.08,16746.0,United Kingdom
537262,82486,WOOD S/3 CABINET ANT WHITE FINISH,2,2010-12-06 11:26:00,7.95,15039.0,United Kingdom
C566782,85163B,BLACK BAROQUE WALL CLOCK ,-1,2011-09-15 10:12:00,12.75,16048.0,United Kingdom
545340,22470,HEART OF WICKER LARGE,6,2011-03-02 08:41:00,2.95,15416.0,United Kingdom
575739,23354,6 GIFT TAGS 50'S CHRISTMAS ,3,2011-11-11 09:05:00,1.63,,United Kingdom
546437,23053,RECYCLED ACAPULCO MAT PINK,2,2011-03-14 09:46:00,8.25,16807.0,United Kingdom
543011,85123A,WHITE HANGING HEART T-LIGHT HOLDER,24,2011-02-02 13:25:00,2.95,15270.0,United Kingdom
577522,22429,ENAMEL MEASURING JUG CREAM,1,2011-11-20 13:23:00,4.25,15988.0,United Kingdom
555810,21936,RED RETROSPOT PICNIC BAG,5,2011-06-07 11:39:00,2.95,17091.0,United Kingdom
576329,22134,MINI LADLE LOVE HEART RED ,1,2011-11-14 15:22:00,0.83,,United Kingdom
550636,17003,BROCADE RING PURSE ,7,2011-04-19 15:37:00,0.63,,United Kingdom
571544,22197,POPCORN HOLDER,10,2011-10-17 16:53:00,0.85,17757.0,United Kingdom
575930,21744,SNOWFLAKE PORTABLE TABLE LIGHT ,3,2011-11-11 17:58:00,2.46,,United Kingdom
569843,23209,LUNCH BAG VINTAGE DOILY ,2,2011-10-06 13:29:00,1.65,14449.0,United Kingdom
543774,82583,HOT BATHS METAL SIGN,72,2011-02-11 15:56:00,1.85,15856.0,United Kingdom
561218,23065,LARGE DECO JEWELLERY STAND,1,2011-07-25 17:11:00,24.96,,United Kingdom
562984,22615,PACK OF 12 CIRCUS PARADE TISSUES ,12,2011-08-11 11:45:00,0.29,17841.0,United Kingdom
561513,22908,PACK OF 20 NAPKINS RED APPLES,1,2011-07-27 15:12:00,1.63,,United Kingdom
573580,72801d,4 SKY BLUE DINNER CANDLES,1,2011-10-31 14:21:00,2.46,,United Kingdom
569943,85093,CANDY SPOT EGG WARMER HARE,6,2011-10-06 18:08:00,0.39,14592.0,United Kingdom
541238,22931,BAKING MOULD HEART WHITE CHOCOLATE,1,2011-01-16 10:42:00,2.55,16746.0,United Kingdom
550461,21175,GIN + TONIC DIET METAL SIGN,2000,2011-04-18 13:20:00,1.69,15749.0,United Kingdom
552310,22440,BALLOON WATER BOMB PACK OF 35,10,2011-05-08 15:22:00,0.42,17323.0,United Kingdom
548742,47310M,"SMALL POP BOX,FUNKY MONKEY",20,2011-04-04 12:00:00,1.25,14688.0,United Kingdom
553542,22090,PAPER BUNTING RETROSPOT,1,2011-05-17 15:34:00,6.63,,United Kingdom
580983,22694,WICKER STAR ,2,2011-12-06 16:26:00,4.13,,United Kingdom
580729,84832,ZINC WILLIE WINKIE  CANDLE STICK,3,2011-12-05 17:24:00,1.63,,United Kingdom
566047,82011C,BATHROOM SCALES FOOTPRINTS IN SAND,2,2011-09-08 14:19:00,3.75,17370.0,United Kingdom
540154,22530,MAGIC DRAWING SLATE DOLLY GIRL ,1,2011-01-05 11:30:00,0.85,,United Kingdom
571779,22155,STAR DECORATION RUSTIC,12,2011-10-19 11:27:00,0.42,12748.0,United Kingdom
578630,23483,HANGING  BUTTERFLY T-LIGHT HOLDER,36,2011-11-24 16:06:00,1.25,12748.0,United Kingdom
576508,23213,STAR WREATH DECORATION WITH BELL,6,2011-11-15 12:02:00,1.25,17777.0,United Kingdom
566091,48187,DOORMAT NEW ENGLAND,1,2011-09-09 10:37:00,8.25,17870.0,United Kingdom
566171,20982,12 PENCILS TALL TUBE SKULLS,12,2011-09-09 12:22:00,0.85,18118.0,United Kingdom
572312,21034,REX CASH+CARRY JUMBO SHOPPER,4,2011-10-23 15:47:00,0.95,15022.0,United Kingdom
571705,20978,36 PENCILS TUBE SKULLS,16,2011-10-18 15:22:00,1.25,12360.0,Austria
571065,22326,ROUND SNACK BOXES SET OF4 WOODLAND ,24,2011-10-13 14:59:00,2.95,12613.0,Germany
564335,22867,HAND WARMER BIRD DESIGN,1,2011-08-24 14:23:00,2.1,15800.0,United Kingdom
559876,21967,PACK OF 12 SKULL TISSUES,12,2011-07-13 11:09:00,0.29,15752.0,United Kingdom
565206,22930,BAKING MOULD HEART MILK CHOCOLATE,6,2011-09-01 16:46:00,2.55,12971.0,United Kingdom
581164,23691,WRAP KEEP CALM BIRTHDAY,25,2011-12-07 14:34:00,0.42,14395.0,United Kingdom
580754,21671,RED SPOT CERAMIC DRAWER KNOB,1,2011-12-06 10:05:00,3.29,,United Kingdom
579196,21039,RED RETROSPOT SHOPPING BAG,4,2011-11-28 15:54:00,5.79,14096.0,United Kingdom
554054,21934,SKULL SHOULDER BAG,1,2011-05-20 15:29:00,3.29,,United Kingdom
538080,21683,MEDIUM MEDINA STAMPED METAL BOWL ,12,2010-12-09 14:28:00,2.95,17646.0,United Kingdom
554103,22556,PLASTERS IN TIN CIRCUS PARADE ,2,2011-05-22 13:51:00,1.65,15555.0,United Kingdom
537955,21937,STRAWBERRY   PICNIC BAG,1,2010-12-09 11:28:00,2.95,16782.0,United Kingdom
553889,21165,BEWARE OF THE CAT METAL SIGN ,12,2011-05-19 16:31:00,1.69,13405.0,United Kingdom
545408,22899,CHILDREN'S APRON DOLLY GIRL ,8,2011-03-02 12:10:00,2.1,15067.0,United Kingdom
572918,23300,GARDENERS KNEELING PAD CUP OF TEA ,1,2011-10-26 16:43:00,1.65,14379.0,United Kingdom
577482,21484,CHICK GREY HOT WATER BOTTLE,2,2011-11-20 11:43:00,4.25,16762.0,United Kingdom
578998,22694,WICKER STAR ,2,2011-11-27 16:05:00,2.1,15436.0,United Kingdom
578942,23207,LUNCH BAG ALPHABET DESIGN,1,2011-11-27 13:29:00,1.65,17288.0,United Kingdom
541696,47593B,SCOTTIE DOGS BABY BIB,2,2011-01-20 18:08:00,0.83,,United Kingdom
566061,82486,3 DRAWER ANTIQUE WHITE WOOD CABINET,4,2011-09-08 15:36:00,8.95,13267.0,United Kingdom
545717,21080,SET/20 RED RETROSPOT PAPER NAPKINS ,1,2011-03-07 10:15:00,2.46,,United Kingdom
559357,85123A,WHITE HANGING HEART T-LIGHT HOLDER,32,2011-07-07 18:56:00,2.55,17107.0,United Kingdom
573385,22906,12 MESSAGE CARDS WITH ENVELOPES,20,2011-10-30 14:21:00,1.65,13421.0,United Kingdom
575073,21212,PACK OF 72 RETROSPOT CAKE CASES,4,2011-11-08 13:10:00,0.55,13975.0,United Kingdom
569229,22980,PANTRY SCRUBBING BRUSH,1,2011-10-02 14:56:00,1.65,14502.0,United Kingdom
568346,23119,PACK OF 6 LARGE FRUIT STRAWS ,6,2011-09-26 15:28:00,1.25,14096.0,United Kingdom
575205,79321,CHILLI LIGHTS,48,2011-11-09 10:18:00,4.95,13147.0,United Kingdom
567127,85230E,Damaged,-48,2011-09-16 14:01:00,0.0,,United Kingdom
555327,22630,DOLLY GIRL LUNCH BOX,1,2011-06-02 11:03:00,2.46,,United Kingdom
542906,22423,REGENCY CAKESTAND 3 TIER,2,2011-02-01 15:12:00,24.96,,United Kingdom
541497,21556,CERAMIC STRAWBERRY MONEY BOX,3,2011-01-18 15:19:00,2.46,,United Kingdom
565840,21992,VINTAGE PAISLEY STATIONERY SET,3,2011-09-07 12:02:00,2.46,,United Kingdom
581007,22910,PAPER CHAIN KIT VINTAGE CHRISTMAS,40,2011-12-07 08:55:00,2.55,12912.0,United Kingdom
572732,21981,PACK OF 12 WOODLAND TISSUES ,24,2011-10-25 15:21:00,0.39,18079.0,United Kingdom
550496,21715,GIRLS VINTAGE TIN SEASIDE BUCKET,5,2011-04-18 15:05:00,4.96,,United Kingdom
C536850,22591,CARDHOLDER GINGHAM CHRISTMAS TREE,-50,2010-12-03 09:47:00,2.55,14213.0,United Kingdom
579531,21914,BLUE HARMONICA IN BOX ,12,2011-11-30 09:18:00,1.25,17017.0,United Kingdom
544314,22698,PINK REGENCY TEACUP AND SAUCER,6,2011-02-17 14:42:00,2.95,13767.0,United Kingdom
567186,20979,36 PENCILS TUBE RED RETROSPOT,2,2011-09-18 16:04:00,1.25,17073.0,United Kingdom
558535,23202,JUMBO BAG VINTAGE LEAF,2,2011-06-30 12:04:00,2.08,16904.0,United Kingdom
550191,20801,LARGE PINK GLASS SUNDAE DISH,2,2011-04-14 19:59:00,0.79,16806.0,United Kingdom
564754,23172,REGENCY TEA PLATE PINK,1,2011-08-30 10:29:00,3.29,,United Kingdom
559926,23032,DOORKNOB CRACKED GLAZE IVORY,12,2011-07-13 16:48:00,1.65,17644.0,United Kingdom
545914,21876,POTTERING MUG,24,2011-03-08 11:39:00,1.25,13340.0,United Kingdom
550286,22607,WOODEN ROUNDERS GARDEN SET ,6,2011-04-15 14:14:00,9.95,15027.0,United Kingdom
539750,22736,RIBBON REEL MAKING SNOWMEN ,3,2010-12-21 15:40:00,4.21,,United Kingdom
543242,22094,RED RETROSPOT TISSUE BOX,12,2011-02-04 14:03:00,1.25,15090.0,United Kingdom
570680,23528,WALL ART SPACEBOY,4,2011-10-11 15:36:00,3.75,13969.0,United Kingdom
579145,23579,SNACK TRAY I LOVE LONDON,1,2011-11-28 13:13:00,1.95,14597.0,United Kingdom
573405,23407,SET OF 2 TRAYS HOME SWEET HOME,1,2011-10-30 15:55:00,9.95,13822.0,United Kingdom
566600,23300,GARDENERS KNEELING PAD CUP OF TEA ,12,2011-09-13 15:41:00,1.65,13704.0,United Kingdom
572323,84029E,RED WOOLLY HOTTIE WHITE HEART.,4,2011-10-24 09:46:00,4.25,14312.0,United Kingdom
572680,22840,ROUND CAKE TIN VINTAGE RED,1,2011-10-25 13:48:00,7.95,,Portugal
544681,84638,SMALL KITCHEN FLOWER POTS PLAQUE,1,2011-02-22 16:28:00,5.83,,United Kingdom
566864,22662,LUNCH BAG DOLLY GIRL DESIGN,3,2011-09-15 12:51:00,1.65,17786.0,United Kingdom
556238,22727,ALARM CLOCK BAKELIKE RED ,4,2011-06-09 15:35:00,3.75,13397.0,United Kingdom
563708,22411,JUMBO SHOPPER VINTAGE RED PAISLEY,10,2011-08-18 15:09:00,2.08,17001.0,United Kingdom
553879,23175,REGENCY MILK JUG PINK ,4,2011-05-19 15:15:00,3.25,15791.0,United Kingdom
563692,48138,DOORMAT UNION FLAG,1,2011-08-18 13:01:00,7.95,17243.0,United Kingdom
579187,22074,6 RIBBONS SHIMMERING PINKS ,1,2011-11-28 15:31:00,1.25,,United Kingdom
578844,22553,PLASTERS IN TIN SKULLS,1,2011-11-25 16:14:00,3.29,,United Kingdom
577720,23132,SMALL IVORY HEART WALL ORGANISER,48,2011-11-21 12:21:00,4.95,16013.0,United Kingdom
557308,84988,SET OF 72 PINK HEART PAPER DOILIES,3,2011-06-19 15:13:00,1.45,16744.0,United Kingdom
560861,22563,HAPPY STENCIL CRAFT,1,2011-07-21 13:37:00,1.25,17660.0,United Kingdom
556681,22384,LUNCH BAG PINK POLKADOT,10,2011-06-14 09:41:00,1.65,12826.0,United Kingdom
564733,23301,GARDENERS KNEELING PAD KEEP CALM ,4,2011-08-28 13:18:00,1.65,17841.0,United Kingdom
571824,23389,SPACEBOY MINI BACKPACK,4,2011-10-19 11:49:00,4.15,12472.0,Germany
567631,84945,MULTI COLOUR SILVER T-LIGHT HOLDER,12,2011-09-21 13:33:00,0.85,13350.0,United Kingdom
573414,23413,DECORATIVE VINTAGE COFFEE  BOX,1,2011-10-30 16:15:00,4.95,16877.0,United Kingdom
546107,22859,EASTER TIN BUNNY BOUQUET,6,2011-03-09 12:33:00,1.65,17238.0,United Kingdom
561010,22433,WATERING CAN GREEN DINOSAUR,6,2011-07-22 16:04:00,1.95,18262.0,United Kingdom
545428,22860,EASTER TIN CHICKS PINK DAISY,6,2011-03-02 14:43:00,1.65,14239.0,United Kingdom
568188,22545,MINI JIGSAW BUNNIES,2,2011-09-25 14:33:00,0.42,16049.0,United Kingdom
556812,37447,CERAMIC CAKE DESIGN SPOTTED PLATE,1,2011-06-14 17:25:00,3.29,,United Kingdom
550470,90214K,"LETTER ""K"" BLING KEY RING",1,2011-04-18 13:49:00,0.83,,United Kingdom
565917,21558,SKULL LUNCH BOX WITH CUTLERY ,1,2011-09-07 16:15:00,4.96,,United Kingdom
559535,23208,LUNCH BAG VINTAGE LEAF DESIGN,2,2011-07-10 12:16:00,1.65,17841.0,United Kingdom
579885,22791,T-LIGHT GLASS FLUTED ANTIQUE,12,2011-11-30 17:37:00,1.25,15444.0,United Kingdom
575202,23566,EGG CUP MILKMAID HEIDI,12,2011-11-09 10:14:00,1.25,13018.0,United Kingdom
568381,10080,GROOVY CACTUS INFLATABLE,12,2011-09-27 09:24:00,0.39,14321.0,United Kingdom
564974,22798,ANTIQUE GLASS DRESSING TABLE POT,2,2011-08-31 15:32:00,5.79,,United Kingdom
569136,22865,HAND WARMER OWL DESIGN,2,2011-09-30 14:41:00,2.1,15834.0,United Kingdom
541809,21381,MINI WOODEN HAPPY BIRTHDAY GARLAND,3,2011-01-21 14:59:00,4.13,,United Kingdom
580848,23389,SPACEBOY MINI BACKPACK,1,2011-12-06 11:51:00,4.15,18005.0,United Kingdom
541104,90115,SUMMER BUTTERFLIES BAG CHARM,1,2011-01-13 14:29:00,2.46,,United Kingdom
573464,23571,TRADITIONAL NAUGHTS & CROSSES,12,2011-10-31 10:56:00,1.65,15667.0,United Kingdom
555257,21224,SET/4 SKULL BADGES,20,2011-06-01 15:28:00,1.25,17596.0,United Kingdom
540468,21555,CERAMIC STRAWBERRY TRINKET TRAY,1,2011-01-07 13:55:00,2.51,,United Kingdom
540187,22531,MAGIC DRAWING SLATE CIRCUS PARADE  ,48,2011-01-05 13:53:00,0.42,15358.0,United Kingdom
550560,85066,CREAM SWEETHEART MINI CHEST,2,2011-04-19 11:46:00,12.75,14242.0,United Kingdom
566949,84947,ANTIQUE SILVER TEA GLASS ENGRAVED,10,2011-09-15 16:32:00,2.46,,United Kingdom
570672,22534,MAGIC DRAWING SLATE SPACEBOY ,24,2011-10-11 14:52:00,0.42,12536.0,France
562934,22662,LUNCH BAG DOLLY GIRL DESIGN,2,2011-08-10 16:56:00,4.13,,United Kingdom
C540781,22720,SET OF 3 CAKE TINS PANTRY DESIGN ,-1,2011-01-11 11:22:00,4.95,16875.0,United Kingdom
558904,23182,TOILET SIGN OCCUPIED OR VACANT,1,2011-07-04 16:18:00,2.46,,United Kingdom
576213,21619,4 VANILLA BOTANICAL CANDLES,1,2011-11-14 12:47:00,1.25,18117.0,United Kingdom
573346,23301,GARDENERS KNEELING PAD KEEP CALM ,2,2011-10-30 12:18:00,1.65,17255.0,United Kingdom
536754,22570,FELTCRAFT CUSHION RABBIT,1,2010-12-02 14:09:00,3.75,14449.0,United Kingdom
574826,22910,PAPER CHAIN KIT VINTAGE CHRISTMAS,4,2011-11-07 10:58:00,2.95,15870.0,United Kingdom
558035,22072,RED RETROSPOT TEA CUP AND SAUCER ,4,2011-06-24 12:30:00,3.75,15258.0,United Kingdom
556241,22745,POPPY'S PLAYHOUSE BEDROOM ,6,2011-06-09 16:04:00,2.1,12597.0,Spain
577217,23094,LE GRAND TRAY CHIC SET,1,2011-11-18 11:53:00,12.5,17324.0,United Kingdom
556926,85132B,CHARLIE AND LOLA TABLE TINS,1,2011-06-15 14:26:00,1.95,16324.0,United Kingdom
537208,85114A,BLACK ENCHANTED FOREST PLACEMAT,6,2010-12-05 15:12:00,1.65,15889.0,United Kingdom
577531,23243,SET OF TEA COFFEE SUGAR TINS PANTRY,1,2011-11-20 13:58:00,10.79,,United Kingdom
557066,22470,HEART OF WICKER LARGE,6,2011-06-16 15:10:00,2.95,17463.0,United Kingdom
577736,22650,CERAMIC PIRATE CHEST MONEY BANK,1,2011-11-21 13:20:00,1.45,14606.0,United Kingdom
568712,22776,SWEETHEART 3 TIER CAKE STAND ,1,2011-09-28 15:50:00,9.95,17841.0,United Kingdom
559981,85066,CREAM SWEETHEART MINI CHEST,1,2011-07-14 11:30:00,12.75,14562.0,United Kingdom
550000,22674,FRENCH TOILET SIGN BLUE METAL,12,2011-04-14 09:18:00,1.25,17058.0,United Kingdom
554088,23075,PARLOUR CERAMIC WALL HOOK,6,2011-05-22 12:12:00,4.15,16801.0,United Kingdom
580613,22111,SCOTTIE DOG HOT WATER BOTTLE,3,2011-12-05 12:03:00,4.95,14759.0,United Kingdom
579846,23126,FELTCRAFT GIRL AMELIE KIT,4,2011-11-30 16:22:00,4.95,12921.0,United Kingdom
552250,22556,PLASTERS IN TIN CIRCUS PARADE ,1,2011-05-06 19:55:00,1.65,12748.0,United Kingdom
550496,22497,SET OF 2 TINS VINTAGE BATHROOM ,1,2011-04-18 15:05:00,8.29,,United Kingdom
574311,23390,DOLLY GIRL MINI BACKPACK,4,2011-11-03 16:56:00,4.15,15640.0,United Kingdom
571409,85014A,BLACK/BLUE POLKADOT UMBRELLA,3,2011-10-17 12:25:00,5.95,14911.0,EIRE
544211,22969,HOMEMADE JAM SCENTED CANDLES,12,2011-02-17 11:05:00,1.45,13018.0,United Kingdom
544210,22430,ENAMEL WATERING CAN CREAM,4,2011-02-17 11:01:00,4.95,14911.0,EIRE
542907,22487,WHITE WOOD GARDEN PLANT LADDER,12,2011-02-01 15:15:00,8.5,13854.0,United Kingdom
539452,20966,SANDWICH BATH SPONGE,40,2010-12-17 17:06:00,1.25,15856.0,United Kingdom
566539,22748,POPPY'S PLAYHOUSE KITCHEN,3,2011-09-13 11:34:00,2.1,17228.0,United Kingdom
552316,23161,REGENCY CAKE FORK,12,2011-05-08 16:11:00,1.25,15674.0,United Kingdom
548502,21239,PINK  POLKADOT CUP,1,2011-03-31 14:17:00,1.63,,United Kingdom
538566,22243,5 HOOK HANGER RED MAGIC TOADSTOOL,1,2010-12-13 11:21:00,3.36,,United Kingdom
539488,22540,MINI JIGSAW CIRCUS PARADE ,24,2010-12-20 09:37:00,0.42,12377.0,Switzerland
566495,22024,RAINY LADIES BIRTHDAY CARD,12,2011-09-13 11:14:00,0.42,15529.0,United Kingdom
564660,23210,WHITE ROCKING HORSE HAND PAINTED,24,2011-08-26 14:45:00,1.25,15074.0,United Kingdom
559816,11001,ASSTD DESIGN RACING CAR PEN,5,2011-07-12 16:11:00,0.83,,United Kingdom
576092,21889,WOODEN BOX OF DOMINOES,24,2011-11-14 09:00:00,1.25,18263.0,United Kingdom
550957,47591D,PINK FAIRY CAKE CHILDRENS APRON,1,2011-04-21 16:37:00,1.95,18283.0,United Kingdom
544812,84946,ANTIQUE SILVER TEA GLASS ETCHED,1,2011-02-23 15:58:00,2.46,,United Kingdom
579920,22791,T-LIGHT GLASS FLUTED ANTIQUE,144,2011-12-01 09:02:00,1.06,16839.0,United Kingdom
561085,20829,GLITTER HANGING BUTTERFLY STRING,8,2011-07-25 09:26:00,2.1,14367.0,United Kingdom
571660,23341,PINK DINER WALL CLOCK,4,2011-10-18 12:49:00,8.5,16191.0,United Kingdom
551088,22698,PINK REGENCY TEACUP AND SAUCER,6,2011-04-26 12:31:00,2.95,14640.0,United Kingdom
559337,22204,MILK PAN BLUE POLKADOT,2,2011-07-07 16:27:00,3.29,,United Kingdom
539434,47591D,PINK FAIRY CAKE CHILDRENS APRON,1,2010-12-17 14:41:00,4.21,,United Kingdom
579552,23499,SET 12 VINTAGE DOILY CHALK ,24,2011-11-30 10:54:00,0.42,16210.0,United Kingdom
575512,21891,TRADITIONAL WOODEN SKIPPING ROPE,12,2011-11-10 10:36:00,1.45,14121.0,United Kingdom
576696,23100,SILVER BELLS TABLE DECORATION,12,2011-11-16 12:26:00,1.25,16669.0,United Kingdom
581414,22327,ROUND SNACK BOXES SET OF 4 SKULLS,1,2011-12-08 14:39:00,2.95,14730.0,United Kingdom
543188,22303,COFFEE MUG APPLES DESIGN,6,2011-02-04 11:45:00,2.55,12567.0,France
555581,21770,OPEN CLOSED METAL SIGN,2,2011-06-06 08:04:00,4.95,13865.0,United Kingdom
566289,23012,GLASS APOTHECARY BOTTLE PERFUME,4,2011-09-11 15:20:00,3.95,15601.0,United Kingdom
569669,22666,RECIPE BOX PANTRY YELLOW DESIGN,1,2011-10-05 13:47:00,2.95,14730.0,United Kingdom
572024,84946,ANTIQUE SILVER T-LIGHT GLASS,12,2011-10-20 11:17:00,1.25,14631.0,United Kingdom
580305,23493,VINTAGE DOILY TRAVEL SEWING KIT,5,2011-12-02 14:26:00,1.95,12970.0,United Kingdom
550329,22169,FAMILY ALBUM WHITE PICTURE FRAME,2,2011-04-17 13:20:00,8.5,13951.0,United Kingdom
542785,84050,PINK HEART SHAPE EGG FRYING PAN,72,2011-02-01 10:14:00,1.25,13881.0,United Kingdom
572458,23352,ROLL WRAP 50'S RED CHRISTMAS ,12,2011-10-24 12:51:00,1.25,15142.0,United Kingdom
581538,23343,JUMBO BAG VINTAGE CHRISTMAS ,1,2011-12-09 11:34:00,2.08,14446.0,United Kingdom
545830,48188,DOORMAT WELCOME PUPPIES,1,2011-03-07 13:10:00,7.95,17634.0,United Kingdom
553014,20727,LUNCH BAG  BLACK SKULL.,4,2011-05-12 18:49:00,1.65,13451.0,United Kingdom
577491,85048,15CM CHRISTMAS GLASS BALL 20 LIGHTS,4,2011-11-20 12:12:00,7.95,14595.0,United Kingdom
564757,22950,36 DOILIES VINTAGE CHRISTMAS,1,2011-08-30 10:36:00,2.92,,United Kingdom
543371,85202,HANGING WOOD AND FELT HEART,6,2011-02-07 14:53:00,0.42,14048.0,United Kingdom
572946,84926E,FLOWERS TILE COASTER,24,2011-10-27 10:36:00,0.29,13988.0,United Kingdom
C575224,22411,JUMBO SHOPPER VINTAGE RED PAISLEY,-100,2011-11-09 11:41:00,1.79,17511.0,United Kingdom
545980,21114,LAVENDER SCENTED FABRIC HEART,10,2011-03-08 12:49:00,1.25,14730.0,United Kingdom
536945,84247N,PACK/12 BLUE FOLKART CARDS,1,2010-12-03 12:24:00,2.95,14083.0,United Kingdom
558877,23309,SET OF 60 I LOVE LONDON CAKE CASES ,1,2011-07-04 13:50:00,0.55,17841.0,United Kingdom
569638,22470,HEART OF WICKER LARGE,6,2011-10-05 12:15:00,2.95,16140.0,United Kingdom
559418,22302,COFFEE MUG PEARS  DESIGN,6,2011-07-08 11:36:00,2.55,12681.0,France
543973,85049G,CHOCOLATE BOX RIBBONS ,1,2011-02-14 15:15:00,1.25,17571.0,United Kingdom
550320,22951,60 CAKE CASES DOLLY GIRL DESIGN,5,2011-04-17 12:37:00,0.55,12748.0,United Kingdom
553389,20716,PARTY FOOD SHOPPER BAG,1,2011-05-16 16:37:00,0.83,,United Kingdom
547971,37501,TEA TIME TEA SET IN GIFT BOX,1,2011-03-28 16:37:00,6.95,17917.0,United Kingdom
572540,21934,SKULL SHOULDER BAG,1,2011-10-24 16:17:00,3.29,,United Kingdom
539434,84685,BEACH HUT KEY CABINET,1,2010-12-17 14:41:00,7.62,,United Kingdom
572913,85032B,BLOSSOM IMAGES GIFT WRAP SET,1,2011-10-26 16:21:00,0.65,15993.0,United Kingdom
575083,23483,HANGING  BUTTERFLY T-LIGHT HOLDER,6,2011-11-08 13:31:00,1.25,18123.0,United Kingdom
580983,21981,PACK OF 12 WOODLAND TISSUES ,6,2011-12-06 16:26:00,0.83,,United Kingdom
545054,22121,NOEL WOODEN BLOCK LETTERS ,1,2011-02-27 12:41:00,5.95,14472.0,United Kingdom
565457,22960,JAM MAKING SET WITH JARS,6,2011-09-05 09:07:00,4.25,14565.0,United Kingdom
562031,22913,RED COAT RACK PARIS FASHION,2,2011-08-01 17:37:00,4.95,16984.0,United Kingdom
576381,23191,BUNDLE OF 3 RETRO NOTE BOOKS,12,2011-11-15 09:26:00,1.65,12839.0,United Kingdom
C579886,23491,VINTAGE JINGLE BELLS HEART,-1,2011-11-30 17:39:00,8.25,15676.0,United Kingdom
576597,23691,WRAP KEEP CALM BIRTHDAY,50,2011-11-15 14:57:00,0.42,14194.0,United Kingdom
556288,22028,PENNY FARTHING BIRTHDAY CARD,12,2011-06-10 09:23:00,0.42,13426.0,United Kingdom
543985,48194,DOORMAT HEARTS,1,2011-02-15 09:44:00,14.13,,United Kingdom
569207,23321,SMALL WHITE HEART OF WICKER,9,2011-10-02 11:04:00,1.65,17811.0,United Kingdom
547867,84029G,KNITTED UNION FLAG HOT WATER BOTTLE,1,2011-03-27 13:56:00,3.75,13357.0,United Kingdom
564734,21211,SET OF 72 SKULL PAPER  DOILIES,3,2011-08-28 13:32:00,1.45,12484.0,Spain
547896,22754,SMALL RED BABUSHKA NOTEBOOK ,1,2011-03-28 11:34:00,0.85,17841.0,United Kingdom
578827,21932,SCANDINAVIAN PAISLEY PICNIC BAG,2,2011-11-25 14:25:00,2.46,,United Kingdom
569302,23209,LUNCH BAG VINTAGE DOILY ,3,2011-10-03 12:04:00,1.65,16205.0,United Kingdom
575138,21931,JUMBO STORAGE BAG SUKI,12,2011-11-08 15:24:00,4.13,,United Kingdom
537237,22569,FELTCRAFT CUSHION BUTTERFLY,1,2010-12-06 09:58:00,7.62,,United Kingdom
550740,21242,RED RETROSPOT PLATE ,1,2011-04-20 11:33:00,3.29,,United Kingdom
556887,22386,JUMBO BAG PINK POLKADOT,2,2011-06-15 12:36:00,2.08,14606.0,United Kingdom
542353,22960,JAM MAKING SET WITH JARS,6,2011-01-27 12:19:00,4.25,16700.0,United Kingdom
560368,23301,GARDENERS KNEELING PAD KEEP CALM ,5,2011-07-18 12:25:00,1.65,17841.0,United Kingdom
572133,22367,CHILDRENS APRON SPACEBOY DESIGN,8,2011-10-21 10:11:00,1.95,12407.0,Belgium
556473,22730,ALARM CLOCK BAKELIKE IVORY,1,2011-06-12 12:00:00,3.75,17265.0,United Kingdom
543802,82494L,WOODEN FRAME ANTIQUE WHITE ,1,2011-02-13 12:03:00,2.95,13742.0,United Kingdom
574036,20975,12 PENCILS SMALL TUBE RED RETROSPOT,24,2011-11-02 12:46:00,0.65,16607.0,United Kingdom
568719,21967,PACK OF 12 SKULL TISSUES,1,2011-09-28 16:19:00,0.83,,United Kingdom
561147,23230,WRAP ALPHABET DESIGN,25,2011-07-25 13:06:00,0.42,16841.0,United Kingdom
559051,21224,SET/4 SKULL BADGES,1,2011-07-05 16:47:00,0.83,,United Kingdom
564857,22379,RECYCLING BAG RETROSPOT ,4,2011-08-31 09:23:00,4.96,,United Kingdom
557502,22382,LUNCH BAG SPACEBOY DESIGN ,1,2011-06-20 15:32:00,4.13,,United Kingdom
580610,82551,LAUNDRY 15C METAL SIGN,1,2011-12-05 11:48:00,2.46,,United Kingdom
550318,47504K,ENGLISH ROSE GARDEN SECATEURS,1,2011-04-17 12:25:00,1.95,16085.0,United Kingdom
537218,21381,MINI WOODEN HAPPY BIRTHDAY GARLAND,12,2010-12-05 15:46:00,1.69,12763.0,Japan
579787,22142,CHRISTMAS CRAFT WHITE FAIRY ,1,2011-11-30 15:33:00,3.29,,United Kingdom
552493,47566,PARTY BUNTING,2,2011-05-09 16:21:00,10.79,,United Kingdom
544656,22973,CHILDREN'S CIRCUS PARADE MUG,12,2011-02-22 13:02:00,1.65,17442.0,United Kingdom
544294,22983,CARD BILLBOARD FONT,12,2011-02-17 12:42:00,0.42,15601.0,United Kingdom
567665,22845,VINTAGE CREAM CAT FOOD CONTAINER,1,2011-09-21 15:22:00,12.46,,United Kingdom
562351,22386,JUMBO BAG PINK POLKADOT,10,2011-08-04 13:10:00,2.08,16626.0,United Kingdom
579777,90174,BUTTERFLY HAIR BAND,2,2011-11-30 15:13:00,2.48,,United Kingdom
557232,21990,MODERN FLORAL STATIONERY SET,12,2011-06-17 14:28:00,1.25,12463.0,Belgium
567668,72807C,SET/3 VANILLA SCENTED CANDLE IN BOX,3,2011-09-21 15:29:00,8.29,,United Kingdom
566424,21935,SUKI  SHOULDER BAG,10,2011-09-12 14:15:00,1.65,13309.0,United Kingdom
557215,23307,SET OF 60 PANTRY DESIGN CAKE CASES ,24,2011-06-17 12:22:00,0.55,17677.0,United Kingdom
539737,22208,WOOD STAMP SET THANK YOU,1,2010-12-21 15:19:00,3.36,,United Kingdom
576924,23082,SET 6 PAPER TABLE LANTERN HEARTS ,6,2011-11-17 10:53:00,3.75,17419.0,United Kingdom
569343,21174,POTTERING IN THE SHED METAL SIGN,120,2011-10-03 14:34:00,1.85,18102.0,United Kingdom
568210,23203,JUMBO BAG VINTAGE DOILY ,20,2011-09-25 15:56:00,2.08,17159.0,United Kingdom
575760,23203,JUMBO BAG VINTAGE DOILY ,3,2011-11-11 10:50:00,2.08,15965.0,United Kingdom
540404,22814,CARD PARTY GAMES ,12,2011-01-07 09:40:00,0.42,12947.0,United Kingdom
567165,23148,MINIATURE ANTIQUE ROSE HOOK IVORY,1,2011-09-18 11:58:00,0.83,17841.0,United Kingdom
537440,21875,KINGS CHOICE MUG,6,2010-12-06 17:16:00,1.25,17869.0,United Kingdom
540514,22192,BLUE DINER WALL CLOCK,1,2011-01-09 11:43:00,8.5,15708.0,United Kingdom
541205,21067,VINTAGE RED TEATIME MUG,6,2011-01-14 12:23:00,1.25,18106.0,United Kingdom
554135,15044D,RED PAPER PARASOL,6,2011-05-23 09:58:00,2.95,12877.0,United Kingdom
547572,21231,SWEETHEART CERAMIC TRINKET BOX,12,2011-03-24 10:03:00,1.25,13512.0,United Kingdom
566271,21981,PACK OF 12 WOODLAND TISSUES ,24,2011-09-11 13:44:00,0.39,14250.0,United Kingdom
559552,22899,CHILDREN'S APRON DOLLY GIRL ,1,2011-07-10 16:29:00,2.1,16014.0,United Kingdom
575739,21804,WHITE CHRISTMAS GARLAND STARS TREES,2,2011-11-11 09:05:00,3.29,,United Kingdom
578270,22338,STAR DECORATION PAINTED ZINC ,2,2011-11-23 13:39:00,1.25,14096.0,United Kingdom
561661,84821,DANISH ROSE DELUXE COASTER,1,2011-07-28 16:21:00,0.85,12743.0,Unspecified
580729,23552,BICYCLE PUNCTURE REPAIR KIT ,18,2011-12-05 17:24:00,4.13,,United Kingdom
567183,20831,GOLD PHOTO FRAME,2,2011-09-18 15:32:00,2.1,14769.0,United Kingdom
552353,48187,DOORMAT NEW ENGLAND,2,2011-05-09 12:14:00,7.95,17612.0,United Kingdom
538877,22637,PIGGY BANK RETROSPOT ,16,2010-12-14 15:29:00,5.91,,United Kingdom
567183,22024,RAINY LADIES BIRTHDAY CARD,12,2011-09-18 15:32:00,0.42,14769.0,United Kingdom
547327,22976,CIRCUS PARADE CHILDRENS EGG CUP ,12,2011-03-22 11:28:00,1.25,12681.0,France
560125,21562,HAWAIIAN GRASS SKIRT ,1,2011-07-15 10:44:00,1.25,18118.0,United Kingdom
560433,21494,ROTATING LEAVES T-LIGHT HOLDER,5,2011-07-18 15:49:00,1.63,,United Kingdom
580160,22898,CHILDRENS APRON APPLES DESIGN,8,2011-12-02 10:47:00,1.95,12700.0,France
559807,22727,ALARM CLOCK BAKELIKE RED ,1,2011-07-12 14:48:00,3.75,17841.0,United Kingdom
568828,16216,LETTER SHAPE PENCIL SHARPENER,80,2011-09-29 11:31:00,0.06,15175.0,United Kingdom
555722,84596L,BISCUITS SMALL BOWL LIGHT BLUE,2,2011-06-06 16:06:00,0.83,,United Kingdom
562680,20718,RED RETROSPOT SHOPPER BAG,2,2011-08-08 13:46:00,1.25,17954.0,United Kingdom
538198,22716,CARD CIRCUS PARADE,12,2010-12-10 11:01:00,0.42,17827.0,United Kingdom
566290,21914,BLUE HARMONICA IN BOX ,2,2011-09-11 15:24:00,1.25,14456.0,United Kingdom
557283,21901,"KEY FOB , BACK DOOR ",2,2011-06-19 12:26:00,0.65,16813.0,United Kingdom
578187,21733,RED HANGING HEART T-LIGHT HOLDER,6,2011-11-23 11:40:00,2.95,14336.0,United Kingdom
553005,84836,ZINC METAL HEART DECORATION,12,2011-05-12 16:29:00,1.25,14651.0,United Kingdom
567816,22633,HAND WARMER UNION JACK,8,2011-09-22 12:34:00,2.1,17243.0,United Kingdom
550805,84991,60 TEATIME FAIRY CAKE CASES,24,2011-04-20 15:38:00,0.55,13162.0,United Kingdom
558628,22231,JIGSAW TREE WITH BIRDHOUSE,12,2011-06-30 17:59:00,0.59,12626.0,Germany
548011,84991,60 TEATIME FAIRY CAKE CASES,240,2011-03-29 11:14:00,0.42,14646.0,Netherlands
574733,22400,MAGNETS PACK OF 4 HOME SWEET HOME,12,2011-11-06 15:17:00,0.39,17082.0,United Kingdom
542134,22183,CAKE STAND VICTORIAN FILIGREE MED,18,2011-01-25 16:36:00,5.95,15189.0,United Kingdom
541123,22139,RETROSPOT TEA SET CERAMIC 11 PC ,3,2011-01-14 09:52:00,4.95,13385.0,United Kingdom
579536,22389,PAPERWEIGHT SAVE THE PLANET,6,2011-11-30 09:53:00,2.55,12957.0,United Kingdom
553869,23203,JUMBO BAG DOILEY PATTERNS,10,2011-05-19 14:27:00,2.08,15394.0,United Kingdom
560841,23090,VINTAGE GLASS T-LIGHT HOLDER,12,2011-07-21 12:25:00,0.72,14298.0,United Kingdom
539325,85123A,WHITE HANGING HEART T-LIGHT HOLDER,6,2010-12-17 08:20:00,2.95,13004.0,United Kingdom
572859,84946,ANTIQUE SILVER T-LIGHT GLASS,6,2011-10-26 12:39:00,1.25,16418.0,United Kingdom
574898,23439,HAND WARMER RED LOVE HEART,8,2011-11-07 15:07:00,2.1,16242.0,United Kingdom
538879,22593,CHRISTMAS GINGHAM STAR,24,2010-12-14 15:50:00,0.85,15392.0,United Kingdom
561511,22268,DECORATION SITTING BUNNY,48,2011-07-27 15:02:00,0.19,15624.0,United Kingdom
564049,22952,60 CAKE CASES VINTAGE CHRISTMAS,1,2011-08-22 13:30:00,0.55,17585.0,United Kingdom
540349,21212,PACK OF 72 RETROSPOT CAKE CASES,24,2011-01-06 14:07:00,0.55,15379.0,United Kingdom
554057,72351B,SET/6 PINK  BUTTERFLY T-LIGHTS,1,2011-05-20 15:52:00,2.1,17867.0,United Kingdom
580306,23206,LUNCH BAG APPLE DESIGN,20,2011-12-02 14:29:00,1.65,14250.0,United Kingdom
536530,21654,RIDGED GLASS FINGER BOWL,6,2010-12-01 13:21:00,1.45,17905.0,United Kingdom
573808,22556,PLASTERS IN TIN CIRCUS PARADE ,1,2011-11-01 11:29:00,1.65,14419.0,United Kingdom
569126,23170,REGENCY TEA PLATE ROSES ,24,2011-09-30 13:28:00,1.65,13347.0,United Kingdom
539610,22478,BIRDHOUSE GARDEN MARKER ,2,2010-12-20 14:33:00,1.25,14606.0,United Kingdom
579512,82580,BATHROOM METAL SIGN,3,2011-11-29 16:47:00,1.25,,United Kingdom
563241,21498,RED RETROSPOT WRAP ,25,2011-08-15 10:22:00,0.42,12758.0,Portugal
539595,22196,SMALL HEART MEASURING SPOONS,2,2010-12-20 13:43:00,1.66,,United Kingdom
576557,23321,SMALL WHITE HEART OF WICKER,1,2011-11-15 13:07:00,1.65,14714.0,United Kingdom
555735,21559,STRAWBERRY LUNCH BOX WITH CUTLERY,6,2011-06-07 08:54:00,2.55,13327.0,United Kingdom
581146,23367,SET 12 COLOUR PENCILS SPACEBOY ,6,2011-12-07 13:53:00,0.65,17602.0,United Kingdom
569401,23409,PHOTO FRAME LINEN AND LACE LARGE,6,2011-10-04 08:56:00,3.75,15111.0,United Kingdom
569740,23343,JUMBO BAG VINTAGE CHRISTMAS ,40,2011-10-06 10:52:00,2.08,15769.0,United Kingdom
541811,22893,MINI CAKE STAND T-LIGHT HOLDER,10,2011-01-21 15:01:00,0.83,,United Kingdom
557016,23206,LUNCH BAG APPLE DESIGN,1,2011-06-16 12:29:00,1.65,16942.0,United Kingdom
554003,23172,REGENCY TEA PLATE PINK,48,2011-05-20 12:17:00,1.45,13324.0,United Kingdom
560018,22367,CHILDRENS APRON SPACEBOY DESIGN,1,2011-07-14 12:52:00,1.95,15987.0,United Kingdom
550474,20727,LUNCH BAG  BLACK SKULL.,1,2011-04-18 13:58:00,4.13,,United Kingdom
541850,21457,2 PICTURE BOOK EGGS EASTER DUCKS,2,2011-01-23 13:58:00,1.25,14224.0,United Kingdom
561488,21115,ROSE CARAVAN DOORSTOP,2,2011-07-27 13:51:00,6.75,16609.0,United Kingdom
554065,22582,PACK OF 6 SWEETIE GIFT BOXES,6,2011-05-22 10:39:00,2.55,18287.0,United Kingdom
577824,22568,FELTCRAFT CUSHION OWL,8,2011-11-22 09:42:00,3.75,15845.0,United Kingdom
538827,84817,DANISH ROSE DECORATIVE PLATE,144,2010-12-14 12:59:00,0.42,14298.0,United Kingdom
553189,82613B,"METAL SIGN,CUPCAKE SINGLE HOOK",3,2011-05-15 13:14:00,1.25,15033.0,United Kingdom
573078,23582,VINTAGE DOILY JUMBO BAG RED ,10,2011-10-27 14:13:00,2.08,12839.0,United Kingdom
541422,22403,MAGNETS PACK OF 4 VINTAGE LABELS ,1,2011-01-17 17:48:00,0.83,,United Kingdom
544177,21989,PACK OF 20 SKULL PAPER NAPKINS,1,2011-02-16 14:27:00,0.85,13001.0,United Kingdom
564144,84970S,HANGING HEART ZINC T-LIGHT HOLDER,12,2011-08-23 11:53:00,0.85,13939.0,United Kingdom
560417,22775,PURPLE DRAWERKNOB ACRYLIC EDWARDIAN,12,2011-07-18 14:56:00,1.25,16011.0,United Kingdom
544406,21896,POTTING SHED TWINE,1,2011-02-18 13:26:00,2.1,16726.0,United Kingdom
541204,21355,TOAST ITS - I LOVE YOU ,12,2011-01-14 12:22:00,1.25,14175.0,United Kingdom
547385,22291,HANGING CHICK CREAM DECORATION,1,2011-03-22 15:48:00,2.92,,United Kingdom
569556,22774,RED DRAWER KNOB ACRYLIC EDWARDIAN,12,2011-10-05 08:50:00,1.25,14936.0,Channel Islands
549740,23205,CHARLOTTE BAG ALPHABET  DESIGN,20,2011-04-12 09:49:00,0.85,15981.0,United Kingdom
C538083,22633,HAND WARMER UNION JACK,-4,2010-12-09 14:40:00,2.1,15750.0,United Kingdom
572719,82484,WOOD BLACK BOARD ANT WHITE FINISH,6,2011-10-25 15:03:00,7.95,13871.0,United Kingdom
543660,22383,LUNCH BAG SUKI  DESIGN ,1,2011-02-11 10:40:00,4.13,,United Kingdom
541523,20677,PINK POLKADOT BOWL,1,2011-01-19 10:09:00,1.25,17708.0,United Kingdom
558877,22309,TEA COSY RED  STRIPE,1,2011-07-04 13:50:00,2.55,17841.0,United Kingdom
570111,22376,AIRLINE BAG VINTAGE JET SET WHITE,1,2011-10-07 12:28:00,4.25,15005.0,United Kingdom
581439,23274,STAR T-LIGHT HOLDER WILLIE WINKIE,2,2011-12-08 16:30:00,3.29,,United Kingdom
562428,90205A,LARGE MINT DIAMANTE HAIRSLIDE,4,2011-08-04 17:22:00,1.65,17267.0,United Kingdom
556460,84978,HANGING HEART JAR T-LIGHT HOLDER,12,2011-06-12 09:56:00,1.25,14276.0,United Kingdom
553035,23067,HANGING ENGRAVED METAL HEART,2,2011-05-12 20:13:00,4.15,17337.0,United Kingdom
558709,22139,RETROSPOT TEA SET CERAMIC 11 PC ,2,2011-07-01 13:02:00,4.95,17338.0,United Kingdom
557861,72741,GRAND CHOCOLATECANDLE,9,2011-06-23 12:13:00,1.45,13437.0,United Kingdom
573333,POST,POSTAGE,2,2011-10-30 11:34:00,40.0,12483.0,Sweden
570232,47590B,PINK HAPPY BIRTHDAY BUNTING,1,2011-10-09 13:58:00,5.45,14040.0,United Kingdom
579735,21793,check,-40,2011-11-30 14:25:00,0.0,,United Kingdom
562558,21731,RED TOADSTOOL LED NIGHT LIGHT,4,2011-08-05 16:43:00,1.65,13451.0,United Kingdom
561719,22090,PAPER BUNTING RETROSPOT,24,2011-07-29 12:09:00,2.95,17519.0,United Kingdom
547194,22992,REVOLVER WOODEN RULER ,1,2011-03-21 12:42:00,1.95,12637.0,France
564248,85123A,WHITE HANGING HEART T-LIGHT HOLDER,32,2011-08-24 10:37:00,2.55,13798.0,United Kingdom
581492,22540,MINI JIGSAW CIRCUS PARADE ,1,2011-12-09 10:03:00,0.83,,United Kingdom
543448,22076,6 RIBBONS EMPIRE  ,1,2011-02-08 12:12:00,2.46,,United Kingdom
536395,22726,ALARM CLOCK BAKELIKE GREEN,8,2010-12-01 10:47:00,3.75,13767.0,United Kingdom
538349,20780,BLACK EAR MUFF HEADPHONES,1,2010-12-10 14:59:00,11.02,,United Kingdom
555009,84947,ANTIQUE SILVER TEA GLASS ENGRAVED,12,2011-05-31 10:32:00,1.25,17340.0,United Kingdom
562374,23174,REGENCY SUGAR BOWL GREEN,48,2011-08-04 14:40:00,3.75,14911.0,EIRE
568987,22467,GUMBALL COAT RACK,12,2011-09-29 15:58:00,2.55,12709.0,Germany
568331,22768,FAMILY PHOTO FRAME CORNICE,2,2011-09-26 14:25:00,9.95,16600.0,United Kingdom
C539602,22893,MINI CAKE STAND T-LIGHT HOLDER,-9,2010-12-20 14:02:00,0.42,13369.0,United Kingdom
542393,84991,60 TEATIME FAIRY CAKE CASES,3,2011-01-27 15:02:00,0.55,18125.0,United Kingdom
537240,22476,EMPIRE UNION JACK TV DINNER TRAY,1,2010-12-06 10:08:00,11.02,,United Kingdom
569865,23032,DRAWER KNOB CRACKLE GLAZE IVORY,20,2011-10-06 14:47:00,1.65,12748.0,United Kingdom
566076,22029,SPACEBOY BIRTHDAY CARD,12,2011-09-09 09:13:00,0.42,12449.0,Belgium
575690,22549,PICTURE DOMINOES,12,2011-11-10 16:20:00,1.45,14189.0,United Kingdom
557494,21929,JUMBO BAG PINK VINTAGE PAISLEY,4,2011-06-20 15:19:00,4.13,,United Kingdom
578934,21175,GIN AND TONIC DIET METAL SIGN,2,2011-11-27 12:47:00,2.55,14577.0,United Kingdom
573955,22692,DOORMAT WELCOME TO OUR HOME,2,2011-11-02 10:51:00,8.25,14216.0,United Kingdom
538071,71459,HANGING JAM JAR T-LIGHT HOLDER,4,2010-12-09 14:09:00,1.69,,United Kingdom
553008,23165,LARGE CERAMIC TOP STORAGE JAR,2,2011-05-12 16:52:00,1.65,17315.0,United Kingdom
570187,21671,RED SPOT CERAMIC DRAWER KNOB,2,2011-10-07 15:09:00,3.29,,United Kingdom
580901,22646,CERAMIC STRAWBERRY CAKE MONEY BANK,36,2011-12-06 12:45:00,0.39,16528.0,United Kingdom
569137,22812,PACK 3 BOXES CHRISTMAS PANNETONE,1,2011-09-30 14:45:00,4.96,,United Kingdom
573333,84997D,CHILDRENS CUTLERY POLKADOT PINK,4,2011-10-30 11:34:00,4.15,12483.0,Sweden
576649,22439,6 ROCKET BALLOONS ,2,2011-11-16 10:32:00,0.65,16008.0,United Kingdom
574690,22420,LIPSTICK PEN BABY PINK,12,2011-11-06 13:11:00,0.42,12638.0,Sweden
576386,72802A,ROSE SCENT CANDLE IN JEWELLED BOX,36,2011-11-15 09:42:00,3.81,13777.0,United Kingdom
542275,20719,WOODLAND CHARLOTTE BAG,10,2011-01-27 10:18:00,0.85,13089.0,United Kingdom
543020,22750,FELTCRAFT PRINCESS LOLA DOLL,1,2011-02-02 14:29:00,3.75,15005.0,United Kingdom
581238,82600,N0 SINGING METAL SIGN,2,2011-12-08 10:53:00,4.13,,United Kingdom
537781,22030,SWALLOWS GREETING CARD,12,2010-12-08 12:46:00,0.42,17341.0,United Kingdom
561463,22072,RED RETROSPOT TEA CUP AND SAUCER ,4,2011-07-27 12:38:00,3.75,14527.0,United Kingdom
545895,20770,ABSTRACT CIRCLE JOURNAL ,1,2011-03-07 17:14:00,2.46,,United Kingdom
572103,23184,BULL DOG BOTTLE OPENER,1,2011-10-20 15:57:00,4.95,17571.0,United Kingdom
566976,23205,CHARLOTTE BAG VINTAGE ALPHABET ,20,2011-09-16 09:27:00,0.85,15382.0,United Kingdom
538040,84836,ZINC METAL HEART DECORATION,3,2010-12-09 13:08:00,1.25,16520.0,United Kingdom
552826,21467,CHERRY CROCHET FOOD COVER,4,2011-05-11 13:20:00,3.75,14277.0,France
564480,21306,SET/4 DAISY MIRROR MAGNETS,24,2011-08-25 13:24:00,0.29,17656.0,United Kingdom
559506,22729,ALARM CLOCK BAKELIKE ORANGE,1,2011-07-08 15:17:00,7.46,,United Kingdom
571909,84459A,PINK METAL CHICKEN HEART ,2,2011-10-19 15:08:00,1.49,15006.0,United Kingdom
559040,21094,SET/6 RED SPOTTY PAPER PLATES,1,2011-07-05 15:33:00,2.46,,United Kingdom
576364,22634,CHILDS BREAKFAST SET SPACEBOY ,1,2011-11-14 17:40:00,9.95,15009.0,United Kingdom
571716,84946,ANTIQUE SILVER T-LIGHT GLASS,5,2011-10-18 17:05:00,2.46,,United Kingdom
581412,22551,PLASTERS IN TIN SPACEBOY,3,2011-12-08 14:38:00,1.65,14415.0,United Kingdom
564712,21249,WOODLAND  HEIGHT CHART STICKERS ,6,2011-08-28 10:40:00,2.95,15611.0,United Kingdom
575981,23310,BUBBLEGUM RING ASSORTED,36,2011-11-13 13:41:00,0.42,15500.0,United Kingdom
576252,21162,TOXIC AREA  DOOR HANGER ,24,2011-11-14 13:55:00,0.39,14418.0,United Kingdom
544186,20727,LUNCH BAG  BLACK SKULL.,1,2011-02-16 15:55:00,4.13,,United Kingdom
558475,21934,SKULL SHOULDER BAG,43,2011-06-29 15:58:00,1.63,,United Kingdom
566283,23301,GARDENERS KNEELING PAD KEEP CALM ,2,2011-09-11 14:34:00,1.65,17838.0,United Kingdom
C546278,22841,ROUND CAKE TIN VINTAGE GREEN,-1,2011-03-10 15:06:00,7.95,13476.0,United Kingdom
575059,82551,LAUNDRY 15C METAL SIGN,2,2011-11-08 12:25:00,1.45,14071.0,United Kingdom
577487,22328,ROUND SNACK BOXES SET OF 4 FRUITS ,24,2011-11-20 12:00:00,2.95,15061.0,United Kingdom
567901,22703,PINK CAT BOWL,1,2011-09-22 16:28:00,1.63,,United Kingdom
570884,22722,SET OF 6 SPICE TINS PANTRY DESIGN,5,2011-10-13 10:09:00,3.95,17315.0,United Kingdom
559706,23209,LUNCH BAG DOILEY PATTERN ,10,2011-07-12 10:02:00,1.65,16609.0,United Kingdom
572552,85066,CREAM SWEETHEART MINI CHEST,1,2011-10-24 17:07:00,24.96,14096.0,United Kingdom
577167,23084,RABBIT NIGHT LIGHT,3,2011-11-18 10:41:00,2.08,16511.0,United Kingdom
575491,23500,KEY RING BASEBALL BOOT ASSORTED ,20,2011-11-09 17:47:00,1.25,15531.0,United Kingdom
576602,23534,STOP FOR TEA WALL ART,12,2011-11-15 15:20:00,5.35,14156.0,EIRE
543737,22723,SET OF 6 HERB TINS SKETCHBOOK,4,2011-02-11 12:45:00,3.95,12477.0,Germany
581492,21012,ANTIQUE ALL GLASS CANDLESTICK,3,2011-12-09 10:03:00,2.46,,United Kingdom
546776,37449,CERAMIC CAKE STAND + HANGING CAKES,2,2011-03-16 16:08:00,9.95,17460.0,United Kingdom
580654,23334,IVORY WICKER HEART SMALL,3,2011-12-05 13:37:00,0.63,15854.0,United Kingdom
565438,22386,JUMBO BAG PINK POLKADOT,10,2011-09-04 13:56:00,2.08,17229.0,United Kingdom
571857,22835,HOT WATER BOTTLE I AM SO POORLY,4,2011-10-19 13:38:00,4.95,15468.0,United Kingdom
580727,20973,12 PENCIL SMALL TUBE WOODLAND,14,2011-12-05 17:17:00,1.25,14096.0,United Kingdom
545901,21577,SAVE THE PLANET COTTON TOTE BAG,2,2011-03-07 17:52:00,2.25,15834.0,United Kingdom
580631,22614,PACK OF 12 SPACEBOY TISSUES,36,2011-12-05 12:13:00,0.39,16682.0,United Kingdom
553918,22470,HEART OF WICKER LARGE,40,2011-05-20 08:39:00,2.55,16146.0,United Kingdom
569893,22670,FRENCH WC SIGN BLUE METAL,12,2011-10-06 15:51:00,1.25,12627.0,Germany
580276,20727,LUNCH BAG  BLACK SKULL.,3,2011-12-02 12:59:00,1.65,16426.0,United Kingdom
565596,23123,COCKTAIL SWORDS 50 PIECES,2,2011-09-05 14:27:00,0.83,16444.0,United Kingdom
546182,22268,EASTER DECORATION SITTING BUNNY,12,2011-03-10 10:53:00,0.85,14334.0,United Kingdom
562708,23329,DECORATIVE WICKER HEART LARGE,6,2011-08-08 14:15:00,1.65,17085.0,United Kingdom
539351,20717,STRAWBERRY SHOPPER BAG,10,2010-12-17 11:23:00,1.25,12551.0,Spain
538355,22943,CHRISTMAS LIGHTS 10 VINTAGE BAUBLES,2,2010-12-10 15:49:00,4.95,17912.0,United Kingdom
554917,21671,RED SPOT CERAMIC DRAWER KNOB,12,2011-05-27 12:29:00,1.25,15104.0,United Kingdom
545464,20707,CRAZY DAISY HEART DECORATION,1,2011-03-03 09:10:00,0.83,,United Kingdom
562537,22367,CHILDRENS APRON SPACEBOY DESIGN,8,2011-08-05 15:02:00,1.95,12517.0,Germany
537823,22581,WOOD STOCKING CHRISTMAS SCANDISPOT,1,2010-12-08 14:25:00,1.66,,United Kingdom
574673,23264,SET OF 3 WOODEN SLEIGH DECORATIONS,2,2011-11-06 12:26:00,1.25,15555.0,United Kingdom
553572,23202,JUMBO BAG VINTAGE LEAF,10,2011-05-18 09:37:00,2.08,18223.0,United Kingdom
565675,21754,HOME BUILDING BLOCK WORD,3,2011-09-06 09:51:00,5.95,15513.0,United Kingdom
555572,20726,LUNCH BAG WOODLAND,10,2011-06-05 15:37:00,1.65,12449.0,Belgium
579179,79321,CHILLI LIGHTS,2,2011-11-28 15:02:00,5.75,17237.0,United Kingdom
570125,84988,SET OF 72 PINK HEART PAPER DOILIES,12,2011-10-07 13:14:00,1.45,17509.0,United Kingdom
569555,22795,SWEETHEART RECIPE BOOK STAND,2,2011-10-05 08:17:00,6.75,17728.0,United Kingdom
578325,23200,JUMBO BAG PEARS,1,2011-11-23 17:43:00,2.08,16343.0,United Kingdom
560209,21703,BAG 125g SWIRLY MARBLES,4,2011-07-15 14:05:00,0.42,15004.0,United Kingdom
579145,22909,SET OF 20 VINTAGE CHRISTMAS NAPKINS,1,2011-11-28 13:13:00,0.85,14597.0,United Kingdom
573344,20727,LUNCH BAG  BLACK SKULL.,1,2011-10-30 12:07:00,1.65,14179.0,United Kingdom
580115,22174,PHOTO CUBE,2,2011-12-01 16:22:00,3.29,,United Kingdom
538104,22750,FELTCRAFT PRINCESS LOLA DOLL,1,2010-12-09 15:16:00,3.75,17950.0,United Kingdom
580399,22365,DOORMAT RESPECTABLE HOUSE,1,2011-12-04 11:45:00,8.25,13471.0,United Kingdom
566875,21930,JUMBO STORAGE BAG SKULLS,50,2011-09-15 13:43:00,2.08,17669.0,United Kingdom
564049,22988,SOLDIERS EGG CUP ,12,2011-08-22 13:30:00,1.25,17585.0,United Kingdom
573248,22736,RIBBON REEL MAKING SNOWMEN ,2,2011-10-28 12:09:00,1.65,14498.0,United Kingdom
558710,21992,VINTAGE PAISLEY STATIONERY SET,1,2011-07-01 13:04:00,1.25,15483.0,United Kingdom
536605,21042,RED RETROSPOT APRON ,3,2010-12-02 08:52:00,5.95,13715.0,United Kingdom
560772,21447,12 IVORY ROSE PEG PLACE SETTINGS,1,2011-07-20 16:12:00,2.46,,United Kingdom
C540535,85023B,EAU DE NILE JEWELLED PHOTOFRAME,-1,2011-01-09 14:17:00,2.55,15005.0,United Kingdom
539453,22322,BIRD DECORATION GREEN POLKADOT,1,2010-12-17 17:08:00,1.66,,United Kingdom
564145,21390,FILIGRIS HEART WITH BUTTERFLY,24,2011-08-23 12:18:00,1.25,14329.0,United Kingdom
575176,23162,REGENCY TEA STRAINER,1,2011-11-08 18:29:00,7.46,,United Kingdom
558105,21367,MIRRORED WALL ART GENTS,2,2011-06-26 14:54:00,0.75,15644.0,United Kingdom
538566,21012,ANTIQUE ALL GLASS CANDLESTICK,8,2010-12-13 11:21:00,2.51,,United Kingdom
580983,20794,BLUE  TILE HOOK,1,2011-12-06 16:26:00,4.96,,United Kingdom
577358,22422,TOOTHPASTE TUBE PEN,2,2011-11-18 15:59:00,1.25,,United Kingdom
559106,22617,BAKING SET SPACEBOY DESIGN,1,2011-07-06 11:10:00,4.95,15889.0,United Kingdom
563753,21469,POLKA DOT RAFFIA FOOD COVER,6,2011-08-19 10:51:00,3.75,12513.0,France
579196,22697,GREEN REGENCY TEACUP AND SAUCER,2,2011-11-28 15:54:00,5.79,14096.0,United Kingdom
538651,82486,WOOD S/3 CABINET ANT WHITE FINISH,1,2010-12-13 15:07:00,7.95,15311.0,United Kingdom
568059,15056N,EDWARDIAN PARASOL NATURAL,6,2011-09-23 12:58:00,5.95,13097.0,United Kingdom
555577,21927,BLUE/CREAM STRIPE CUSHION COVER ,12,2011-06-05 15:53:00,1.25,15301.0,United Kingdom
551305,85144,JARDIN ETCHED GLASS CHEESE DISH,12,2011-04-27 14:58:00,1.95,16145.0,United Kingdom
552328,22379,RECYCLING BAG RETROSPOT ,20,2011-05-09 10:03:00,2.1,14188.0,United Kingdom
573553,20970,PINK FLORAL FELTCRAFT SHOULDER BAG,1,2011-10-31 13:48:00,7.46,,United Kingdom
569983,84946,ANTIQUE SILVER T-LIGHT GLASS,12,2011-10-06 19:49:00,1.25,17231.0,United Kingdom
559317,23050,RECYCLED ACAPULCO MAT GREEN,1,2011-07-07 14:03:00,8.25,17611.0,United Kingdom
549953,21906,PHARMACIE FIRST AID TIN,4,2011-04-13 13:15:00,6.75,12766.0,Portugal
537538,21114,LAVENDER SCENTED FABRIC HEART,10,2010-12-07 11:49:00,1.25,15353.0,United Kingdom
564837,21991,BOHEMIAN COLLAGE STATIONERY SET,1,2011-08-30 12:40:00,2.46,,United Kingdom
560635,21892,TRADITIONAL WOODEN CATCH CUP GAME ,12,2011-07-20 10:51:00,1.25,12521.0,Germany
577150,22645,CERAMIC HEART FAIRY CAKE MONEY BANK,1,2011-11-18 09:48:00,4.13,,United Kingdom
576644,21930,JUMBO STORAGE BAG SKULLS,6,2011-11-16 10:01:00,4.13,,United Kingdom
577024,23275,SET OF 3 HANGING OWLS OLLIE BEAK,1,2011-11-17 12:47:00,1.25,14704.0,United Kingdom
576618,23084,RABBIT NIGHT LIGHT,37,2011-11-15 17:00:00,4.13,,United Kingdom
555150,47566,PARTY BUNTING,2,2011-05-31 15:53:00,10.79,,United Kingdom
554275,22776,SWEETHEART CAKESTAND 3 TIER,1,2011-05-23 13:17:00,9.95,14903.0,United Kingdom
564358,22499,WOODEN UNION JACK BUNTING,1,2011-08-24 16:00:00,5.95,17869.0,United Kingdom
574076,22174,PHOTO CUBE,1,2011-11-02 15:38:00,3.29,,United Kingdom
561511,23322,LARGE WHITE HEART OF WICKER,6,2011-07-27 15:02:00,2.95,15624.0,United Kingdom
566554,22865,HAND WARMER OWL DESIGN,12,2011-09-13 11:39:00,2.1,13136.0,United Kingdom
573578,23131,MISTLETOE HEART WREATH CREAM,6,2011-10-31 14:13:00,4.15,16018.0,United Kingdom
557312,23252,VINTAGE RED ENAMEL TRIM JUG ,4,2011-06-19 15:47:00,3.75,17001.0,United Kingdom
571456,22728,ALARM CLOCK BAKELIKE PINK,8,2011-10-17 13:57:00,3.75,16729.0,United Kingdom
546787,82482,WOODEN PICTURE FRAME WHITE FINISH,6,2011-03-17 10:01:00,2.55,14035.0,United Kingdom
546466,84519B,CARROT CHARLIE+LOLA COASTER SET,3,2011-03-14 11:04:00,1.25,18118.0,United Kingdom
581445,22460,EMBOSSED GLASS TEALIGHT HOLDER,12,2011-12-08 17:12:00,1.25,17405.0,United Kingdom
540647,72741,GRAND CHOCOLATECANDLE,9,2011-01-10 14:57:00,1.45,17406.0,United Kingdom
548714,20969,RED FLORAL FELTCRAFT SHOULDER BAG,1,2011-04-03 15:07:00,3.75,17337.0,United Kingdom
578065,22024,RAINY LADIES BIRTHDAY CARD,1,2011-11-22 15:41:00,0.83,,United Kingdom
563505,82567,"AIRLINE LOUNGE,METAL SIGN",6,2011-08-17 09:45:00,2.1,17865.0,United Kingdom
573311,22147,FELTCRAFT BUTTERFLY HEARTS,2,2011-10-28 16:45:00,1.45,14071.0,United Kingdom
555821,21399,,-116,2011-06-07 12:01:00,0.0,,United Kingdom
564058,23208,LUNCH BAG VINTAGE LEAF DESIGN,20,2011-08-22 14:23:00,1.65,17676.0,United Kingdom
569535,23403,LETTER HOLDER HOME SWEET HOME,4,2011-10-04 15:41:00,3.75,15044.0,United Kingdom
565248,21636,MADRAS NOTEBOOK MEDIUM,12,2011-09-02 10:34:00,0.75,15860.0,United Kingdom
537868,21733,RED HANGING HEART T-LIGHT HOLDER,6,2010-12-08 16:49:00,2.95,12433.0,Norway
569680,84836,ZINC METAL HEART DECORATION,12,2011-10-05 14:28:00,1.25,16803.0,United Kingdom
558455,21314,SMALL GLASS HEART TRINKET POT,8,2011-06-29 13:58:00,2.1,14327.0,United Kingdom
577358,46776B,WOVEN BERRIES CUSHION COVER ,1,2011-11-18 15:59:00,4.13,,United Kingdom
545224,22379,RECYCLING BAG RETROSPOT ,5,2011-03-01 09:03:00,2.1,17068.0,United Kingdom
544068,21908,CHOCOLATE THIS WAY METAL SIGN,1,2011-02-15 14:08:00,2.1,16431.0,United Kingdom
565795,46000M,POLYESTER FILLER PAD 45x45cm,8,2011-09-07 09:57:00,1.55,17481.0,United Kingdom
555524,23171,REGENCY TEA PLATE GREEN ,12,2011-06-05 11:37:00,1.65,16923.0,United Kingdom
578833,21115,ROSE CARAVAN DOORSTOP,1,2011-11-25 15:23:00,14.13,,United Kingdom
568066,22352,LUNCH BOX WITH CUTLERY RETROSPOT ,1,2011-09-23 13:48:00,2.55,14529.0,United Kingdom
540458,22711,WRAP CIRCUS PARADE,25,2011-01-07 12:28:00,0.42,12501.0,Germany
577078,23010,CIRCUS PARADE BABY GIFT SET,1,2011-11-17 15:17:00,10.79,,United Kingdom
563522,21224,SET/4 SKULL BADGES,10,2011-08-17 10:59:00,1.25,17975.0,United Kingdom
548568,21534,DAIRY MAID LARGE MILK JUG,1,2011-04-01 10:43:00,4.95,14543.0,United Kingdom
545695,22628,PICNIC BOXES SET OF 3 RETROSPOT ,4,2011-03-06 14:15:00,4.95,17050.0,United Kingdom
580396,23535,WALL ART BICYCLE SAFETY,1,2011-12-04 11:00:00,5.95,13838.0,United Kingdom
541878,22665,RECIPE BOX BLUE SKETCHBOOK DESIGN,1,2011-01-24 10:28:00,5.79,,United Kingdom
567339,22708,WRAP DOLLY GIRL,25,2011-09-19 15:01:00,0.42,14146.0,United Kingdom
563557,22961,JAM MAKING SET PRINTED,12,2011-08-17 13:33:00,1.45,15786.0,United Kingdom
574745,35953,FOLKART STAR CHRISTMAS DECORATIONS,48,2011-11-07 08:26:00,0.39,14911.0,EIRE
559816,22835,HOT WATER BOTTLE I AM SO POORLY,1,2011-07-12 16:11:00,9.13,,United Kingdom
574696,23157,SET OF 6 NATIVITY MAGNETS ,6,2011-11-06 13:40:00,2.08,13634.0,United Kingdom
575607,84970L,SINGLE HEART ZINC T-LIGHT HOLDER,1,2011-11-10 12:37:00,2.08,14096.0,United Kingdom
569630,23209,LUNCH BAG VINTAGE DOILY ,20,2011-10-05 11:44:00,1.65,13458.0,United Kingdom
556495,23068,ALUMINIUM STAMPED HEART,2,2011-06-12 15:14:00,2.49,18069.0,United Kingdom
560271,21980,PACK OF 12 RED RETROSPOT TISSUES ,1,2011-07-17 14:51:00,0.29,16474.0,United Kingdom
553890,84913A,SOFT PINK ROSE TOWEL ,1,2011-05-19 16:32:00,3.29,,United Kingdom
578018,22663,JUMBO BAG DOLLY GIRL DESIGN,3,2011-11-22 13:08:00,2.08,15311.0,United Kingdom
566055,23134,LARGE ZINC HEART WALL ORGANISER,1,2011-09-08 15:05:00,8.25,15453.0,United Kingdom
547552,22149,FELTCRAFT 6 FLOWER FRIENDS,1,2011-03-23 15:55:00,4.96,,United Kingdom
574076,72741,GRAND CHOCOLATECANDLE,3,2011-11-02 15:38:00,2.76,,United Kingdom
563565,22720,SET OF 3 CAKE TINS PANTRY DESIGN ,2,2011-08-17 14:22:00,4.95,17338.0,United Kingdom
552013,23010,CIRCUS PARADE BABY GIFT SET,1,2011-05-05 17:34:00,16.95,12451.0,Switzerland
578016,85014B,RED RETROSPOT UMBRELLA,1,2011-11-22 13:02:00,5.95,14506.0,United Kingdom
541136,85159B,"WHITE TEA,COFFEE,SUGAR JARS",24,2011-01-14 10:39:00,1.25,18229.0,United Kingdom
570258,21557,SET OF 6 FUNKY BEAKERS,1,2011-10-10 09:56:00,5.63,,United Kingdom
571945,84380,SET OF 3 BUTTERFLY COOKIE CUTTERS,60,2011-10-20 10:34:00,1.45,17354.0,United Kingdom
541695,22383,LUNCH BAG SUKI  DESIGN ,1,2011-01-20 18:01:00,4.13,,United Kingdom
544323,22087,PAPER BUNTING WHITE LACE,7,2011-02-17 15:51:00,5.79,,United Kingdom
542737,84947,ANTIQUE SILVER TEA GLASS ENGRAVED,6,2011-01-31 15:52:00,1.25,15058.0,United Kingdom
538349,21262,WHITE GOOSE FEATHER CHRISTMAS TREE ,2,2010-12-10 14:59:00,7.62,,United Kingdom
547548,22554,PLASTERS IN TIN WOODLAND ANIMALS,1,2011-03-23 15:37:00,1.65,15644.0,United Kingdom
553088,21558,SKULL LUNCH BOX WITH CUTLERY ,6,2011-05-13 11:53:00,2.55,16180.0,United Kingdom
568075,22751,FELTCRAFT PRINCESS OLIVIA DOLL,1,2011-09-23 14:21:00,3.75,14652.0,United Kingdom
579283,23293,SET OF 12 FAIRY CAKE BAKING CASES,16,2011-11-29 10:45:00,0.83,13883.0,United Kingdom
545901,84692,BOX OF 24 COCKTAIL PARASOLS,1,2011-03-07 17:52:00,0.42,15834.0,United Kingdom
577482,23300,GARDENERS KNEELING PAD CUP OF TEA ,12,2011-11-20 11:43:00,1.65,16762.0,United Kingdom
571418,23332,IVORY WICKER HEART LARGE,4,2011-10-17 12:35:00,1.65,16412.0,United Kingdom
545695,21876,POTTERING MUG,3,2011-03-06 14:15:00,1.25,17050.0,United Kingdom
574096,21498,RED RETROSPOT WRAP ,25,2011-11-03 09:55:00,0.42,13599.0,United Kingdom
541370,22383,LUNCH BAG SUKI  DESIGN ,10,2011-01-17 14:51:00,1.65,18179.0,United Kingdom
577728,22378,WALL TIDY RETROSPOT ,1,2011-11-21 12:52:00,2.1,17811.0,United Kingdom
550196,22974,CHILDRENS DOLLY GIRL MUG,6,2011-04-15 10:09:00,1.65,14796.0,United Kingdom
542789,84879,ASSORTED COLOUR BIRD ORNAMENT,160,2011-02-01 10:38:00,1.45,17511.0,United Kingdom
577331,82482,WOODEN PICTURE FRAME WHITE FINISH,6,2011-11-18 14:23:00,2.95,14667.0,United Kingdom
536532,22632,HAND WARMER RED RETROSPOT,12,2010-12-01 13:24:00,2.1,12433.0,Norway
573347,22992,REVOLVER WOODEN RULER ,4,2011-10-30 12:26:00,1.95,13137.0,United Kingdom
574864,21908,CHOCOLATE THIS WAY METAL SIGN,4,2011-11-07 12:29:00,2.1,14387.0,United Kingdom
544089,22819,"BIRTHDAY CARD, RETRO SPOT",1,2011-02-15 17:51:00,0.83,,United Kingdom
552527,20964,,2,2011-05-09 16:48:00,0.0,,United Kingdom
573405,22638,SET OF 4 NAPKIN CHARMS CROWNS ,4,2011-10-30 15:55:00,2.55,13822.0,United Kingdom
580727,84945,MULTI COLOUR SILVER T-LIGHT HOLDER,6,2011-12-05 17:17:00,1.8,14096.0,United Kingdom
575739,16168M,FUNKY MONKEY GIFT BAG MEDIUM,1,2011-11-11 09:05:00,0.83,,United Kingdom
565442,21980,PACK OF 12 RED RETROSPOT TISSUES ,24,2011-09-04 14:09:00,0.29,12627.0,Germany
547504,22961,JAM MAKING SET PRINTED,12,2011-03-23 13:33:00,1.45,12683.0,France
575176,84946,ANTIQUE SILVER T-LIGHT GLASS,3,2011-11-08 18:29:00,2.46,,United Kingdom
560359,23293,SET OF 12 FAIRY CAKE BAKING CASES,2,2011-07-18 11:47:00,0.83,14159.0,United Kingdom
538511,22625,RED KITCHEN SCALES,5,2010-12-12 13:56:00,8.5,13959.0,United Kingdom
551471,22617,BAKING SET SPACEBOY DESIGN,1,2011-04-28 16:40:00,4.95,16370.0,United Kingdom
569222,22139,RETROSPOT TEA SET CERAMIC 11 PC ,2,2011-10-02 13:46:00,4.95,15906.0,United Kingdom
577469,22596,CHRISTMAS STAR WISH LIST CHALKBOARD,3,2011-11-20 11:25:00,1.25,15009.0,United Kingdom
577526,84997A,CHILDRENS CUTLERY POLKADOT GREEN ,8,2011-11-20 13:39:00,4.15,16513.0,United Kingdom
578067,22616,PACK OF 12 LONDON TISSUES ,3,2011-11-22 15:43:00,0.83,,United Kingdom
574545,85172,HYACINTH BULB T-LIGHT CANDLES,32,2011-11-04 14:54:00,0.42,17084.0,United Kingdom
565421,21210,SET OF 72 RETROSPOT PAPER  DOILIES,1,2011-09-04 12:10:00,1.45,16744.0,United Kingdom
541695,84031A,CHARLIE+LOLA RED HOT WATER BOTTLE ,1,2011-01-20 18:01:00,4.13,,United Kingdom
544724,22456,NATURAL SLATE CHALKBOARD LARGE ,3,2011-02-23 10:46:00,4.95,15605.0,United Kingdom
577748,21137,BLACK RECORD COVER FRAME,20,2011-11-21 14:24:00,3.75,15159.0,United Kingdom
569202,20983,12 PENCILS TALL TUBE RED RETROSPOT,2,2011-09-30 17:22:00,1.63,,United Kingdom
578935,23569,TRADTIONAL ALPHABET STAMP SET,1,2011-11-27 12:52:00,4.95,15351.0,United Kingdom
549526,84970S,HANGING HEART ZINC T-LIGHT HOLDER,12,2011-04-08 15:49:00,0.85,13630.0,United Kingdom
537368,82494L,WOODEN FRAME ANTIQUE WHITE ,6,2010-12-06 12:40:00,2.95,14911.0,EIRE
565461,22147,FELTCRAFT BUTTERFLY HEARTS,12,2011-09-05 09:34:00,1.45,18261.0,United Kingdom
555627,21394,RED POLKADOT BEAKER ,48,2011-06-06 11:57:00,0.39,15805.0,United Kingdom
543033,21198,WHITE HEART CONFETTI IN TUBE,1,2011-02-02 15:48:00,1.65,17841.0,United Kingdom
579196,22623,BOX OF VINTAGE JIGSAW BLOCKS ,1,2011-11-28 15:54:00,12.46,14096.0,United Kingdom
546406,22199,FRYING PAN RED RETROSPOT,1,2011-03-11 16:21:00,8.29,,United Kingdom
549570,84912B,GREEN ROSE WASHBAG,2,2011-04-10 15:19:00,3.75,17550.0,United Kingdom
561616,22383,LUNCH BAG SUKI DESIGN ,3,2011-07-28 13:02:00,1.65,15023.0,United Kingdom
557956,85099B,JUMBO BAG RED RETROSPOT,2,2011-06-23 19:20:00,2.08,18283.0,United Kingdom
579558,85123A,WHITE HANGING HEART T-LIGHT HOLDER,12,2011-11-30 11:24:00,2.95,14755.0,United Kingdom
537237,90013B,BLACK VINTAGE EARRINGS,2,2010-12-06 09:58:00,4.24,,United Kingdom
559898,23191,BUNDLE OF 3 RETRO NOTE BOOKS,4,2011-07-13 12:18:00,1.65,16225.0,United Kingdom
543011,21733,RED HANGING HEART T-LIGHT HOLDER,12,2011-02-02 13:25:00,2.95,15270.0,United Kingdom
574269,22865,HAND WARMER OWL DESIGN,12,2011-11-03 14:27:00,2.1,15570.0,United Kingdom
562132,22082,RIBBON REEL STRIPES DESIGN ,10,2011-08-03 09:40:00,1.65,13384.0,United Kingdom
559337,21672,WHITE SPOT RED CERAMIC DRAWER KNOB,2,2011-07-07 16:27:00,3.29,,United Kingdom
569943,23014,GLASS APOTHECARY BOTTLE ELIXIR,2,2011-10-06 18:08:00,3.95,14592.0,United Kingdom
576671,22661,CHARLOTTE BAG DOLLY GIRL DESIGN,10,2011-11-16 11:55:00,0.85,14385.0,United Kingdom
571629,22277,COSMETIC BAG VINTAGE ROSE PAISLEY,6,2011-10-18 11:18:00,2.1,13362.0,United Kingdom
554348,22920,HERB MARKER BASIL,12,2011-05-24 08:49:00,0.65,13523.0,United Kingdom
540352,22249,DECORATION WHITE CHICK MAGIC GARDEN,3,2011-01-06 14:27:00,0.81,,United Kingdom
553766,22686,FRENCH BLUE METAL DOOR SIGN No,3,2011-05-19 10:44:00,2.46,,United Kingdom
572898,22180,,-15,2011-10-26 14:50:00,0.0,,United Kingdom
572732,22679,FRENCH BLUE METAL DOOR SIGN 4,1,2011-10-25 15:21:00,1.25,18079.0,United Kingdom
539957,84991,60 TEATIME FAIRY CAKE CASES,24,2010-12-23 12:58:00,0.55,12585.0,Germany
555158,22273,FELTCRAFT DOLL MOLLY,6,2011-06-01 08:38:00,2.95,14842.0,United Kingdom
578519,23240,SET OF 4 KNICK KNACK TINS DOILY ,1,2011-11-24 13:56:00,4.15,14591.0,United Kingdom
574301,22960,JAM MAKING SET WITH JARS,6,2011-11-03 16:15:00,4.25,12544.0,Spain
540848,48188,DOORMAT WELCOME PUPPIES,1,2011-01-12 09:26:00,14.43,,United Kingdom
544467,85131A,BEADED PEARL HEART WHITE ON STICK,1,2011-02-20 15:51:00,1.25,14502.0,United Kingdom
542922,22554,PLASTERS IN TIN WOODLAND ANIMALS,12,2011-02-02 09:06:00,1.65,12682.0,France
562031,85062,PEARL CRYSTAL PUMPKIN T-LIGHT HLDR,30,2011-08-01 17:37:00,1.65,16984.0,United Kingdom
553842,21981,PACK OF 12 WOODLAND TISSUES ,48,2011-05-19 12:24:00,0.29,12524.0,Germany
549293,40016,CHINESE DRAGON PAPER LANTERNS,12,2011-04-07 19:16:00,0.42,17883.0,United Kingdom
547967,21390,FILIGRIS HEART WITH BUTTERFLY,4,2011-03-28 15:49:00,2.46,,United Kingdom
549851,22029,SPACEBOY BIRTHDAY CARD,12,2011-04-12 15:08:00,0.42,16062.0,United Kingdom
562553,22692,DOORMAT WELCOME TO OUR HOME,1,2011-08-05 16:34:00,15.79,,United Kingdom
554511,90114,SUMMER DAISIES BAG CHARM,1,2011-05-24 15:52:00,2.46,,United Kingdom
542618,22470,HEART OF WICKER LARGE,2,2011-01-30 15:52:00,2.95,14502.0,United Kingdom
576061,15044C,PURPLE PAPER PARASOL,4,2011-11-13 15:29:00,2.95,13146.0,United Kingdom
547035,22811,SET OF 6 T-LIGHTS CACTI ,6,2011-03-20 10:33:00,2.95,13911.0,United Kingdom
556732,22674,FRENCH TOILET SIGN BLUE METAL,1,2011-06-14 11:47:00,1.25,15039.0,United Kingdom
548373,79066K,RETRO MOD TRAY,1,2011-03-30 16:34:00,1.63,,United Kingdom
553673,21668,RED STRIPE CERAMIC DRAWER KNOB,12,2011-05-18 12:46:00,1.25,16814.0,United Kingdom
572091,23234,BISCUIT TIN VINTAGE CHRISTMAS,6,2011-10-20 14:40:00,2.89,15129.0,United Kingdom
560426,20727,LUNCH BAG  BLACK SKULL.,10,2011-07-18 15:15:00,1.65,14038.0,United Kingdom
536754,22150,3 STRIPEY MICE FELTCRAFT,2,2010-12-02 14:09:00,1.95,14449.0,United Kingdom
581492,22566,FELTCRAFT HAIRBAND PINK AND PURPLE,3,2011-12-09 10:03:00,1.63,,United Kingdom
557297,21932,SCANDINAVIAN PAISLEY PICNIC BAG,10,2011-06-19 13:54:00,1.65,12421.0,Spain
576624,23286,BLUE VINTAGE SPOT BEAKER,8,2011-11-15 17:14:00,0.85,16156.0,United Kingdom
559925,47566,PARTY BUNTING,8,2011-07-13 16:47:00,4.95,17644.0,United Kingdom
581456,23571,TRADITIONAL NAUGHTS & CROSSES,4,2011-12-08 18:42:00,1.65,17530.0,United Kingdom
553707,22301,COFFEE MUG CAT + BIRD DESIGN,12,2011-05-18 15:26:00,2.55,16843.0,United Kingdom
577024,21340,CLASSIC METAL BIRDCAGE PLANT HOLDER,1,2011-11-17 12:47:00,12.75,14704.0,United Kingdom
548863,20829,GLITTER HANGING BUTTERFLY STRING,3,2011-04-04 13:57:00,2.1,15311.0,United Kingdom
569664,23031,DRAWER KNOB CRACKLE GLAZE PINK,6,2011-10-05 13:33:00,1.65,18237.0,United Kingdom
575895,23286,BLUE VINTAGE SPOT BEAKER,4,2011-11-11 14:50:00,0.85,17052.0,United Kingdom
569893,20676,RED RETROSPOT BOWL,8,2011-10-06 15:51:00,1.25,12627.0,Germany
572295,21504,SKULLS GREETING CARD,12,2011-10-23 13:49:00,0.42,16686.0,United Kingdom
575985,21917,SET 12 KIDS  WHITE CHALK STICKS,1,2011-11-13 14:09:00,0.42,17841.0,United Kingdom
557761,22028,PENNY FARTHING BIRTHDAY CARD,12,2011-06-22 13:59:00,0.42,14214.0,United Kingdom
559902,22156,HEART DECORATION WITH PEARLS ,2,2011-07-13 13:14:00,0.85,14502.0,United Kingdom
555572,22382,LUNCH BAG SPACEBOY DESIGN ,10,2011-06-05 15:37:00,1.65,12449.0,Belgium
564856,22846,BREAD BIN DINER STYLE RED ,3,2011-08-31 09:11:00,16.95,12477.0,Germany
570187,21401,BLUE PUDDING SPOON,1,2011-10-07 15:09:00,0.42,,United Kingdom
580115,22900,SET 2 TEA TOWELS I LOVE LONDON ,1,2011-12-01 16:22:00,6.63,,United Kingdom
568657,21080,SET/20 RED RETROSPOT PAPER NAPKINS ,4,2011-09-28 12:22:00,0.85,16460.0,United Kingdom
559051,85114A,BLACK ENCHANTED FOREST PLACEMAT,8,2011-07-05 16:47:00,3.29,,United Kingdom
545343,21621,VINTAGE UNION JACK BUNTING,2,2011-03-02 09:05:00,8.5,15733.0,United Kingdom
542152,22188,BLACK HEART CARD HOLDER,4,2011-01-26 10:33:00,3.95,13534.0,United Kingdom
554840,21917,SET 12 KIDS  WHITE CHALK STICKS,24,2011-05-26 17:16:00,0.42,12684.0,France
572317,23557,LANDMARK FRAME BAKER STREET ,1,2011-10-23 16:13:00,12.5,14629.0,United Kingdom
553879,71477,COLOUR GLASS. STAR T-LIGHT HOLDER,12,2011-05-19 15:15:00,3.25,15791.0,United Kingdom
554520,22219,LOVEBIRD HANGING DECORATION WHITE ,1,2011-05-24 17:03:00,0.85,17841.0,United Kingdom
576329,20971,PINK BLUE FELT CRAFT TRINKET BOX,2,2011-11-14 15:22:00,2.46,,United Kingdom
567805,22694,WICKER STAR ,2,2011-09-22 12:15:00,2.1,12854.0,United Kingdom
572650,22382,LUNCH BAG SPACEBOY DESIGN ,4,2011-10-25 12:00:00,1.65,15506.0,United Kingdom
568706,23110,PARISIENNE KEY CABINET ,2,2011-09-28 15:32:00,5.75,14911.0,EIRE
555322,84032A,CHARLIE+LOLA PINK HOT WATER BOTTLE,1,2011-06-02 11:01:00,5.79,,United Kingdom
553718,23173,REGENCY TEAPOT ROSES ,3,2011-05-18 16:14:00,19.96,,United Kingdom
553013,21454,PAINTED PINK RABBIT ,1,2011-05-12 18:19:00,0.83,,United Kingdom
550651,21213,PACK OF 72 SKULL CAKE CASES,2,2011-04-19 16:52:00,0.55,15436.0,United Kingdom
551966,21169,YOU'RE CONFUSING ME METAL SIGN ,2,2011-05-05 13:14:00,1.69,15356.0,United Kingdom
537781,22562,MONSTERS STENCIL CRAFT,1,2010-12-08 12:46:00,1.25,17341.0,United Kingdom
540356,20676,RED RETROSPOT BOWL,3,2011-01-06 15:12:00,1.66,,United Kingdom
541844,20983,12 PENCILS TALL TUBE RED RETROSPOT,1,2011-01-23 12:19:00,0.85,16931.0,United Kingdom
546625,22752,SET 7 BABUSHKA NESTING BOXES,1,2011-03-15 11:45:00,8.5,17542.0,United Kingdom
543036,46000R,POLYESTER FILLER PAD 45x30cm,2,2011-02-02 15:57:00,1.45,17223.0,United Kingdom
547964,85103,SILVER T-LIGHT SETTING,5,2011-03-28 15:45:00,13.29,,United Kingdom
558475,23140,TRIPLE WIRE HOOK IVORY HEART,2,2011-06-29 15:58:00,4.13,,United Kingdom
577798,22577,WOODEN HEART CHRISTMAS SCANDINAVIAN,20,2011-11-21 16:54:00,0.29,17757.0,United Kingdom
568991,21264,WHITE GOOSE FEATHER TREE 60CM ,2,2011-09-29 16:44:00,1.95,18204.0,United Kingdom
575383,22602,RETROSPOT WOODEN HEART DECORATION,12,2011-11-09 15:17:00,0.85,15986.0,United Kingdom
570693,23094,LE GRAND TRAY CHIC SET,1,2011-10-11 16:50:00,12.5,16161.0,United Kingdom
581467,21167,WHITE SAGE INCENSE,75,2011-12-08 19:24:00,0.21,13077.0,United Kingdom
563017,20719,WOODLAND CHARLOTTE BAG,10,2011-08-11 12:48:00,0.85,13198.0,United Kingdom
551158,21559,STRAWBERRY LUNCH BOX WITH CUTLERY,3,2011-04-26 15:00:00,2.55,16823.0,United Kingdom
576644,22757,LARGE RED BABUSHKA NOTEBOOK ,1,2011-11-16 10:01:00,2.46,,United Kingdom
537837,21481,FAWN BLUE HOT WATER BOTTLE,6,2010-12-08 14:59:00,2.95,13077.0,United Kingdom
574076,23084,RABBIT NIGHT LIGHT,17,2011-11-02 15:38:00,4.13,,United Kingdom
575713,22328,ROUND SNACK BOXES SET OF 4 FRUITS ,6,2011-11-10 17:49:00,2.95,13817.0,Germany
561890,22077,6 RIBBONS RUSTIC CHARM,12,2011-07-31 14:17:00,1.65,12697.0,Sweden
557295,23208,LUNCH BAG VINTAGE LEAF DESIGN,10,2011-06-19 13:37:00,1.65,12724.0,France
577732,21524,DOORMAT SPOTTY HOME SWEET HOME,15,2011-11-21 13:09:00,7.08,15093.0,United Kingdom
558501,23241,TREASURE TIN GYMKHANA DESIGN,6,2011-06-30 10:19:00,2.08,13871.0,United Kingdom
545937,22276,WASH BAG VINTAGE ROSE PAISLEY,24,2011-03-08 12:05:00,2.55,12758.0,Portugal
570688,22340,NOEL GARLAND PAINTED ZINC ,8,2011-10-11 16:29:00,0.83,,United Kingdom
576071,22460,EMBOSSED GLASS TEALIGHT HOLDER,2,2011-11-13 16:03:00,1.25,18069.0,United Kingdom
553574,21080,SET/20 RED RETROSPOT PAPER NAPKINS ,96,2011-05-18 09:59:00,0.72,16422.0,United Kingdom
568697,20727,LUNCH BAG  BLACK SKULL.,10,2011-09-28 14:57:00,1.65,16281.0,United Kingdom
545868,22254,FELT TOADSTOOL LARGE,2,2011-03-07 14:33:00,1.25,17841.0,United Kingdom
537638,22812,PACK 3 BOXES CHRISTMAS PANNETONE,3,2010-12-07 15:28:00,4.21,,United Kingdom
562031,90160A,PURPLE BOUDICCA LARGE BRACELET,2,2011-08-01 17:37:00,6.95,16984.0,United Kingdom
538071,21262,WHITE GOOSE FEATHER CHRISTMAS TREE ,2,2010-12-09 14:09:00,7.62,,United Kingdom
576617,21650,ASSORTED TUTTI FRUTTI BRACELET,12,2011-11-15 16:57:00,0.83,,United Kingdom
548806,22423,REGENCY CAKESTAND 3 TIER,16,2011-04-04 12:52:00,10.95,13098.0,United Kingdom
557502,21794,CLASSIC FRENCH STYLE BASKET NATURAL,1,2011-06-20 15:32:00,7.46,,United Kingdom
576599,22586,FELTCRAFT HAIRBAND PINK AND BLUE,12,2011-11-15 15:06:00,0.85,14544.0,United Kingdom
580399,21620,SET OF 4 ROSE BOTANICAL CANDLES,10,2011-12-04 11:45:00,1.25,13471.0,United Kingdom
576628,23084,RABBIT NIGHT LIGHT,6,2011-11-16 08:28:00,2.08,13449.0,United Kingdom
562166,22138,BAKING SET 9 PIECE RETROSPOT ,3,2011-08-03 12:10:00,4.95,13209.0,United Kingdom
548796,22534,MAGIC DRAWING SLATE SPACEBOY ,5,2011-04-04 12:42:00,0.42,15752.0,United Kingdom
566985,22457,NATURAL SLATE HEART CHALKBOARD ,1,2011-09-16 10:42:00,5.79,,United Kingdom
540971,20677,PINK POLKADOT BOWL,8,2011-01-12 14:10:00,1.25,12383.0,Belgium
568721,21967,PACK OF 12 SKULL TISSUES,1,2011-09-28 16:24:00,0.83,,United Kingdom
548614,21239,PINK  POLKADOT CUP,2,2011-04-01 11:47:00,0.85,14419.0,United Kingdom
565859,82583,HOT BATHS METAL SIGN,24,2011-09-07 14:40:00,2.1,16818.0,United Kingdom
537237,21912,VINTAGE SNAKES & LADDERS,1,2010-12-06 09:58:00,7.62,,United Kingdom
562114,21791,VINTAGE HEADS AND TAILS CARD GAME ,1,2011-08-02 16:14:00,2.46,,United Kingdom
549743,22147,FELTCRAFT BUTTERFLY HEARTS,12,2011-04-12 10:05:00,1.45,16186.0,United Kingdom
552955,15058A,BLUE POLKADOT GARDEN PARASOL,10,2011-05-12 12:30:00,6.75,13113.0,United Kingdom
560841,85130C,BEADED CRYSTAL HEART BLUE  LARGE,24,2011-07-21 12:25:00,0.79,14298.0,United Kingdom
539631,20725,LUNCH BAG RED RETROSPOT,1,2010-12-20 15:03:00,4.21,,United Kingdom
541413,22904,CALENDAR PAPER CUT DESIGN,3,2011-01-17 16:14:00,2.95,13859.0,United Kingdom
547004,21041,RED RETROSPOT OVEN GLOVE DOUBLE,6,2011-03-18 14:14:00,2.95,17419.0,United Kingdom
576269,22138,BAKING SET 9 PIECE RETROSPOT ,3,2011-11-14 14:23:00,4.95,12762.0,Portugal
545915,22457,NATURAL SLATE HEART CHALKBOARD ,6,2011-03-08 11:44:00,2.95,17419.0,United Kingdom
539160,22659,LUNCH BOX I LOVE LONDON,12,2010-12-16 11:43:00,1.95,16746.0,United Kingdom
581126,23493,VINTAGE DOILY TRAVEL SEWING KIT,10,2011-12-07 12:43:00,1.95,18272.0,United Kingdom
571082,85039B,S/4 IVORY MINI ROSE CANDLE IN BOWL,6,2011-10-13 15:25:00,1.63,,United Kingdom
548864,21577,SAVE THE PLANET COTTON TOTE BAG,1,2011-04-04 14:00:00,2.25,15756.0,United Kingdom
577782,22356,CHARLOTTE BAG PINK POLKADOT,2,2011-11-21 16:17:00,0.85,16549.0,United Kingdom
570776,23527,WALL ART ANIMALS AND NATURE ,6,2011-10-12 11:45:00,3.75,13985.0,United Kingdom
578344,23503,PLAYING CARDS KEEP CALM & CARRY ON,1,2011-11-24 09:21:00,2.46,,United Kingdom
564726,22727,ALARM CLOCK BAKELIKE RED ,4,2011-08-28 12:29:00,3.75,18077.0,United Kingdom
542269,85150,LADIES & GENTLEMEN METAL SIGN,6,2011-01-27 09:33:00,2.55,14442.0,Channel Islands
552574,22151,PLACE SETTING WHITE HEART,4,2011-05-10 12:20:00,0.42,15311.0,United Kingdom
544776,22074,6 RIBBONS SHIMMERING PINKS ,4,2011-02-23 11:39:00,2.46,,United Kingdom
576840,90038A,GLASS AND PAINTED BEADS BRACELET TO,1,2011-11-16 15:23:00,3.73,,United Kingdom
548373,47580,TEA TIME DES TEA COSY,1,2011-03-30 16:34:00,4.96,,United Kingdom
549575,21385,IVORY HANGING DECORATION  HEART,10,2011-04-10 16:04:00,0.85,13956.0,United Kingdom
565451,22729,ALARM CLOCK BAKELIKE ORANGE,4,2011-09-04 15:37:00,3.75,15365.0,United Kingdom
537624,22666,RECIPE BOX PANTRY YELLOW DESIGN,1,2010-12-07 14:41:00,2.95,12748.0,United Kingdom
554812,20914,SET/5 RED RETROSPOT LID GLASS BOWLS,2,2011-05-26 13:21:00,2.95,15005.0,United Kingdom
556243,21544,SKULLS  WATER TRANSFER TATTOOS ,1,2011-06-09 16:07:00,1.63,,United Kingdom
538349,84077,WORLD WAR 2 GLIDERS ASSTD DESIGNS,5,2010-12-10 14:59:00,0.43,,United Kingdom
581238,22341,LOVE GARLAND PAINTED ZINC ,1,2011-12-08 10:53:00,3.29,,United Kingdom
546650,85099B,JUMBO BAG RED RETROSPOT,4,2011-03-15 14:17:00,4.13,,United Kingdom
573038,23321,SMALL WHITE HEART OF WICKER,5,2011-10-27 13:48:00,1.65,17545.0,United Kingdom
576629,23583,LUNCH BAG PAISLEY PARK  ,10,2011-11-16 08:37:00,1.65,12621.0,Germany
554698,22961,JAM MAKING SET PRINTED,12,2011-05-26 08:38:00,1.45,16678.0,United Kingdom
579881,21731,RED TOADSTOOL LED NIGHT LIGHT,12,2011-11-30 17:22:00,1.65,12429.0,Denmark
547071,22982,PANTRY PASTRY BRUSH,12,2011-03-20 13:59:00,1.25,12693.0,Germany
543182,22722,SET OF 6 SPICE TINS PANTRY DESIGN,2,2011-02-04 10:40:00,8.29,,United Kingdom
555979,21035,SET/2 RED RETROSPOT TEA TOWELS ,3,2011-06-08 11:18:00,3.25,15039.0,United Kingdom
552969,23172,REGENCY TEA PLATE PINK,12,2011-05-12 13:37:00,1.65,14021.0,United Kingdom
553393,22748,POPPY'S PLAYHOUSE KITCHEN,1,2011-05-16 16:46:00,4.13,,United Kingdom
542530,22727,ALARM CLOCK BAKELIKE RED ,4,2011-01-28 13:08:00,3.75,15365.0,United Kingdom
563021,22961,JAM MAKING SET PRINTED,6,2011-08-11 13:25:00,1.45,18077.0,United Kingdom
565329,20718,RED RETROSPOT SHOPPER BAG,1,2011-09-02 13:54:00,1.25,14606.0,United Kingdom
554103,21624,VINTAGE UNION JACK DOORSTOP,1,2011-05-22 13:51:00,5.95,15555.0,United Kingdom
558709,84836,ZINC METAL HEART DECORATION,4,2011-07-01 13:02:00,1.25,17338.0,United Kingdom
566518,23332,IVORY WICKER HEART LARGE,1,2011-09-13 11:24:00,1.65,17779.0,United Kingdom
574726,22614,PACK OF 12 SPACEBOY TISSUES,7,2011-11-06 14:56:00,0.39,14664.0,United Kingdom
580996,23355,HOT WATER BOTTLE KEEP CALM,1,2011-12-06 17:18:00,4.95,14578.0,United Kingdom
539630,22988,SOLDIERS EGG CUP ,36,2010-12-20 14:59:00,1.25,17230.0,United Kingdom
560569,22221,CAKE STAND LOVEBIRD 2 TIER PINK,2,2011-07-19 14:04:00,9.95,12480.0,Germany
575875,22599,CHRISTMAS MUSICAL ZINC STAR,5,2011-11-11 13:06:00,0.83,,United Kingdom
552540,23136,IVORY WIRE SWEETHEART LETTER TRAY,4,2011-05-10 10:18:00,3.75,,EIRE
569363,23291,DOLLY GIRL CHILDRENS CUP,16,2011-10-03 15:08:00,1.25,13297.0,United Kingdom
537400,21733,RED HANGING HEART T-LIGHT HOLDER,1,2010-12-06 14:36:00,2.95,17191.0,United Kingdom
539492,22141,CHRISTMAS CRAFT TREE TOP ANGEL,1,2010-12-20 10:14:00,4.21,,United Kingdom
570499,21977,PACK OF 60 PINK PAISLEY CAKE CASES,24,2011-10-11 09:19:00,0.55,12772.0,Portugal
579470,21231,SWEETHEART CERAMIC TRINKET BOX,4,2011-11-29 15:06:00,1.25,16549.0,United Kingdom
553160,23298,SPOTTY BUNTING,4,2011-05-13 15:26:00,4.95,14194.0,United Kingdom
573899,23397,FOOT STOOL HOME SWEET HOME ,2,2011-11-01 14:41:00,9.95,15847.0,United Kingdom
551883,21124,SET/10 BLUE POLKADOT PARTY CANDLES,24,2011-05-05 09:15:00,1.25,13762.0,United Kingdom
545078,35915B,BLUE KNITTED HEN ,1,2011-02-28 10:15:00,0.83,,United Kingdom
572103,23302,KNEELING MAT HOUSEWORK  DESIGN,1,2011-10-20 15:57:00,1.65,17571.0,United Kingdom
538012,82484,WOOD BLACK BOARD ANT WHITE FINISH,2,2010-12-09 12:32:00,6.45,14527.0,United Kingdom
564483,22436,12 COLOURED PARTY BALLOONS,20,2011-08-25 13:46:00,0.65,14050.0,United Kingdom
577544,22531,MAGIC DRAWING SLATE CIRCUS PARADE  ,4,2011-11-20 14:43:00,0.42,17758.0,United Kingdom
573328,22377,BOTTLE BAG RETROSPOT ,1,2011-10-30 11:09:00,2.1,16601.0,United Kingdom
549847,22585,PACK OF 6 BIRDY GIFT TAGS,12,2011-04-12 14:43:00,1.25,15358.0,United Kingdom
551997,22262,FELT EGG COSY CHICKEN,6,2011-05-05 15:47:00,1.63,,United Kingdom
538397,22895,SET OF 2 TEA TOWELS APPLE AND PEARS,48,2010-12-12 11:44:00,2.95,12753.0,Japan
574870,22619,SET OF 6 SOLDIER SKITTLES,2,2011-11-07 12:52:00,3.75,17811.0,United Kingdom
550542,82552,WASHROOM METAL SIGN,1,2011-04-19 11:37:00,2.46,,United Kingdom
566563,21669,BLUE STRIPE CERAMIC DRAWER KNOB,12,2011-09-13 12:22:00,1.25,12909.0,United Kingdom
572194,85034B,3 WHITE CHOC MORRIS BOXED CANDLES,1,2011-10-21 11:43:00,1.25,17832.0,United Kingdom
568364,23343,JUMBO BAG VINTAGE CHRISTMAS ,10,2011-09-26 15:43:00,2.08,16999.0,United Kingdom
540418,90214A,"LETTER ""A"" BLING KEY RING",2,2011-01-07 11:04:00,0.85,,United Kingdom
545294,84218,BOX/12 CHICK & EGG IN BASKET,1,2011-03-01 12:07:00,1.95,17965.0,United Kingdom
553527,22561,WOODEN SCHOOL COLOURING SET,12,2011-05-17 14:57:00,1.65,15123.0,United Kingdom
549522,21936,RED RETROSPOT PICNIC BAG,5,2011-04-08 15:34:00,2.95,16873.0,United Kingdom
C579864,22120,WELCOME  WOODEN BLOCK LETTERS,-9,2011-11-30 16:37:00,9.95,12584.0,Italy
567333,21159,MOODY BOY  DOOR HANGER ,24,2011-09-19 14:55:00,0.39,14282.0,United Kingdom
C580714,22720,SET OF 3 CAKE TINS PANTRY DESIGN ,-2,2011-12-05 16:39:00,4.95,12479.0,Germany
580730,22813,PACK 3 BOXES BIRD PANETTONE ,2,2011-12-05 17:28:00,4.13,,United Kingdom
564818,22608,PENS ASSORTED FUNKY JEWELED ,16,2011-08-30 12:10:00,0.42,,United Kingdom
578781,23255,CHILDRENS CUTLERY CIRCUS PARADE,1,2011-11-25 11:54:00,4.15,15872.0,United Kingdom
C551540,22991,GIRAFFE WOODEN RULER,-12,2011-05-03 08:47:00,1.95,14735.0,United Kingdom
578026,85099B,JUMBO BAG RED RETROSPOT,10,2011-11-22 13:29:00,2.08,17659.0,United Kingdom
564342,21884,CAKES AND BOWS GIFT  TAPE,3,2011-08-24 14:53:00,0.65,16340.0,United Kingdom
551305,84792,ENCHANTED BIRD COATHANGER 5 HOOK,4,2011-04-27 14:58:00,4.65,16145.0,United Kingdom
546420,22720,SET OF 3 CAKE TINS PANTRY DESIGN ,2,2011-03-13 11:18:00,4.95,14810.0,United Kingdom
553167,47566,PARTY BUNTING,34,2011-05-13 16:19:00,10.79,,United Kingdom
538858,22892,SET OF SALT AND PEPPER TOADSTOOLS,60,2010-12-14 13:58:00,1.25,16553.0,United Kingdom
538351,20961,STRAWBERRY BATH SPONGE ,2,2010-12-10 15:17:00,2.51,,United Kingdom
547803,22920,HERB MARKER BASIL,12,2011-03-25 13:23:00,0.65,13662.0,United Kingdom
571667,22969,HOMEMADE JAM SCENTED CANDLES,12,2011-10-18 13:04:00,1.45,14554.0,United Kingdom
548708,22170,PICTURE FRAME WOOD TRIPLE PORTRAIT,2,2011-04-03 12:41:00,6.75,13269.0,United Kingdom
542997,22469,HEART OF WICKER SMALL,1,2011-02-02 12:16:00,4.13,,United Kingdom
575176,22633,HAND WARMER UNION JACK,1,2011-11-08 18:29:00,4.13,,United Kingdom
559173,23243,SET OF TEA COFFEE SUGAR TINS PANTRY,4,2011-07-07 10:03:00,4.95,12540.0,Spain
539586,84818,DANISH ROSE PHOTO FRAME,24,2010-12-20 13:08:00,0.85,14298.0,United Kingdom
568585,21935,SUKI  SHOULDER BAG,10,2011-09-28 10:14:00,1.65,17370.0,United Kingdom
549743,84879,ASSORTED COLOUR BIRD ORNAMENT,8,2011-04-12 10:05:00,1.69,16186.0,United Kingdom
577476,47566,PARTY BUNTING,8,2011-11-20 11:31:00,4.95,12540.0,Spain
548516,20963,APPLE BATH SPONGE,1,2011-03-31 16:28:00,2.46,,United Kingdom
C569949,22804,CANDLEHOLDER PINK HANGING HEART,-2,2011-10-06 18:27:00,2.95,12584.0,Italy
557793,84836,ZINC METAL HEART DECORATION,1,2011-06-22 17:30:00,1.25,14998.0,United Kingdom
546105,22084,PAPER CHAIN KIT EMPIRE,6,2011-03-09 12:21:00,2.95,14662.0,United Kingdom
548319,22168,ORGANISER WOOD ANTIQUE WHITE ,2,2011-03-30 12:48:00,8.5,14180.0,United Kingdom
579297,23382,BOX OF 6 CHRISTMAS CAKE DECORATIONS,8,2011-11-29 11:23:00,7.46,,United Kingdom
574560,22816,CARD MOTORBIKE SANTA,12,2011-11-04 15:51:00,0.42,17703.0,United Kingdom
542664,22258,FELT FARM ANIMAL RABBIT,2,2011-01-31 12:14:00,2.46,,United Kingdom
546112,20713,JUMBO BAG OWLS,200,2011-03-09 12:44:00,1.65,15769.0,United Kingdom
550470,23077,DOUGHNUT LIP GLOSS ,1,2011-04-18 13:49:00,2.46,,United Kingdom
564754,23167,SMALL CERAMIC TOP STORAGE JAR ,3,2011-08-30 10:29:00,1.63,,United Kingdom
552243,21363,HOME SMALL WOOD LETTERS,1,2011-05-06 19:37:00,4.95,12748.0,United Kingdom
566026,23405,HOME SWEET HOME 2 DRAWER CABINET,4,2011-09-08 12:56:00,4.95,15618.0,United Kingdom
578811,20981,12 PENCILS TALL TUBE WOODLAND,24,2011-11-25 13:28:00,0.85,12438.0,Norway
557502,20679,EDWARDIAN PARASOL RED,2,2011-06-20 15:32:00,12.46,,United Kingdom
539211,20971,PINK BLUE FELT CRAFT TRINKET BOX,12,2010-12-16 12:15:00,1.25,16743.0,United Kingdom
581587,22727,ALARM CLOCK BAKELIKE RED ,4,2011-12-09 12:50:00,3.75,12680.0,France
549771,22248,DECORATION  PINK CHICK MAGIC GARDEN,2,2011-04-12 11:43:00,0.85,14669.0,United Kingdom
545897,22630,DOLLY GIRL LUNCH BOX,1,2011-03-07 17:22:00,4.13,,United Kingdom
562442,22178,VICTORIAN GLASS HANGING T-LIGHT,36,2011-08-04 18:31:00,1.25,14397.0,United Kingdom
567074,22374,AIRLINE BAG VINTAGE JET SET RED,4,2011-09-16 12:22:00,4.25,17068.0,United Kingdom
537141,22728,ALARM CLOCK BAKELIKE PINK,4,2010-12-05 12:57:00,3.75,15570.0,United Kingdom
579307,22733,3D TRADITIONAL CHRISTMAS STICKERS,18,2011-11-29 11:34:00,1.25,17655.0,United Kingdom
540681,22280,POCKET BAG PINK PAISELY BROWN SPOT,2,2011-01-10 16:25:00,0.85,,United Kingdom
547093,22492,MINI PAINT SET VINTAGE ,36,2011-03-21 08:20:00,0.65,14762.0,United Kingdom
568013,22909,SET OF 20 VINTAGE CHRISTMAS NAPKINS,12,2011-09-23 11:39:00,0.85,17480.0,United Kingdom
552460,20725,LUNCH BAG RED RETROSPOT,10,2011-05-09 14:44:00,1.65,13178.0,United Kingdom
553747,84879,ASSORTED COLOUR BIRD ORNAMENT,8,2011-05-19 09:47:00,1.69,13627.0,United Kingdom
545475,22980,PANTRY SCRUBBING BRUSH,144,2011-03-03 10:59:00,1.45,12415.0,Australia
569545,22776,SWEETHEART 3 TIER CAKE STAND ,1,2011-10-04 16:37:00,19.96,,United Kingdom
541592,21618,4 WILDFLOWER BOTANICAL CANDLES,4,2011-01-19 15:08:00,2.46,,United Kingdom
C571196,21731,RED TOADSTOOL LED NIGHT LIGHT,-12,2011-10-14 12:02:00,1.65,,United Kingdom
576516,22141,CHRISTMAS CRAFT TREE TOP ANGEL,12,2011-11-15 12:19:00,2.1,16746.0,United Kingdom
537434,21675,BUTTERFLIES STICKERS,2,2010-12-06 16:57:00,1.66,,United Kingdom
566312,23424,GINGHAM RECIPE BOOK BOX,4,2011-09-12 09:43:00,4.95,16150.0,United Kingdom
578067,20712,JUMBO BAG WOODLAND ANIMALS,1,2011-11-22 15:43:00,4.13,,United Kingdom
553389,23299,FOOD COVER WITH BEADS SET 2 ,1,2011-05-16 16:37:00,7.46,,United Kingdom
579089,23580,SNACK TRAY HAPPY FOREST  ,1,2011-11-28 10:46:00,1.95,17920.0,United Kingdom
557324,22553,PLASTERS IN TIN SKULLS,1,2011-06-20 09:41:00,3.29,,United Kingdom
568411,20711,JUMBO BAG TOYS ,7,2011-09-27 10:52:00,4.13,,United Kingdom
571277,21755,LOVE BUILDING BLOCK WORD,2,2011-10-16 12:40:00,6.25,16934.0,United Kingdom
549303,22619,SET OF 6 SOLDIER SKITTLES,4,2011-04-08 08:27:00,3.75,18040.0,United Kingdom
565232,20711,JUMBO BAG TOYS ,1,2011-09-02 09:30:00,4.13,,United Kingdom
561472,23198,PANTRY MAGNETIC  SHOPPING LIST,12,2011-07-27 13:15:00,1.45,14911.0,EIRE
539255,21071,VINTAGE BILLBOARD DRINK ME MUG,12,2010-12-16 14:26:00,1.25,16316.0,United Kingdom
558993,22728,ALARM CLOCK BAKELIKE PINK,4,2011-07-05 11:49:00,3.75,16729.0,United Kingdom
573872,20969,RED FLORAL FELTCRAFT SHOULDER BAG,2,2011-11-01 12:35:00,3.75,17243.0,United Kingdom
575177,22602,RETROSPOT WOODEN HEART DECORATION,1,2011-11-08 18:41:00,1.63,,United Kingdom
565456,21034,REX CASH+CARRY JUMBO SHOPPER,1,2011-09-04 16:12:00,0.95,16629.0,United Kingdom
576329,84378,SET OF 3 HEART COOKIE CUTTERS,2,2011-11-14 15:22:00,2.46,,United Kingdom
574945,22112,CHOCOLATE HOT WATER BOTTLE,3,2011-11-08 08:18:00,4.95,15434.0,United Kingdom
C562952,23020,GLASS  SONGBIRD STORAGE JAR,-1,2011-08-11 10:10:00,12.5,12749.0,United Kingdom
537237,90028,NEW BAROQUE LARGE NECKLACE BLK/WHIT,1,2010-12-06 09:58:00,8.49,,United Kingdom
C561886,85061W,WHITE JEWELLED HEART DECORATION,-5,2011-07-31 13:20:00,0.85,15532.0,United Kingdom
563854,23298,SPOTTY BUNTING,3,2011-08-19 15:24:00,4.95,12364.0,Belgium
580729,23228,FILIGREE HEART BIRD WHITE ,1,2011-12-05 17:24:00,2.46,,United Kingdom
581125,22210,WOOD STAMP SET BEST WISHES,5,2011-12-07 12:41:00,0.83,14087.0,United Kingdom
550532,21041,RED RETROSPOT OVEN GLOVE DOUBLE,1,2011-04-19 11:02:00,2.95,14606.0,United Kingdom
539250,22390,PAPERWEIGHT CHILDHOOD MEMORIES,12,2010-12-16 13:44:00,0.85,15157.0,United Kingdom
575895,22909,SET OF 20 VINTAGE CHRISTMAS NAPKINS,1,2011-11-11 14:50:00,0.85,17052.0,United Kingdom
543823,20914,SET/5 RED RETROSPOT LID GLASS BOWLS,48,2011-02-14 09:27:00,2.55,17937.0,United Kingdom
545417,82551,LAUNDRY 15C METAL SIGN,12,2011-03-02 13:42:00,1.45,15622.0,United Kingdom
550205,22297,HEART IVORY TRELLIS SMALL,3,2011-04-15 10:37:00,2.46,,United Kingdom
558382,85187,S/12 MINI RABBIT EASTER,1,2011-06-28 17:28:00,1.65,17997.0,United Kingdom
552446,23000,TRAVEL CARD WALLET TRANSPORT,24,2011-05-09 13:28:00,0.42,16729.0,United Kingdom
573373,85123A,WHITE HANGING HEART T-LIGHT HOLDER,3,2011-10-30 13:37:00,2.95,14684.0,United Kingdom
566400,23118,PARISIENNE JEWELLERY DRAWER ,2,2011-09-12 13:16:00,7.5,17139.0,United Kingdom
540977,84988,SET OF 72 PINK HEART PAPER DOILIES,3,2011-01-12 15:01:00,2.98,,United Kingdom
C544902,22629,SPACEBOY LUNCH BOX ,-1,2011-02-24 13:05:00,1.95,12362.0,Belgium
562960,22652,TRAVEL SEWING KIT,10,2011-08-11 10:22:00,1.65,14911.0,EIRE
572860,22597,MUSICAL ZINC HEART DECORATION ,72,2011-10-26 12:42:00,0.29,17470.0,United Kingdom
566018,23209,LUNCH BAG VINTAGE DOILY ,4,2011-09-08 12:42:00,1.65,13137.0,United Kingdom
556473,22217,T-LIGHT HOLDER HANGING LACE,3,2011-06-12 12:00:00,1.25,17265.0,United Kingdom
559937,22661,CHARLOTTE BAG DOLLY GIRL DESIGN,10,2011-07-14 10:11:00,0.85,13577.0,United Kingdom
573248,84992,72 SWEETHEART FAIRY CAKE CASES,2,2011-10-28 12:09:00,0.55,14498.0,United Kingdom
567665,21993,FLORAL FOLK STATIONERY SET,1,2011-09-21 15:22:00,2.46,,United Kingdom
547862,21988,PACK OF 6 SKULL PAPER PLATES,4,2011-03-27 12:54:00,0.85,12841.0,United Kingdom
557118,22745,POPPY'S PLAYHOUSE BEDROOM ,6,2011-06-16 17:05:00,2.1,14849.0,United Kingdom
559052,22697,GREEN REGENCY TEACUP AND SAUCER,3,2011-07-05 16:53:00,5.79,,United Kingdom
574080,23508,MINI PLAYING CARDS DOLLY GIRL ,2,2011-11-02 16:29:00,0.42,16348.0,United Kingdom
C551464,22745,POPPY'S PLAYHOUSE BEDROOM ,-6,2011-04-28 16:15:00,2.1,13085.0,United Kingdom
558481,22767,TRIPLE PHOTO FRAME CORNICE ,2,2011-06-30 09:02:00,9.95,17675.0,United Kingdom
579559,22383,LUNCH BAG SUKI DESIGN ,2,2011-11-30 11:30:00,1.65,16764.0,United Kingdom
579297,22996,TRAVEL CARD WALLET VINTAGE TICKET,4,2011-11-29 11:23:00,0.83,,United Kingdom
549291,85199S,SMALL HANGING IVORY/RED WOOD BIRD,1,2011-04-07 19:05:00,0.42,16261.0,United Kingdom
549099,21175,GIN + TONIC DIET METAL SIGN,1,2011-04-06 11:07:00,2.55,16241.0,United Kingdom
571934,23660,HENRIETTA HEN MUG ,12,2011-10-20 08:21:00,1.65,16170.0,United Kingdom
569371,22981,PANTRY APPLE CORER,1,2011-10-03 15:52:00,1.45,14651.0,United Kingdom
569629,85048,15CM CHRISTMAS GLASS BALL 20 LIGHTS,4,2011-10-05 11:37:00,7.95,15249.0,United Kingdom
569332,21039,RED RETROSPOT SHOPPING BAG,1,2011-10-03 13:46:00,2.55,12637.0,France
562980,23034,DRAWER KNOB CERAMIC BLACK,6,2011-08-11 11:44:00,1.45,17686.0,United Kingdom
549320,85123A,WHITE HANGING HEART T-LIGHT HOLDER,13,2011-04-08 10:14:00,2.95,16010.0,United Kingdom
566821,22690,DOORMAT HOME SWEET HOME BLUE ,2,2011-09-15 11:33:00,8.25,14227.0,United Kingdom
575152,22586,FELTCRAFT HAIRBAND PINK AND BLUE,3,2011-11-08 16:12:00,0.85,16284.0,United Kingdom
559898,85152,HAND OVER THE CHOCOLATE   SIGN ,4,2011-07-13 12:18:00,2.1,16225.0,United Kingdom
562775,22662,LUNCH BAG DOLLY GIRL DESIGN,10,2011-08-09 12:21:00,1.65,15078.0,United Kingdom
565921,22112,CHOCOLATE HOT WATER BOTTLE,6,2011-09-08 09:13:00,4.95,13889.0,United Kingdom
565327,21889,WOODEN BOX OF DOMINOES,12,2011-09-02 13:48:00,1.25,12832.0,United Kingdom
571547,23020,GLASS  SONGBIRD STORAGE JAR,16,2011-10-18 07:43:00,11.15,17679.0,United Kingdom
565378,22666,RECIPE BOX PANTRY YELLOW DESIGN,10,2011-09-02 15:16:00,6.63,,United Kingdom
566972,22842,BISCUIT TIN VINTAGE RED,2,2011-09-16 09:13:00,6.75,16573.0,United Kingdom
578819,21428,SET3 BOOK BOX GREEN GINGHAM FLOWER ,2,2011-11-25 13:52:00,4.25,15311.0,United Kingdom
576057,23308,SET OF 60 VINTAGE LEAF CAKE CASES ,6,2011-11-13 15:05:00,0.55,15861.0,United Kingdom
580541,22082,RIBBON REEL STRIPES DESIGN ,10,2011-12-05 09:03:00,1.65,15358.0,United Kingdom
566278,22569,FELTCRAFT CUSHION BUTTERFLY,4,2011-09-11 14:05:00,3.75,13614.0,United Kingdom
569632,84946,ANTIQUE SILVER T-LIGHT GLASS,36,2011-10-05 11:57:00,1.25,13808.0,United Kingdom
569555,22158,3 HEARTS HANGING DECORATION RUSTIC,8,2011-10-05 08:17:00,2.95,17728.0,United Kingdom
564303,22570,FELTCRAFT CUSHION RABBIT,4,2011-08-24 12:04:00,3.75,16042.0,United Kingdom
571243,23094,LE GRAND TRAY CHIC SET,1,2011-10-14 15:26:00,12.5,14595.0,United Kingdom
C539644,22472,TV DINNER TRAY DOLLY GIRL,-1,2010-12-20 15:52:00,4.95,12471.0,Germany
571187,84997A,CHILDRENS CUTLERY POLKADOT GREEN ,4,2011-10-14 11:39:00,4.15,12380.0,Belgium
558862,23170,REGENCY TEA PLATE ROSES ,12,2011-07-04 12:25:00,1.65,13901.0,United Kingdom
580733,21479,WHITE SKULL HOT WATER BOTTLE ,4,2011-12-06 08:37:00,4.25,16929.0,United Kingdom
558371,21212,PACK OF 72 RETROSPOT CAKE CASES,29,2011-06-28 15:44:00,2.08,,United Kingdom
563404,23287,RED VINTAGE SPOT BEAKER,48,2011-08-16 11:04:00,0.85,16303.0,United Kingdom
555397,84970L,SINGLE HEART ZINC T-LIGHT HOLDER,1,2011-06-02 17:26:00,2.08,,United Kingdom
539053,22098,BOUDOIR SQUARE TISSUE BOX,1,2010-12-15 16:32:00,1.25,16725.0,United Kingdom
580400,23569,TRADTIONAL ALPHABET STAMP SET,4,2011-12-04 11:50:00,4.95,16561.0,United Kingdom
544931,22063,CERAMIC BOWL WITH STRAWBERRY DESIGN,6,2011-02-24 18:59:00,2.95,13501.0,Switzerland
552823,84380,SET OF 3 BUTTERFLY COOKIE CUTTERS,3,2011-05-11 13:06:00,1.25,14731.0,United Kingdom
559337,84576,BLUE CAT BISCUIT BARREL PINK HEART,1,2011-07-07 16:27:00,4.13,,United Kingdom
557112,37475,SET/4 COLOURFUL MIXING BOWLS,1,2011-06-16 16:31:00,8.29,,United Kingdom
572103,23489,VINTAGE BELLS GARLAND,1,2011-10-20 15:57:00,2.89,17571.0,United Kingdom
561036,23241,TREASURE TIN GYMKHANA DESIGN,2,2011-07-24 11:54:00,2.08,13137.0,United Kingdom
547370,82552,WASHROOM METAL SIGN,1,2011-03-22 13:32:00,1.45,14711.0,United Kingdom
572568,47566,PARTY BUNTING,12,2011-10-25 10:31:00,4.95,14001.0,United Kingdom
538421,21739,COSY SLIPPER SHOES SMALL GREEN,1,2010-12-12 12:08:00,2.95,17917.0,United Kingdom
544676,22566,FELTCRAFT HAIRBAND PINK AND PURPLE,1,2011-02-22 16:03:00,0.85,17841.0,United Kingdom
554502,48194,DOORMAT HEARTS,6,2011-05-24 14:47:00,7.95,14289.0,United Kingdom
564307,23289,DOLLY GIRL CHILDRENS BOWL,4,2011-08-24 12:32:00,1.25,17865.0,United Kingdom
539475,47570B,TEA TIME TABLE CLOTH,1,2010-12-19 14:41:00,10.65,16686.0,United Kingdom
575601,22865,HAND WARMER OWL DESIGN,1,2011-11-10 12:16:00,2.1,,United Kingdom
547375,22570,FELTCRAFT CUSHION RABBIT,4,2011-03-22 14:24:00,3.75,13196.0,United Kingdom
577489,23349,ROLL WRAP VINTAGE CHRISTMAS,1,2011-11-20 12:07:00,1.25,,United Kingdom
544928,20724,RED RETROSPOT CHARLOTTE BAG,1,2011-02-24 18:07:00,1.63,,United Kingdom
556475,22487,WHITE WOOD GARDEN PLANT LADDER,1,2011-06-12 12:03:00,9.95,18109.0,United Kingdom
555510,22749,FELTCRAFT PRINCESS CHARLOTTE DOLL,6,2011-06-03 17:09:00,7.46,,United Kingdom
572203,20665,RED RETROSPOT PURSE ,5,2011-10-21 12:05:00,2.95,17068.0,United Kingdom
564141,21504,SKULLS GREETING CARD,12,2011-08-23 11:47:00,0.42,17841.0,United Kingdom
544309,22934,BAKING MOULD EASTER EGG WHITE CHOC,6,2011-02-17 14:17:00,2.95,15785.0,United Kingdom
561702,23245,SET OF 3 REGENCY CAKE TINS,4,2011-07-29 10:58:00,4.95,15149.0,United Kingdom
553389,23160,REGENCY TEA SPOON,6,2011-05-16 16:37:00,2.46,,United Kingdom
541421,90200C,BLUE SWEETHEART BRACELET,1,2011-01-17 17:44:00,4.15,,United Kingdom
579690,84877B,GREEN ROUND COMPACT MIRROR,2,2011-11-30 14:03:00,1.25,15060.0,United Kingdom
580983,23562,SET OF 6 RIBBONS PERFECTLY PRETTY  ,1,2011-12-06 16:26:00,5.79,,United Kingdom
579399,21210,SET OF 72 RETROSPOT PAPER  DOILIES,1,2011-11-29 12:09:00,1.45,13137.0,United Kingdom
547945,22908,PACK OF 20 NAPKINS RED APPLES,12,2011-03-28 14:59:00,0.85,14851.0,United Kingdom
572889,23221,REINDEER HEART DECORATION SILVER,1,2011-10-26 13:56:00,0.83,12748.0,United Kingdom
555746,22997,TRAVEL CARD WALLET UNION JACK,3,2011-06-07 10:55:00,0.42,14606.0,United Kingdom
558115,23029,DRAWER KNOB CRACKLE GLAZE GREEN,6,2011-06-27 08:50:00,1.65,16003.0,United Kingdom
568593,23197,SKETCHBOOK MAGNETIC SHOPPING LIST,12,2011-09-28 10:54:00,1.45,13988.0,United Kingdom
579508,22578,WOODEN STAR CHRISTMAS SCANDINAVIAN,12,2011-11-29 16:33:00,0.83,,United Kingdom
557758,22057,CERAMIC PLATE STRAWBERRY DESIGN,1,2011-06-22 13:28:00,1.49,17585.0,United Kingdom
563350,20961,STRAWBERRY BATH SPONGE ,10,2011-08-15 14:10:00,1.25,14498.0,United Kingdom
545021,22270,HAPPY EASTER HANGING DECORATION,4,2011-02-25 14:11:00,3.75,17663.0,United Kingdom
555520,22477,WATERING CAN GARDEN MARKER,1,2011-06-05 11:14:00,1.25,15038.0,United Kingdom
545667,84796B,BLUE SAVANNAH PICNIC HAMPER FOR 2,2,2011-03-04 16:07:00,8.29,,United Kingdom
569216,22602,RETROSPOT WOODEN HEART DECORATION,5,2011-10-02 12:41:00,0.85,15555.0,United Kingdom
546364,22654,DELUXE SEWING KIT ,1,2011-03-11 11:33:00,5.95,,United Kingdom
575337,23695,DOILY THANK YOU CARD,12,2011-11-09 14:11:00,0.42,17867.0,United Kingdom
547810,M,Manual,1,2011-03-25 14:00:00,0.85,,United Kingdom
571441,85014B,RED RETROSPOT UMBRELLA,3,2011-10-17 13:31:00,12.46,14096.0,United Kingdom
542585,48138,DOORMAT UNION FLAG,1,2011-01-28 15:29:00,7.95,17329.0,United Kingdom
547964,21166,COOK WITH WINE METAL SIGN ,1,2011-03-28 15:45:00,4.13,,United Kingdom
563253,17091J,VANILLA INCENSE IN TIN,2,2011-08-15 12:04:00,0.38,15218.0,United Kingdom
576075,21770,OPEN CLOSED METAL SIGN,1,2011-11-13 16:16:00,4.95,15861.0,United Kingdom
565737,22865,HAND WARMER OWL DESIGN,3,2011-09-06 12:27:00,2.1,16400.0,United Kingdom
538369,22112,CHOCOLATE HOT WATER BOTTLE,1,2010-12-12 11:06:00,4.95,17251.0,United Kingdom
540004,84946,ANTIQUE SILVER TEA GLASS ETCHED,72,2011-01-04 10:37:00,1.06,13094.0,United Kingdom
561209,21209,MULTICOLOUR HONEYCOMB FAN,5,2011-07-25 16:57:00,3.29,,United Kingdom
575739,21901,"KEY FOB , BACK DOOR ",2,2011-11-11 09:05:00,1.63,,United Kingdom
555589,22376,AIRLINE BAG VINTAGE JET SET WHITE,4,2011-06-06 09:36:00,4.25,12802.0,Netherlands
565150,21903,MAN FLU METAL SIGN,12,2011-09-01 14:26:00,1.85,14298.0,United Kingdom
551392,21609,SET 12 LAVENDER  BOTANICAL T-LIGHTS,6,2011-04-28 12:07:00,2.95,13229.0,United Kingdom
550621,82582,AREA PATROLLED METAL SIGN,3,2011-04-19 13:41:00,2.1,13263.0,United Kingdom
544177,20702,PINK PADDED MOBILE,4,2011-02-16 14:27:00,4.25,13001.0,United Kingdom
563720,23032,DRAWER KNOB CRACKLE GLAZE IVORY,2,2011-08-18 16:24:00,1.65,15867.0,United Kingdom
554080,21993,FLORAL FOLK STATIONERY SET,1,2011-05-22 11:42:00,2.95,16931.0,United Kingdom
542713,84991,60 TEATIME FAIRY CAKE CASES,24,2011-01-31 13:27:00,0.55,12668.0,Germany
556102,21084,SET/6 COLLAGE PAPER CUPS,24,2011-06-08 16:15:00,0.19,13115.0,United Kingdom
568062,22577,WOODEN HEART CHRISTMAS SCANDINAVIAN,48,2011-09-23 13:18:00,0.29,14014.0,United Kingdom
549257,85132C,CHARLIE AND LOLA FIGURES TINS,1,2011-04-07 12:29:00,1.95,14465.0,United Kingdom
545305,21080,SET/20 RED RETROSPOT PAPER NAPKINS ,12,2011-03-01 12:58:00,0.85,15257.0,United Kingdom
570455,21429,RED GINGHAM ROSE JEWELLERY BOX,1,2011-10-10 15:27:00,1.95,14529.0,United Kingdom
545937,22663,JUMBO BAG DOLLY GIRL DESIGN,20,2011-03-08 12:05:00,1.95,12758.0,Portugal
566061,79321,CHILLI LIGHTS,4,2011-09-08 15:36:00,5.75,13267.0,United Kingdom
577856,21086,SET/6 RED SPOTTY PAPER CUPS,12,2011-11-22 11:19:00,0.65,12490.0,France
571716,37450,CERAMIC CAKE BOWL + HANGING CAKES,1,2011-10-18 17:05:00,5.79,,United Kingdom
559691,23203,JUMBO BAG DOILEY PATTERNS,10,2011-07-11 15:52:00,2.08,13089.0,United Kingdom
543532,21216,"SET 3 RETROSPOT TEA,COFFEE,SUGAR",1,2011-02-09 12:59:00,10.79,,United Kingdom
542625,20713,JUMBO BAG OWLS,2,2011-01-31 09:50:00,4.13,,United Kingdom
581492,79321,CHILLI LIGHTS,1,2011-12-09 10:03:00,12.46,,United Kingdom
551821,22191,IVORY DINER WALL CLOCK,1,2011-05-04 12:20:00,8.5,16942.0,United Kingdom
575843,23203,JUMBO BAG VINTAGE DOILY ,1,2011-11-11 12:02:00,2.08,14446.0,United Kingdom
539718,22730,ALARM CLOCK BAKELIKE IVORY,1,2010-12-21 13:06:00,7.62,,United Kingdom
569567,22149,FELTCRAFT 6 FLOWER FRIENDS,6,2011-10-05 09:56:00,2.1,16059.0,United Kingdom
559673,22662,LUNCH BAG DOLLY GIRL DESIGN,10,2011-07-11 14:10:00,1.65,13224.0,United Kingdom
544932,22410,MONEY BOX HOUSEKEEPING DESIGN,12,2011-02-25 08:14:00,1.25,16133.0,United Kingdom
539451,90201B,BLACK ENAMEL FLOWER RING,1,2010-12-17 16:59:00,2.96,,United Kingdom
569469,22993,SET OF 4 PANTRY JELLY MOULDS,1,2011-10-04 12:22:00,1.25,16360.0,United Kingdom
547941,POST,POSTAGE,1,2011-03-28 14:46:00,150.0,16692.0,United Kingdom
570666,POST,POSTAGE,1,2011-10-11 14:24:00,18.0,13919.0,Denmark
569229,23187,FRENCH STYLE STORAGE JAR BONBONS,2,2011-10-02 14:56:00,0.29,14502.0,United Kingdom
553504,47566B,TEA TIME PARTY BUNTING,4,2011-05-17 13:26:00,4.95,13310.0,United Kingdom
563935,21832,CHOCOLATE CALCULATOR,3,2011-08-21 16:24:00,1.65,15547.0,United Kingdom
579900,84879,ASSORTED COLOUR BIRD ORNAMENT,8,2011-12-01 08:34:00,1.69,15951.0,United Kingdom
578067,22851,SET 20 NAPKINS FAIRY CAKES DESIGN ,4,2011-11-22 15:43:00,1.63,,United Kingdom
537434,22595,CHRISTMAS GINGHAM HEART,4,2010-12-06 16:57:00,1.66,,United Kingdom
559816,21204,DAISIES  HONEYCOMB GARLAND ,4,2011-07-12 16:11:00,1.63,,United Kingdom
574049,22141,CHRISTMAS CRAFT TREE TOP ANGEL,48,2011-11-02 13:40:00,1.85,13316.0,United Kingdom
579001,23156,SET OF 5 MINI GROCERY MAGNETS,2,2011-11-27 16:19:00,2.08,15555.0,United Kingdom
538917,22082,RIBBON REEL STRIPES DESIGN ,5,2010-12-15 10:57:00,1.65,17449.0,United Kingdom
573340,23205,CHARLOTTE BAG VINTAGE ALPHABET ,4,2011-10-30 11:55:00,0.85,14159.0,United Kingdom
579692,22835,HOT WATER BOTTLE I AM SO POORLY,8,2011-11-30 14:05:00,4.95,12433.0,Norway
540856,22281,EASTER TREE YELLOW BIRDS,2,2011-01-12 10:16:00,5.95,16655.0,United Kingdom
570087,22727,ALARM CLOCK BAKELIKE RED ,3,2011-10-07 11:26:00,8.29,,United Kingdom
550622,20679,EDWARDIAN PARASOL RED,4,2011-04-19 13:49:00,5.95,13735.0,United Kingdom
579751,23301,GARDENERS KNEELING PAD KEEP CALM ,7,2011-11-30 14:46:00,3.29,,United Kingdom
578827,85227,SET OF 6 3D KIT CARDS FOR KIDS,1,2011-11-25 14:25:00,1.63,,United Kingdom
565460,23206,LUNCH BAG APPLE DESIGN,40,2011-09-05 09:24:00,1.65,16843.0,United Kingdom
567368,23068,ALUMINIUM STAMPED HEART,8,2011-09-20 08:23:00,2.49,17147.0,United Kingdom
579196,23266,SET OF 3 WOODEN STOCKING DECORATION,17,2011-11-28 15:54:00,2.46,14096.0,United Kingdom
567236,23374,RED SPOT PAPER GIFT BAG,10,2011-09-19 11:33:00,0.82,14735.0,United Kingdom
575367,22578,WOODEN STAR CHRISTMAS SCANDINAVIAN,48,2011-11-09 15:05:00,0.29,15114.0,United Kingdom
561209,84596F,SMALL MARSHMALLOWS PINK BOWL,2,2011-07-25 16:57:00,0.83,,United Kingdom
556636,22900,SET 2 TEA TOWELS I LOVE LONDON ,2,2011-06-13 15:30:00,6.63,,United Kingdom
538529,21741,COSY SLIPPER SHOES LARGE GREEN,6,2010-12-13 10:24:00,2.95,14290.0,United Kingdom
572082,23342,MINT DINER WALL CLOCK,2,2011-10-20 14:18:00,8.5,17672.0,United Kingdom
565431,23138,SINGLE WIRE HOOK IVORY HEART,12,2011-09-04 13:15:00,1.45,14965.0,United Kingdom
546321,71101E,STANDING FAIRY POLE SUPPORT ,12,2011-03-11 09:39:00,0.85,16475.0,United Kingdom
539609,22623,BOX OF VINTAGE JIGSAW BLOCKS ,1,2010-12-20 14:15:00,4.95,15527.0,United Kingdom
550278,21556,CERAMIC STRAWBERRY MONEY BOX,1,2011-04-15 13:15:00,4.13,,United Kingdom
577853,22804,PINK HANGING HEART T-LIGHT HOLDER,3,2011-11-22 11:13:00,2.95,13681.0,United Kingdom
543448,21240,BLUE POLKADOT CUP,2,2011-02-08 12:12:00,1.63,,United Kingdom
562427,84817,DANISH ROSE DECORATIVE PLATE,2,2011-08-04 17:19:00,2.1,17267.0,United Kingdom
551982,22147,FELTCRAFT BUTTERFLY HEARTS,3,2011-05-05 13:56:00,1.45,15023.0,United Kingdom
537781,21143,ANTIQUE GLASS HEART DECORATION ,2,2010-12-08 12:46:00,1.95,17341.0,United Kingdom
580687,22326,ROUND SNACK BOXES SET OF4 WOODLAND ,12,2011-12-05 15:38:00,2.95,16379.0,United Kingdom
540551,90042C,FRESHWATER PEARL BRACELET IVORY,1,2011-01-10 09:43:00,2.54,,United Kingdom
568160,22340,NOEL GARLAND PAINTED ZINC ,24,2011-09-25 12:25:00,0.39,17498.0,United Kingdom
538171,22751,FELTCRAFT PRINCESS OLIVIA DOLL,1,2010-12-09 20:01:00,3.75,17530.0,United Kingdom
568949,22587,FELTCRAFT HAIRBAND RED AND BLUE,1,2011-09-29 15:13:00,1.63,,United Kingdom
537638,20972,PINK CREAM FELT CRAFT TRINKET BOX ,6,2010-12-07 15:28:00,2.51,,United Kingdom
548716,22530,MAGIC DRAWING SLATE DOLLY GIRL ,24,2011-04-03 15:50:00,0.42,14023.0,United Kingdom
578147,23120,PACK OF 6 SMALL FRUIT STRAWS,1,2011-11-23 11:09:00,0.42,12748.0,United Kingdom
567126,22750,FELTCRAFT PRINCESS LOLA DOLL,2,2011-09-16 13:53:00,3.75,17238.0,United Kingdom
567671,21989,PACK OF 20 SKULL PAPER NAPKINS,2,2011-09-21 15:34:00,1.63,,United Kingdom
563722,22479,DAISY GARDEN MARKER,10,2011-08-18 16:32:00,1.25,17720.0,United Kingdom
565847,23338,EGG FRYING PAN RED ,1,2011-09-07 12:44:00,4.13,,United Kingdom
552262,22747,POPPY'S PLAYHOUSE BATHROOM,6,2011-05-08 11:37:00,2.1,14911.0,EIRE
540277,82484,WOOD BLACK BOARD ANT WHITE FINISH,12,2011-01-06 12:18:00,5.55,14258.0,United Kingdom
557225,71477,COLOUR GLASS. STAR T-LIGHT HOLDER,24,2011-06-17 13:37:00,2.75,15311.0,United Kingdom
537765,90214K,"LETTER ""K"" BLING KEY RING",1,2010-12-08 12:08:00,1.25,14606.0,United Kingdom
567183,85049A,TRADITIONAL CHRISTMAS RIBBONS,6,2011-09-18 15:32:00,1.25,14769.0,United Kingdom
558874,23292,SPACEBOY CHILDRENS CUP,1,2011-07-04 13:29:00,1.25,,United Kingdom
537200,21892,TRADITIONAL WOODEN CATCH CUP GAME ,1,2010-12-05 14:17:00,1.25,15867.0,United Kingdom
552282,22564,ALPHABET STENCIL CRAFT,4,2011-05-08 12:44:00,1.25,14040.0,United Kingdom
546136,90114,SUMMER DAISIES BAG CHARM,1,2011-03-09 16:32:00,2.46,,United Kingdom
577479,22578,WOODEN STAR CHRISTMAS SCANDINAVIAN,24,2011-11-20 11:34:00,0.29,14911.0,EIRE
570724,23508,MINI PLAYING CARDS DOLLY GIRL ,20,2011-10-12 11:22:00,0.42,12602.0,France
539840,21988,PACK OF 6 SKULL PAPER PLATES,12,2010-12-22 14:28:00,0.85,12383.0,Belgium
567656,47591D,PINK FAIRY CAKE CHILDRENS APRON,1,2011-09-21 14:40:00,4.13,14096.0,United Kingdom
547623,22646,CERAMIC STRAWBERRY CAKE MONEY BANK,12,2011-03-24 11:29:00,1.45,15641.0,United Kingdom
579711,35471D,SET OF 3 BIRD LIGHT PINK FEATHER ,2,2011-11-30 14:17:00,0.39,15060.0,United Kingdom
575137,35970,ZINC FOLKART SLEIGH BELLS,12,2011-11-08 15:13:00,1.69,13090.0,United Kingdom
568411,22144,CHRISTMAS CRAFT LITTLE FRIENDS,1,2011-09-27 10:52:00,4.13,,United Kingdom
566446,22801,ANTIQUE GLASS PEDESTAL BOWL,1,2011-09-12 15:40:00,7.46,,United Kingdom
547556,21383,PACK OF 12 STICKY BUNNIES,2,2011-03-23 16:45:00,0.65,17250.0,United Kingdom
571555,23209,LUNCH BAG VINTAGE DOILY ,20,2011-10-18 09:15:00,1.65,16458.0,United Kingdom
576274,22639,SET OF 4 NAPKIN CHARMS HEARTS,1,2011-11-14 14:24:00,2.55,17793.0,United Kingdom
541127,21821,GLITTER STAR GARLAND WITH BELLS ,1,2011-01-14 10:11:00,7.46,,United Kingdom
553375,22960,JAM MAKING SET WITH JARS,12,2011-05-16 14:52:00,3.75,14911.0,EIRE
543232,22767,TRIPLE PHOTO FRAME CORNICE ,2,2011-02-04 13:28:00,9.95,13113.0,United Kingdom
564733,22557,PLASTERS IN TIN VINTAGE PAISLEY ,5,2011-08-28 13:18:00,1.65,17841.0,United Kingdom
581399,22083,PAPER CHAIN KIT RETROSPOT,6,2011-12-08 13:27:00,2.95,17528.0,United Kingdom
559162,90019A,SILVER M.O.P ORBIT BRACELET,2,2011-07-06 16:29:00,5.4,,United Kingdom
570097,22273,FELTCRAFT DOLL MOLLY,720,2011-10-07 12:05:00,2.3,16029.0,United Kingdom
551543,23284,DOORMAT KEEP CALM AND COME IN,2,2011-05-03 09:26:00,7.95,16055.0,United Kingdom
551516,23154,SET OF 4 JAM JAR MAGNETS,12,2011-05-01 11:10:00,2.08,14800.0,United Kingdom
559497,22361,GLASS JAR DAISY FRESH COTTON WOOL,1,2011-07-08 13:54:00,5.79,,United Kingdom
572913,84030E,ENGLISH ROSE HOT WATER BOTTLE,2,2011-10-26 16:21:00,4.25,15993.0,United Kingdom
548340,22595,GINGHAM HEART DECORATION,24,2011-03-30 14:23:00,0.85,13426.0,United Kingdom
575637,23355,HOT WATER BOTTLE KEEP CALM,1,2011-11-10 13:46:00,4.95,16904.0,United Kingdom
577109,22535,MAGIC DRAWING SLATE BUNNIES ,24,2011-11-17 17:50:00,0.42,16042.0,United Kingdom
553556,23203,JUMBO BAG DOILEY PATTERNS,2,2011-05-17 16:48:00,2.08,17530.0,United Kingdom
568346,16238,PARTY TIME PENCIL ERASERS,2,2011-09-26 15:28:00,0.42,14096.0,United Kingdom
581219,23000,TRAVEL CARD WALLET TRANSPORT,2,2011-12-08 09:28:00,0.83,,United Kingdom
560033,22910,PAPER CHAIN KIT VINTAGE CHRISTMAS,6,2011-07-14 13:28:00,2.95,12388.0,Australia
571305,20659,ECONOMY LUGGAGE TAG,1,2011-10-17 09:55:00,2.46,,United Kingdom
548194,22478,BIRDHOUSE GARDEN MARKER ,1,2011-03-29 15:30:00,2.46,,United Kingdom
C569973,22328,ROUND SNACK BOXES SET OF 4 FRUITS ,-3,2011-10-06 19:23:00,2.95,12703.0,Germany
575177,72807B,SET/3 OCEAN SCENT CANDLE JEWEL BOX,1,2011-11-08 18:41:00,8.29,,United Kingdom
563728,84992,72 SWEETHEART FAIRY CAKE CASES,1,2011-08-18 17:09:00,0.55,17045.0,United Kingdom
568322,23051,RECYCLED ACAPULCO MAT BLUE,1,2011-09-26 13:41:00,8.25,15958.0,United Kingdom
561600,23078,ICE CREAM PEN LIP GLOSS ,24,2011-07-28 11:29:00,1.25,15861.0,United Kingdom
580441,23083,SET 6 PAPER TABLE LANTERN STARS ,6,2011-12-04 12:18:00,3.75,13808.0,United Kingdom
571425,22158,3 HEARTS HANGING DECORATION RUSTIC,8,2011-10-17 12:41:00,2.95,14911.0,EIRE
552786,85152,HAND OVER THE CHOCOLATE   SIGN ,48,2011-05-11 12:14:00,1.53,16029.0,United Kingdom
577869,23334,IVORY WICKER HEART SMALL,18,2011-11-22 11:34:00,0.63,13268.0,United Kingdom
554808,20728,LUNCH BAG CARS BLUE,2,2011-05-26 13:01:00,1.65,17059.0,United Kingdom
537237,22988,SOLDIERS EGG CUP ,2,2010-12-06 09:58:00,2.51,,United Kingdom
564088,23344,JUMBO BAG 50'S CHRISTMAS ,100,2011-08-23 09:38:00,1.79,17702.0,United Kingdom
538844,22174,PHOTO CUBE,48,2010-12-14 13:19:00,1.48,14680.0,United Kingdom
557801,20725,LUNCH BAG RED RETROSPOT,10,2011-06-23 10:14:00,1.65,13319.0,United Kingdom
539451,22212,FOUR HOOK  WHITE LOVEBIRDS,2,2010-12-17 16:59:00,4.21,,United Kingdom
554809,23146,TRIPLE HOOK ANTIQUE IVORY ROSE,6,2011-05-26 13:13:00,3.29,16838.0,United Kingdom
560434,22608,PENS ASSORTED FUNKY JEWELED ,15,2011-07-18 15:56:00,0.42,,United Kingdom
551012,21485,RETROSPOT HEART HOT WATER BOTTLE,1,2011-04-26 10:32:00,7.46,,United Kingdom
564471,23445,ICE CREAM BUBBLES,20,2011-08-25 12:26:00,0.83,12583.0,France
547790,21211,SET OF 72 SKULL PAPER  DOILIES,12,2011-03-25 12:04:00,1.45,12545.0,Spain
580613,22907,PACK OF 20 NAPKINS PANTRY DESIGN,12,2011-12-05 12:03:00,0.85,14759.0,United Kingdom
555630,23168,CLASSIC CAFE SUGAR DISPENSER,12,2011-06-06 12:04:00,1.25,14732.0,United Kingdom
580075,20728,LUNCH BAG CARS BLUE,4,2011-12-01 14:09:00,1.65,17014.0,United Kingdom
556484,21754,HOME BUILDING BLOCK WORD,1,2011-06-12 13:17:00,5.95,16938.0,United Kingdom
580610,72349b,SET/6 PURPLE BUTTERFLY T-LIGHTS,3,2011-12-05 11:48:00,4.13,,United Kingdom
560841,16238,PARTY TIME PENCIL ERASERS,112,2011-07-21 12:25:00,0.16,14298.0,United Kingdom
566234,22738,RIBBON REEL SNOWY VILLAGE,1,2011-09-11 11:08:00,1.65,15035.0,United Kingdom
536592,22557,PLASTERS IN TIN VINTAGE PAISLEY ,1,2010-12-01 17:06:00,3.36,,United Kingdom
560410,82482,WOODEN PICTURE FRAME WHITE FINISH,6,2011-07-18 14:28:00,2.55,17213.0,United Kingdom
C550099,20682,RED RETROSPOT CHILDRENS UMBRELLA,-1,2011-04-14 12:28:00,3.25,16933.0,United Kingdom
580727,23215,JINGLE BELL HEART ANTIQUE SILVER,4,2011-12-05 17:17:00,4.13,14096.0,United Kingdom
567720,22570,FELTCRAFT CUSHION RABBIT,8,2011-09-22 10:37:00,3.75,14911.0,EIRE
581193,22721,SET OF 3 CAKE TINS SKETCHBOOK,2,2011-12-07 17:05:00,1.95,17097.0,Spain
574545,23159,SET OF 5 PANCAKE DAY MAGNETS,12,2011-11-04 14:54:00,2.08,17084.0,United Kingdom
547497,20998,ROSE DU SUD OVEN GLOVE,4,2011-03-23 12:15:00,2.95,14461.0,United Kingdom
568894,23380,PACK OF 12 VINTAGE DOILY TISSUES,12,2011-09-29 13:04:00,0.39,17528.0,United Kingdom
550207,22654,DELUXE SEWING KIT ,1,2011-04-15 10:38:00,12.46,,United Kingdom
573904,85124B,BLUE JUICY FRUIT PHOTO FRAME,2,2011-11-01 14:54:00,2.55,14505.0,United Kingdom
565918,21741,COSY SLIPPER SHOES LARGE GREEN,3,2011-09-07 16:27:00,2.95,13249.0,United Kingdom
564165,21754,HOME BUILDING BLOCK WORD,6,2011-08-23 13:35:00,5.95,13593.0,United Kingdom
562200,21528,DAIRY MAID TRADITIONAL TEAPOT ,2,2011-08-03 12:21:00,6.95,17719.0,United Kingdom
538156,21813,GARLAND WITH STARS AND BELLS,6,2010-12-09 16:53:00,4.95,15555.0,United Kingdom
578233,20971,PINK BLUE FELT CRAFT TRINKET BOX,4,2011-11-23 12:20:00,1.25,14049.0,United Kingdom
575843,22592,CARDHOLDER HOLLY WREATH METAL,4,2011-11-11 12:02:00,3.75,14446.0,United Kingdom
564437,21981,PACK OF 12 WOODLAND TISSUES ,24,2011-08-25 12:10:00,0.29,13320.0,United Kingdom
569202,21126,SET OF 6 GIRLS CELEBRATION CANDLES,1,2011-09-30 17:22:00,1.25,,United Kingdom
566602,22729,ALARM CLOCK BAKELIKE ORANGE,1,2011-09-13 16:05:00,7.46,,United Kingdom
537682,22974,CHILDRENS DOLLY GIRL MUG,12,2010-12-08 10:13:00,1.65,13599.0,United Kingdom
558874,21833,CAMOUFLAGE LED TORCH,1,2011-07-04 13:29:00,1.69,,United Kingdom
563585,85231G,ORANGE SCENTED SET/9 T-LIGHTS,3,2011-08-17 17:01:00,0.85,17070.0,United Kingdom
C537413,22834,HAND WARMER BABUSHKA DESIGN,-72,2010-12-06 15:07:00,2.1,14409.0,United Kingdom
572910,22964,3 PIECE SPACEBOY COOKIE CUTTER SET,2,2011-10-26 15:58:00,2.1,15990.0,United Kingdom
563728,23293,SET OF 12 FAIRY CAKE BAKING CASES,8,2011-08-18 17:09:00,0.83,17045.0,United Kingdom
550541,84905,PINK BUTTERFLY CUSHION COVER ,1,2011-04-19 11:33:00,4.96,,United Kingdom
536557,22694,WICKER STAR ,2,2010-12-01 14:41:00,2.1,17841.0,United Kingdom
569203,21154,RED RETROSPOT OVEN GLOVE ,20,2011-10-02 10:32:00,1.25,16353.0,United Kingdom
540848,90209B,GREEN ENAMEL+GLASS HAIR COMB,2,2011-01-12 09:26:00,2.11,,United Kingdom
573330,21136,PAINTED METAL PEARS ASSORTED,2,2011-10-30 11:22:00,1.69,16923.0,United Kingdom
543132,22835,HOT WATER BOTTLE I AM SO POORLY,4,2011-02-03 15:27:00,4.65,15235.0,United Kingdom
553540,22896,PEG BAG APPLES DESIGN,50,2011-05-17 15:32:00,2.1,17511.0,United Kingdom
553204,22919,HERB MARKER MINT,1,2011-05-15 16:13:00,0.65,16877.0,United Kingdom
539587,84692,BOX OF 24 COCKTAIL PARASOLS,100,2010-12-20 13:10:00,0.32,14298.0,United Kingdom
542791,82484,WOOD BLACK BOARD ANT WHITE FINISH,1,2011-02-01 10:47:00,6.45,15039.0,United Kingdom
557639,72349B,SET/6 PURPLE BUTTERFLY T-LIGHTS,1,2011-06-21 16:13:00,2.1,12933.0,United Kingdom
540646,21774,DECORATIVE CATS BATHROOM BOTTLE,4,2011-01-10 14:32:00,1.28,,United Kingdom
C579871,20727,LUNCH BAG  BLACK SKULL.,-1,2011-11-30 16:54:00,1.65,16101.0,United Kingdom
563842,22382,LUNCH BAG SPACEBOY DESIGN ,10,2011-08-19 13:54:00,1.65,13871.0,United Kingdom
540968,85184C,S/4 VALENTINE DECOUPAGE HEART BOX,3,2011-01-12 13:40:00,2.95,17338.0,United Kingdom
561236,84596L,BISCUITS SMALL BOWL LIGHT BLUE,32,2011-07-26 10:27:00,0.42,15159.0,United Kingdom
581439,23654,SET 10 CARD SNOWMAN 16965,1,2011-12-08 16:30:00,2.49,,United Kingdom
550613,22917,HERB MARKER ROSEMARY,12,2011-04-19 12:26:00,0.65,16180.0,United Kingdom
541802,20854,,-80,2011-01-21 14:45:00,0.0,,United Kingdom
574575,22866,HAND WARMER SCOTTY DOG DESIGN,4,2011-11-04 17:03:00,2.1,14971.0,United Kingdom
556910,11001,ASSTD DESIGN RACING CAR PEN,16,2011-06-15 13:25:00,1.69,12748.0,United Kingdom
574544,22906,12 MESSAGE CARDS WITH ENVELOPES,60,2011-11-04 14:49:00,1.45,17084.0,United Kingdom
558386,22161,HEART DECORATION RUSTIC HANGING ,24,2011-06-29 09:32:00,0.19,14883.0,United Kingdom
551747,22093,MOTORING TISSUE BOX,36,2011-05-04 11:00:00,0.42,14298.0,United Kingdom
546108,84750B,BLACK SMALL GLASS CAKE STAND,3,2011-03-09 12:35:00,1.95,15529.0,United Kingdom
555158,22697,GREEN REGENCY TEACUP AND SAUCER,6,2011-06-01 08:38:00,2.95,14842.0,United Kingdom
580611,22757,LARGE RED BABUSHKA NOTEBOOK ,1,2011-12-05 11:49:00,0.39,12748.0,United Kingdom
560692,22193,RED DINER WALL CLOCK,1,2011-07-20 12:01:00,8.5,14704.0,United Kingdom
547547,22321,BIRD DECORATION RED RETROSPOT,1,2011-03-23 15:30:00,1.63,,United Kingdom
559693,84509C,SET OF 4 POLKADOT PLACEMATS ,2,2011-07-11 16:21:00,3.29,,United Kingdom
567822,23318,BOX OF 6 MINI VINTAGE CRACKERS,6,2011-09-22 12:54:00,2.49,17644.0,United Kingdom
570223,23292,SPACEBOY CHILDRENS CUP,3,2011-10-09 13:11:00,1.25,15787.0,United Kingdom
578664,22142,CHRISTMAS CRAFT WHITE FAIRY ,2,2011-11-24 16:59:00,1.45,15910.0,United Kingdom
571310,22398,MAGNETS PACK OF 4 SWALLOWS,24,2011-10-17 10:17:00,0.39,13394.0,United Kingdom
557057,85183B,CHARLIE & LOLA WASTEPAPER BIN FLORA,24,2011-06-16 14:46:00,1.25,16843.0,United Kingdom
539840,21975,PACK OF 60 DINOSAUR CAKE CASES,24,2010-12-22 14:28:00,0.55,12383.0,Belgium
545700,84218,BOX/12 CHICK & EGG IN BASKET,1,2011-03-06 14:57:00,1.95,17811.0,United Kingdom
573552,23439,HAND WARMER RED LOVE HEART,12,2011-10-31 13:43:00,2.1,13203.0,United Kingdom
580527,22424,ENAMEL BREAD BIN CREAM,1,2011-12-04 15:19:00,12.75,13736.0,United Kingdom
576876,22867,HAND WARMER BIRD DESIGN,4,2011-11-16 16:42:00,2.1,16804.0,United Kingdom
578347,22188,BLACK HEART CARD HOLDER,1,2011-11-24 09:26:00,8.29,,United Kingdom
555284,85230E,STRAWBRY SCENTED VOTIVE CANDLE,144,2011-06-02 09:37:00,0.21,14298.0,United Kingdom
554976,23148,MINIATURE ANTIQUE ROSE HOOK IVORY,2,2011-05-29 10:57:00,0.83,15046.0,United Kingdom
553168,23110,PARISIENNE KEY CABINET ,8,2011-05-13 16:24:00,5.75,15159.0,United Kingdom
560205,23208,LUNCH BAG VINTAGE LEAF DESIGN,10,2011-07-15 13:55:00,1.65,17068.0,United Kingdom
570258,22637,PIGGY BANK RETROSPOT ,1,2011-10-10 09:56:00,5.79,,United Kingdom
577403,23203,JUMBO BAG VINTAGE DOILY ,10,2011-11-20 10:15:00,2.08,13988.0,United Kingdom
561820,23150,IVORY SWEETHEART SOAP DISH,1,2011-07-29 16:00:00,4.96,,United Kingdom
536876,21411,GINGHAM HEART  DOORSTOP RED,1,2010-12-03 11:36:00,8.47,,United Kingdom
569491,23503,PLAYING CARDS KEEP CALM & CARRY ON,2,2011-10-04 13:25:00,1.25,14056.0,United Kingdom
580911,23286,BLUE VINTAGE SPOT BEAKER,8,2011-12-06 13:30:00,0.85,14503.0,United Kingdom
578364,23188,VINTAGE  2 METRE FOLDING RULER,12,2011-11-24 10:42:00,1.65,13588.0,United Kingdom
577782,23367,SET 12 COLOUR PENCILS SPACEBOY ,1,2011-11-21 16:17:00,0.65,16549.0,United Kingdom
543821,22854,CREAM SWEETHEART EGG HOLDER,4,2011-02-14 09:24:00,4.95,17667.0,United Kingdom
544051,21931,JUMBO STORAGE BAG SUKI,10,2011-02-15 12:40:00,1.95,16700.0,United Kingdom
573903,23355,HOT WATER BOTTLE KEEP CALM,3,2011-11-01 14:51:00,4.95,14667.0,United Kingdom
560434,21617,4 LILY  BOTANICAL DINNER CANDLES,2,2011-07-18 15:56:00,2.46,,United Kingdom
537626,22212,FOUR HOOK  WHITE LOVEBIRDS,6,2010-12-07 14:57:00,2.1,12347.0,Iceland
554093,22961,JAM MAKING SET PRINTED,12,2011-05-22 12:49:00,1.45,14837.0,United Kingdom
546984,51020A,SUMMER FUN DESIGN SHOWER CAP,10,2011-03-18 12:35:00,0.29,15019.0,United Kingdom
561878,22217,T-LIGHT HOLDER HANGING LACE,8,2011-07-31 12:34:00,1.25,17388.0,United Kingdom
558682,21931,JUMBO STORAGE BAG SUKI,8,2011-07-01 11:20:00,4.13,,United Kingdom
537434,22600,CHRISTMAS RETROSPOT STAR WOOD,8,2010-12-06 16:57:00,1.66,,United Kingdom
565919,21992,VINTAGE PAISLEY STATIONERY SET,2,2011-09-07 16:48:00,2.46,,United Kingdom
563200,22548,HEADS AND TAILS SPORTING FUN,1,2011-08-14 10:49:00,1.25,13838.0,United Kingdom
565411,23241,TREASURE TIN GYMKHANA DESIGN,2,2011-09-04 11:22:00,2.08,13772.0,United Kingdom
572131,22577,WOODEN HEART CHRISTMAS SCANDINAVIAN,24,2011-10-21 09:56:00,0.29,13917.0,United Kingdom
567904,22505,MEMO BOARD COTTAGE DESIGN,4,2011-09-22 16:34:00,4.95,12609.0,Germany
569234,22212,FOUR HOOK  WHITE LOVEBIRDS,1,2011-10-02 15:33:00,2.1,17841.0,United Kingdom
561892,23154,SET OF 4 JAM JAR MAGNETS,2,2011-07-31 14:27:00,2.08,,United Kingdom
567807,22111,SCOTTIE DOG HOT WATER BOTTLE,2,2011-09-22 12:23:00,4.95,17027.0,United Kingdom
538566,22115,METAL SIGN EMPIRE TEA,1,2010-12-13 11:21:00,5.91,,United Kingdom
571652,85179A,GREEN BITTY LIGHT CHAIN,3,2011-10-18 12:17:00,1.25,,Hong Kong
555108,23184,BULL DOG BOTTLE OPENER,3,2011-05-31 14:18:00,4.95,18231.0,United Kingdom
580399,84378,SET OF 3 HEART COOKIE CUTTERS,4,2011-12-04 11:45:00,1.45,13471.0,United Kingdom
538594,84212,"ASSORTED FLOWER COLOUR ""LEIS""",480,2010-12-13 11:57:00,0.42,16927.0,United Kingdom
556917,23167,SMALL CERAMIC TOP STORAGE JAR ,96,2011-06-15 13:37:00,0.69,12415.0,Australia
581451,22442,GROW YOUR OWN FLOWERS SET OF 3,12,2011-12-08 17:57:00,1.95,17144.0,United Kingdom
560732,23196,VINTAGE LEAF MAGNETIC NOTEPAD,3,2011-07-20 14:55:00,1.45,14056.0,United Kingdom
545699,23230,WRAP ALPHABET DESIGN,25,2011-03-06 14:50:00,0.42,15572.0,United Kingdom
556207,84596B,SMALL DOLLY MIX DESIGN ORANGE BOWL,8,2011-06-09 13:50:00,0.42,17372.0,United Kingdom
545188,22536,MAGIC DRAWING SLATE PURDEY,2,2011-02-28 15:19:00,0.42,14056.0,United Kingdom
578949,22091,EMPIRE TISSUE BOX,2,2011-11-27 14:30:00,0.39,14954.0,United Kingdom
546113,21114,LAVENDER SCENTED FABRIC HEART,5,2011-03-09 13:18:00,1.25,14344.0,United Kingdom
549555,22587,FELTCRAFT HAIRBAND RED AND BLUE,12,2011-04-10 12:52:00,0.85,13606.0,United Kingdom
557315,48185,DOORMAT FAIRY CAKE,1,2011-06-19 16:02:00,7.95,15535.0,United Kingdom
572030,23340,VINTAGE CHRISTMAS CAKE FRILL,12,2011-10-20 11:51:00,1.65,14923.0,United Kingdom
551192,20978,36 PENCILS TUBE SKULLS,16,2011-04-27 10:54:00,1.25,16188.0,United Kingdom
554865,22427,ENAMEL FLOWER JUG CREAM,3,2011-05-27 10:37:00,5.95,14280.0,United Kingdom
567183,22315,200 RED + WHITE BENDY STRAWS,2,2011-09-18 15:33:00,1.25,14769.0,United Kingdom
575930,22651,GENTLEMAN SHIRT REPAIR KIT ,1,2011-11-11 17:58:00,1.63,,United Kingdom
567186,22070,SMALL RED RETROSPOT MUG IN BOX ,2,2011-09-18 16:04:00,3.75,17073.0,United Kingdom
577033,23479,WIRE EGG BASKET ,1,2011-11-17 13:16:00,7.85,17797.0,United Kingdom
580852,23581,JUMBO BAG PAISLEY PARK,10,2011-12-06 11:53:00,2.08,16790.0,United Kingdom
552234,22386,JUMBO BAG PINK POLKADOT,2,2011-05-06 16:01:00,2.08,,United Kingdom
575589,21889,WOODEN BOX OF DOMINOES,12,2011-11-10 12:05:00,1.25,14262.0,United Kingdom
580367,23435,3 RAFFIA RIBBONS VINTAGE CHRISTMAS,8,2011-12-02 16:39:00,0.83,,United Kingdom
564737,20981,12 PENCILS TALL TUBE WOODLAND,12,2011-08-28 14:00:00,0.85,15312.0,United Kingdom
560601,22804,CANDLEHOLDER PINK HANGING HEART,1,2011-07-19 17:17:00,2.95,16764.0,United Kingdom
555875,22936,BAKING MOULD ROSE WHITE CHOCOLATE,1,2011-06-07 15:17:00,3.25,12748.0,United Kingdom
544070,22356,CHARLOTTE BAG PINK POLKADOT,10,2011-02-15 14:19:00,0.85,15370.0,United Kingdom
576648,22662,LUNCH BAG DOLLY GIRL DESIGN,30,2011-11-16 10:32:00,1.65,14057.0,United Kingdom
556218,23108,SET OF 10 LED DOLLY LIGHTS,2,2011-06-09 14:18:00,6.25,17731.0,United Kingdom
580441,22771,CLEAR DRAWER KNOB ACRYLIC EDWARDIAN,12,2011-12-04 12:18:00,1.25,13808.0,United Kingdom
555278,23084,RABBIT NIGHT LIGHT,3,2011-06-01 17:33:00,4.13,,United Kingdom
549301,22138,BAKING SET 9 PIECE RETROSPOT ,3,2011-04-08 08:24:00,4.95,16643.0,United Kingdom
580904,23169,CLASSIC GLASS COOKIE JAR,1,2011-12-06 12:59:00,4.15,15311.0,United Kingdom
580054,22367,CHILDRENS APRON SPACEBOY DESIGN,3,2011-12-01 13:08:00,1.95,18122.0,United Kingdom
548733,22699,ROSES REGENCY TEACUP AND SAUCER ,6,2011-04-04 10:29:00,2.95,17648.0,United Kingdom
563538,23207,LUNCH BAG ALPHABET DESIGN,1,2011-08-17 11:48:00,1.65,17841.0,United Kingdom
542795,79000,MOROCCAN TEA GLASS,24,2011-02-01 10:59:00,0.85,18055.0,United Kingdom
546778,21159,MOODY BOY  DOOR HANGER ,3,2011-03-16 16:38:00,1.45,14572.0,United Kingdom
557502,84251C,"GREETING CARD, TWO SISTERS.",2,2011-06-20 15:32:00,0.83,,United Kingdom
578827,21774,DECORATIVE CATS BATHROOM BOTTLE,1,2011-11-25 14:25:00,2.46,,United Kingdom
541302,22469,HEART OF WICKER SMALL,12,2011-01-17 14:18:00,1.65,13769.0,United Kingdom
560426,85099C,JUMBO  BAG BAROQUE BLACK WHITE,10,2011-07-18 15:15:00,2.08,14038.0,United Kingdom
566024,22798,ANTIQUE GLASS DRESSING TABLE POT,8,2011-09-08 12:51:00,2.95,13871.0,United Kingdom
547223,21211,SET OF 72 SKULL PAPER  DOILIES,1,2011-03-21 15:10:00,1.45,12867.0,United Kingdom
562043,22605,WOODEN CROQUET GARDEN SET,1,2011-08-02 10:19:00,14.95,15342.0,United Kingdom
569635,23353,6 GIFT TAGS VINTAGE CHRISTMAS ,3,2011-10-05 12:13:00,0.83,12748.0,United Kingdom
558315,23007, SPACEBOY BABY GIFT SET,1,2011-06-28 11:44:00,16.95,15065.0,United Kingdom
581474,72819,CUPID DESIGN SCENTED CANDLES,1,2011-12-08 20:01:00,1.25,12748.0,United Kingdom
542664,21386,IVORY HANGING DECORATION  EGG,4,2011-01-31 12:14:00,1.63,,United Kingdom
561472,23243,SET OF TEA COFFEE SUGAR TINS PANTRY,4,2011-07-27 13:15:00,4.95,14911.0,EIRE
567139,22828,REGENCY MIRROR WITH SHUTTERS,1,2011-09-16 14:45:00,165.0,13563.0,United Kingdom
538351,20677,PINK POLKADOT BOWL,1,2010-12-10 15:17:00,3.36,,United Kingdom
551014,22328,ROUND SNACK BOXES SET OF 4 FRUITS ,6,2011-04-26 11:04:00,2.95,13209.0,United Kingdom
540550,21123,SET/10 IVORY POLKADOT PARTY CANDLES,24,2011-01-10 09:11:00,1.25,12539.0,Spain
577406,21479,WHITE SKULL HOT WATER BOTTLE ,4,2011-11-20 10:36:00,4.25,12702.0,Germany
562574,21212,PACK OF 72 RETROSPOT CAKE CASES,2,2011-08-07 12:42:00,0.55,14903.0,United Kingdom
545835,22861,EASTER TIN CHICKS IN GARDEN,1,2011-03-07 13:17:00,1.65,17654.0,United Kingdom
558075,84406B,CREAM CUPID HEARTS COAT HANGER,8,2011-06-24 17:07:00,4.15,17858.0,United Kingdom
551734,22664,TOY TIDY DOLLY GIRL DESIGN,5,2011-05-04 10:15:00,2.1,18178.0,United Kingdom
547867,22727,ALARM CLOCK BAKELIKE RED ,2,2011-03-27 13:56:00,3.75,13357.0,United Kingdom
549120,22521,CHILDS GARDEN TROWEL PINK,2,2011-04-06 13:28:00,0.85,14587.0,United Kingdom
560265,21509,COWBOYS AND INDIANS BIRTHDAY CARD ,24,2011-07-17 13:48:00,0.42,17863.0,United Kingdom
546133,22899,CHILDREN'S APRON DOLLY GIRL ,6,2011-03-09 15:20:00,2.1,14291.0,United Kingdom
578994,22667,RECIPE BOX RETROSPOT ,6,2011-11-27 15:44:00,2.95,14911.0,EIRE
574951,23284,DOORMAT KEEP CALM AND COME IN,2,2011-11-08 09:44:00,8.25,15763.0,United Kingdom
549953,22974,CHILDRENS DOLLY GIRL MUG,12,2011-04-13 13:15:00,1.65,12766.0,Portugal
580399,21115,ROSE CARAVAN DOORSTOP,2,2011-12-04 11:45:00,1.95,13471.0,United Kingdom
544479,21245,GREEN POLKADOT PLATE ,96,2011-02-21 10:28:00,1.45,14646.0,Netherlands
539337,21888,BINGO SET,4,2010-12-17 10:46:00,3.75,,EIRE
576093,22403,MAGNETS PACK OF 4 VINTAGE LABELS ,12,2011-11-14 09:05:00,0.39,17744.0,United Kingdom
573499,21192,check,-164,2011-10-31 12:01:00,0.0,,United Kingdom
578833,22993,SET OF 4 PANTRY JELLY MOULDS,6,2011-11-25 15:23:00,3.29,,United Kingdom
536742,21974,SET OF 36 PAISLEY FLOWER DOILIES,1,2010-12-02 13:14:00,1.45,16916.0,United Kingdom
537159,22765,NEWSPAPER STAND,1,2010-12-05 13:17:00,14.95,14527.0,United Kingdom
547034,22193,RED DINER WALL CLOCK,2,2011-03-20 10:30:00,8.5,18229.0,United Kingdom
551978,21745,GAOLERS KEYS DECORATIVE GARDEN ,4,2011-05-05 13:43:00,3.75,17527.0,United Kingdom
548919,22357,KINGS CHOICE BISCUIT TIN,4,2011-04-05 10:18:00,4.25,13013.0,United Kingdom
564553,23295,SET OF 12 MINI LOAF BAKING CASES,2,2011-08-25 18:45:00,0.83,18200.0,United Kingdom
543191,21212,PACK OF 72 RETROSPOT CAKE CASES,3,2011-02-04 11:54:00,0.55,13137.0,United Kingdom
541213,22718,CARD CAT AND TREE ,12,2011-01-14 13:28:00,0.42,15033.0,United Kingdom
576686,23263,SET OF 3 WOODEN HEART DECORATIONS,2,2011-11-16 12:08:00,1.25,16916.0,United Kingdom
539038,22666,RECIPE BOX PANTRY YELLOW DESIGN,6,2010-12-15 14:45:00,2.95,15641.0,United Kingdom
556290,23096,PETIT TRAY CHIC,12,2011-06-10 09:23:00,1.65,17088.0,United Kingdom
544468,22507,MEMO BOARD RETROSPOT  DESIGN,4,2011-02-21 08:33:00,4.95,,EIRE
539437,22525,CHILDRENS GARDEN GLOVES PINK,1,2010-12-17 14:54:00,2.51,,United Kingdom
575508,22951,60 CAKE CASES DOLLY GIRL DESIGN,240,2011-11-10 10:32:00,0.42,14646.0,Netherlands
544341,85152,HAND OVER THE CHOCOLATE   SIGN ,12,2011-02-18 09:43:00,2.1,13012.0,United Kingdom
561926,23245,SET OF 3 REGENCY CAKE TINS,8,2011-08-01 12:48:00,4.95,12749.0,United Kingdom
559506,84659A,WHITE TRAVEL ALARM CLOCK,1,2011-07-08 15:17:00,2.46,,United Kingdom
572037,23508,MINI PLAYING CARDS DOLLY GIRL ,12,2011-10-20 12:07:00,0.42,17365.0,United Kingdom
568095,20764,ABSTRACT CIRCLES SKETCHBOOK ,4,2011-09-23 14:49:00,3.75,14911.0,EIRE
565846,22361,GLASS JAR DAISY FRESH COTTON WOOL,2,2011-09-07 12:41:00,2.95,14606.0,United Kingdom
559535,23206,LUNCH BAG APPLE DESIGN,3,2011-07-10 12:16:00,1.65,17841.0,United Kingdom
555744,35965,FOLKART HEART NAPKIN RINGS,24,2011-06-07 10:44:00,0.79,18072.0,United Kingdom
555275,22494,EMERGENCY FIRST AID TIN ,1,2011-06-01 17:18:00,2.46,,United Kingdom
564754,22355,CHARLOTTE BAG SUKI DESIGN,1,2011-08-30 10:29:00,1.63,,United Kingdom
543382,47567B,TEA TIME KITCHEN APRON,1,2011-02-07 16:21:00,5.95,14030.0,United Kingdom
554356,22328,ROUND SNACK BOXES SET OF 4 FRUITS ,12,2011-05-24 09:25:00,2.95,12670.0,France
550712,21578,WOODLAND DESIGN  COTTON TOTE BAG,6,2011-04-20 11:06:00,2.25,15159.0,United Kingdom
570167,23344,JUMBO BAG 50'S CHRISTMAS ,20,2011-10-07 14:04:00,2.08,15615.0,United Kingdom
551250,47422,ASSORTED MONKEY SUCTION CUP HOOK,2,2011-04-27 12:00:00,0.42,17841.0,United Kingdom
572752,22624,IVORY KITCHEN SCALES,2,2011-10-25 17:22:00,8.5,17449.0,United Kingdom
568792,22086,PAPER CHAIN KIT 50'S CHRISTMAS ,40,2011-09-29 09:53:00,2.55,18192.0,United Kingdom
574711,22794,SWEETHEART WIRE MAGAZINE RACK,2,2011-11-06 14:20:00,7.95,14517.0,United Kingdom
580612,22308,TEA COSY BLUE STRIPE,1,2011-12-05 11:58:00,4.96,,United Kingdom
536990,20728,LUNCH BAG CARS BLUE,14,2010-12-03 15:14:00,1.65,12793.0,Portugal
537871,82582,AREA PATROLLED METAL SIGN,1,2010-12-08 17:20:00,2.1,12748.0,United Kingdom
568321,21976,PACK OF 60 MUSHROOM CAKE CASES,24,2011-09-26 13:36:00,0.55,13639.0,United Kingdom
580729,22905,CALENDAR IN SEASON DESIGN,2,2011-12-05 17:24:00,2.46,,United Kingdom
540364,20832,RED FLOCK LOVE HEART PHOTO FRAME,4,2011-01-06 16:03:00,0.85,14505.0,United Kingdom
562560,84569A,PACK 3 IRON ON DOG PATCHES,12,2011-08-05 17:12:00,1.25,14156.0,EIRE
538169,22470,HEART OF WICKER LARGE,4,2010-12-09 19:28:00,2.95,13230.0,United Kingdom
554961,21116,OWL DOORSTOP,1,2011-05-27 15:19:00,8.29,,United Kingdom
576840,23281,FOLDING BUTTERFLY MIRROR RED  ,1,2011-11-16 15:23:00,2.46,,United Kingdom
548968,21903,MAN FLU METAL SIGN,12,2011-04-05 10:58:00,2.1,12744.0,Singapore
566255,21977,PACK OF 60 PINK PAISLEY CAKE CASES,120,2011-09-11 12:23:00,0.42,13324.0,United Kingdom
564535,85062,PEARL CRYSTAL PUMPKIN T-LIGHT HLDR,12,2011-08-25 15:10:00,1.65,18075.0,United Kingdom
550953,22561,WOODEN SCHOOL COLOURING SET,1,2011-04-21 16:17:00,3.29,,United Kingdom
554016,23201,JUMBO BAG ALPHABET,4,2011-05-20 13:14:00,2.08,13243.0,United Kingdom
561430,23209,LUNCH BAG DOILEY PATTERN ,10,2011-07-27 11:29:00,1.65,15172.0,United Kingdom
569202,22686,FRENCH BLUE METAL DOOR SIGN No,1,2011-09-30 17:22:00,2.46,,United Kingdom
556812,85093,CANDY SPOT EGG WARMER HARE,6,2011-06-14 17:25:00,0.83,,United Kingdom
560926,22210,WOOD STAMP SET BEST WISHES,1,2011-07-22 09:20:00,0.83,,United Kingdom
560291,23049,RECYCLED ACAPULCO MAT RED,1,2011-07-18 10:17:00,16.63,,United Kingdom
564818,22029,SPACEBOY BIRTHDAY CARD,2,2011-08-30 12:10:00,0.83,,United Kingdom
559055,21928,JUMBO BAG SCANDINAVIAN BLUE PAISLEY,4,2011-07-05 17:09:00,4.13,,United Kingdom
C569655,22383,LUNCH BAG SUKI DESIGN ,-2,2011-10-05 12:58:00,1.65,14534.0,United Kingdom
574722,85061W,WHITE JEWELLED HEART DECORATION,6,2011-11-06 14:45:00,0.85,14502.0,United Kingdom
573387,22981,PANTRY APPLE CORER,1,2011-10-30 14:33:00,1.45,15054.0,United Kingdom
549575,84792,ENCHANTED BIRD COATHANGER 5 HOOK,2,2011-04-10 16:04:00,4.65,13956.0,United Kingdom
550968,22965,3 TRADITIONAl BISCUIT CUTTERS  SET,6,2011-04-21 16:59:00,2.1,14961.0,United Kingdom
546892,21212,PACK OF 72 RETROSPOT CAKE CASES,1,2011-03-17 18:20:00,1.25,,United Kingdom
559861,22033,BOTANICAL ROSE GREETING CARD,48,2011-07-13 10:27:00,0.42,15895.0,United Kingdom
573913,21980,PACK OF 12 RED RETROSPOT TISSUES ,24,2011-11-01 15:49:00,0.39,17653.0,United Kingdom
559052,35924,HANGING FAIRY CAKE DECORATION,9,2011-07-05 16:53:00,1.63,,United Kingdom
574297,85123A,WHITE HANGING HEART T-LIGHT HOLDER,6,2011-11-03 15:54:00,2.95,16602.0,United Kingdom
555533,21621,VINTAGE UNION JACK BUNTING,6,2011-06-05 12:12:00,8.5,15722.0,United Kingdom
559174,85183B,CHARLIE & LOLA WASTEPAPER BIN FLORA,12,2011-07-07 10:04:00,1.25,18263.0,United Kingdom
C540400,22469,HEART OF WICKER SMALL,-1,2011-01-07 09:25:00,1.65,16150.0,United Kingdom
561715,22996,TRAVEL CARD WALLET VINTAGE TICKET,24,2011-07-29 12:03:00,0.42,13102.0,United Kingdom
574740,22510,GINGHAM BABUSHKA DOORSTOP,12,2011-11-06 16:07:00,3.75,12357.0,Switzerland
574331,23583,LUNCH BAG PAISLEY PARK  ,10,2011-11-04 09:24:00,1.65,13178.0,United Kingdom
570348,23439,HAND WARMER RED LOVE HEART,12,2011-10-10 12:28:00,2.1,16982.0,United Kingdom
573945,22694,WICKER STAR ,12,2011-11-02 10:44:00,2.1,17663.0,United Kingdom
562200,22427,ENAMEL FLOWER JUG CREAM,3,2011-08-03 12:21:00,5.95,17719.0,United Kingdom
564039,23239,SET OF 4 KNICK KNACK TINS POPPIES,6,2011-08-22 12:40:00,4.15,12645.0,Germany
575477,23494,VINTAGE DOILY DELUXE SEWING KIT ,3,2011-11-09 16:14:00,12.46,,United Kingdom
575086,22847,BREAD BIN DINER STYLE IVORY,2,2011-11-08 13:52:00,16.95,16618.0,United Kingdom
566221,23417,BATHROOM HOOK,1,2011-09-09 16:13:00,3.29,,United Kingdom
553935,21907,I'M ON HOLIDAY METAL SIGN,12,2011-05-20 10:32:00,2.1,15856.0,United Kingdom
539245,22473,TV DINNER TRAY VINTAGE PAISLEY,1,2010-12-16 13:25:00,4.95,,United Kingdom
568674,22119,PEACE WOODEN BLOCK LETTERS,3,2011-09-28 13:30:00,6.95,12708.0,Germany
556724,23206,LUNCH BAG APPLE DESIGN,10,2011-06-14 11:26:00,1.65,16745.0,United Kingdom
570672,22866,HAND WARMER SCOTTY DOG DESIGN,12,2011-10-11 14:52:00,2.1,12536.0,France
574962,23453,OVAL  MINI PORTRAIT FRAME,8,2011-11-08 10:26:00,1.95,15194.0,United Kingdom
566092,21181,PLEASE ONE PERSON METAL SIGN,12,2011-09-09 10:42:00,2.1,13823.0,United Kingdom
559525,21212,PACK OF 72 RETROSPOT CAKE CASES,3,2011-07-10 10:30:00,0.55,16923.0,United Kingdom
558636,22908,PACK OF 20 NAPKINS RED APPLES,2,2011-06-30 19:58:00,0.85,14702.0,United Kingdom
576236,22179,SET 10 NIGHT OWL LIGHTS,1,2011-11-14 13:31:00,6.75,13755.0,United Kingdom
573665,21888,BINGO SET,4,2011-10-31 16:24:00,3.75,13982.0,United Kingdom
C576908,22551,PLASTERS IN TIN SPACEBOY,-1,2011-11-17 09:39:00,1.65,12670.0,France
578068,22556,PLASTERS IN TIN CIRCUS PARADE ,1,2011-11-22 15:45:00,1.65,14505.0,United Kingdom
575514,21974,SET OF 36 PAISLEY FLOWER DOILIES,12,2011-11-10 10:40:00,1.45,12541.0,Spain
565117,22169,FAMILY ALBUM WHITE PICTURE FRAME,6,2011-09-01 11:33:00,8.5,13089.0,United Kingdom
578698,23319,BOX OF 6 MINI 50'S CRACKERS,6,2011-11-25 10:20:00,2.49,12620.0,France
567161,23316,RED REFECTORY CLOCK ,2,2011-09-18 10:46:00,9.95,15947.0,United Kingdom
578944,23493,VINTAGE DOILY TRAVEL SEWING KIT,2,2011-11-27 13:41:00,1.95,16005.0,United Kingdom
580400,22910,PAPER CHAIN KIT VINTAGE CHRISTMAS,6,2011-12-04 11:50:00,2.95,16561.0,United Kingdom
569027,23230,WRAP ALPHABET DESIGN,25,2011-09-30 10:19:00,0.42,13089.0,United Kingdom
566489,22773,GREEN DRAWER KNOB ACRYLIC EDWARDIAN,12,2011-09-13 10:17:00,1.25,16814.0,United Kingdom
580777,21286,RETROSPOT CANDLE  LARGE,12,2011-12-06 11:06:00,0.59,14547.0,United Kingdom
569202,20725,LUNCH BAG RED RETROSPOT,2,2011-09-30 17:22:00,4.13,,United Kingdom
577317,23582,VINTAGE DOILY JUMBO BAG RED ,1,2011-11-18 13:33:00,2.08,16426.0,United Kingdom
558475,22085,PAPER CHAIN KIT SKULLS ,5,2011-06-29 15:58:00,2.46,,United Kingdom
566049,23079,TOADSTOOL BEDSIDE LIGHT ,2,2011-09-08 14:28:00,8.95,15730.0,United Kingdom
550942,22855,FINE WICKER HEART ,12,2011-04-21 15:51:00,1.25,16587.0,United Kingdom
559133,23242,TREASURE TIN BUFFALO BILL ,22,2011-07-06 13:13:00,2.08,17861.0,United Kingdom
575138,23080,RED METAL BOX TOP SECRET,3,2011-11-08 15:24:00,16.63,,United Kingdom
542087,22961,JAM MAKING SET PRINTED,12,2011-01-25 12:35:00,1.45,14849.0,United Kingdom
559051,22609,PENS ASSORTED SPACEBALL,14,2011-07-05 16:47:00,0.42,,United Kingdom
554671,20685,DOORMAT RED RETROSPOT,2,2011-05-25 15:47:00,7.95,14009.0,United Kingdom
539444,22074,6 RIBBONS SHIMMERING PINKS ,12,2010-12-17 15:52:00,1.65,14146.0,United Kingdom
572309,22632,HAND WARMER RED RETROSPOT,4,2011-10-23 15:29:00,2.1,14432.0,United Kingdom
556792,22543,MINI JIGSAW BAKE A CAKE ,10,2011-06-14 13:52:00,0.42,17043.0,United Kingdom
576607,22818,CARD CHRISTMAS VILLAGE,24,2011-11-15 15:42:00,0.42,12474.0,Germany
541371,22077,6 RIBBONS RUSTIC CHARM,6,2011-01-17 14:51:00,1.65,13983.0,United Kingdom
580367,22798,ANTIQUE GLASS DRESSING TABLE POT,1,2011-12-02 16:39:00,5.79,,United Kingdom
556579,48184,DOORMAT ENGLISH ROSE ,2,2011-06-13 14:16:00,7.95,15069.0,United Kingdom
575875,23204,CHARLOTTE BAG APPLES DESIGN,2,2011-11-11 13:06:00,1.63,,United Kingdom
541675,22957,SET 3 PAPER VINTAGE CHICK PAPER EGG,6,2011-01-20 13:49:00,2.95,12402.0,Belgium
541516,21556,CERAMIC STRAWBERRY MONEY BOX,1,2011-01-18 17:34:00,2.46,,United Kingdom
556479,22569,FELTCRAFT CUSHION BUTTERFLY,6,2011-06-12 12:50:00,3.75,16983.0,United Kingdom
550206,22379,RECYCLING BAG RETROSPOT ,3,2011-04-15 10:38:00,4.96,,United Kingdom
537638,90158,ST TROPEZ NECKLACE,1,2010-12-07 15:28:00,5.09,,United Kingdom
558711,79063C,"RETRO PILL BOX KEY CHAIN,THE KING",1,2011-07-01 13:05:00,0.19,15483.0,United Kingdom
558704,22749,FELTCRAFT PRINCESS CHARLOTTE DOLL,4,2011-07-01 12:50:00,3.75,17505.0,United Kingdom
558447,21931,JUMBO STORAGE BAG SUKI,100,2011-06-29 13:40:00,1.79,15311.0,United Kingdom
573665,23569,TRADTIONAL ALPHABET STAMP SET,12,2011-10-31 16:24:00,4.95,13982.0,United Kingdom
571201,22751,FELTCRAFT PRINCESS OLIVIA DOLL,12,2011-10-14 12:28:00,3.39,14937.0,Channel Islands
538201,22665,RECIPE BOX BLUE SKETCHBOOK DESIGN,1,2010-12-10 11:12:00,2.95,15723.0,United Kingdom
567183,21577,SAVE THE PLANET COTTON TOTE BAG,4,2011-09-18 15:32:00,2.25,14769.0,United Kingdom
570195,23203,JUMBO BAG VINTAGE DOILY ,20,2011-10-07 15:38:00,2.08,14825.0,United Kingdom
580389,22627,MINT KITCHEN SCALES,2,2011-12-04 10:35:00,8.5,12952.0,United Kingdom
573585,21147,JINGLE BELLS TREE DECORATION,5,2011-10-31 14:41:00,1.63,,United Kingdom
572035,21788,KIDS RAIN MAC BLUE,144,2011-10-20 12:03:00,0.65,14646.0,Netherlands
566281,23235,STORAGE TIN VINTAGE LEAF,6,2011-09-11 14:15:00,2.89,12748.0,United Kingdom
547892,22631,CIRCUS PARADE LUNCH BOX ,12,2011-03-28 10:15:00,1.95,12669.0,France
544398,21949,SET OF 6 STRAWBERRY CHOPSTICKS,6,2011-02-18 12:27:00,1.25,15311.0,United Kingdom
549614,20902,VINTAGE KEEPSAKE BOX PARIS DAYS,2,2011-04-11 11:38:00,6.35,12720.0,Germany
538354,22432,WATERING CAN PINK BUNNY,6,2010-12-10 15:45:00,1.95,16873.0,United Kingdom
574305,21802,CHRISTMAS TREE HEART DECORATION,26,2011-11-03 16:30:00,0.42,18081.0,United Kingdom
559661,21658,GLASS  BEURRE DISH,8,2011-07-11 13:22:00,3.95,18061.0,United Kingdom
578995,21210,SET OF 72 RETROSPOT PAPER  DOILIES,2,2011-11-27 15:59:00,1.45,15861.0,United Kingdom
554677,20664,,9,2011-05-25 16:03:00,0.0,,United Kingdom
541592,85032D,YULETIDE IMAGES GIFT WRAP SET,3,2011-01-19 15:08:00,1.63,,United Kingdom
552563,22718,CARD CAT AND TREE ,12,2011-05-10 11:54:00,0.42,17597.0,United Kingdom
571654,21430,SET/3 RED GINGHAM ROSE STORAGE BOX,1,2011-10-18 12:17:00,3.75,18118.0,United Kingdom
575740,22595,GINGHAM HEART DECORATION,12,2011-11-11 09:25:00,0.85,18130.0,United Kingdom
561926,22626,BLACK KITCHEN SCALES,2,2011-08-01 12:48:00,8.5,12749.0,United Kingdom
572553,21175,GIN + TONIC DIET METAL SIGN,3,2011-10-24 17:09:00,4.96,,United Kingdom
572872,22507,MEMO BOARD RETROSPOT  DESIGN,2,2011-10-26 13:27:00,4.95,15320.0,United Kingdom
579512,22666,RECIPE BOX PANTRY YELLOW DESIGN,2,2011-11-29 16:47:00,5.79,,United Kingdom
545568,22178,VICTORIAN GLASS HANGING T-LIGHT,4,2011-03-03 16:22:00,2.46,,United Kingdom
566060,82484,WOOD BLACK BOARD ANT WHITE FINISH,2,2011-09-08 15:27:00,16.63,,United Kingdom
544768,20712,JUMBO BAG WOODLAND ANIMALS,3,2011-02-23 11:10:00,4.13,,United Kingdom
564306,21280,VINTAGE KITCHEN PRINT VEGETABLES,12,2011-08-24 12:23:00,2.55,17865.0,United Kingdom
C579785,22666,RECIPE BOX PANTRY YELLOW DESIGN,-1,2011-11-30 15:29:00,2.95,12584.0,Italy
577527,22310,IVORY KNITTED MUG COSY ,3,2011-11-20 13:40:00,1.65,17523.0,United Kingdom
579777,35964,FOLKART CLIP ON STARS,2,2011-11-30 15:13:00,0.83,,United Kingdom
537240,15056N,EDWARDIAN PARASOL NATURAL,3,2010-12-06 10:08:00,5.95,,United Kingdom
580396,22734,SET OF 6 RIBBONS VINTAGE CHRISTMAS,1,2011-12-04 11:00:00,2.89,13838.0,United Kingdom
554054,22342,HOME GARLAND PAINTED ZINC ,1,2011-05-20 15:29:00,3.29,,United Kingdom
545696,22697,GREEN REGENCY TEACUP AND SAUCER,3,2011-03-06 14:21:00,2.95,15696.0,United Kingdom
541422,84968D,SET OF 16 VINTAGE RED CUTLERY,3,2011-01-17 17:48:00,8.29,,United Kingdom
573122,22694,WICKER STAR ,2,2011-10-27 16:23:00,2.1,14357.0,United Kingdom
554674,22953,BIRTHDAY PARTY CORDON BARRIER TAPE,1,2011-05-25 16:01:00,1.25,14522.0,United Kingdom
540265,22907,PACK OF 20 NAPKINS PANTRY DESIGN,12,2011-01-06 10:46:00,0.85,15271.0,United Kingdom
552229,21531,RED RETROSPOT SUGAR JAM BOWL,1,2011-05-06 15:40:00,4.96,,United Kingdom
554114,21615,4 LAVENDER BOTANICAL DINNER CANDLES,1,2011-05-22 15:00:00,3.75,15292.0,United Kingdom
543350,22200,FRYING PAN PINK POLKADOT,1,2011-02-07 13:15:00,4.25,13809.0,Cyprus
550004,22649,STRAWBERRY FAIRY CAKE TEAPOT,16,2011-04-14 09:56:00,4.95,12569.0,Germany
575939,22947,WOODEN ADVENT CALENDAR RED,5,2011-11-13 11:37:00,7.95,13004.0,United Kingdom
567372,20724,RED RETROSPOT CHARLOTTE BAG,20,2011-09-20 09:24:00,0.85,14191.0,United Kingdom
562575,85078,SCANDINAVIAN 3 HEARTS NAPKIN RING,24,2011-08-07 12:54:00,0.19,15411.0,United Kingdom
566976,85099F,JUMBO BAG STRAWBERRY,20,2011-09-16 09:27:00,2.08,15382.0,United Kingdom
563073,21790,VINTAGE SNAP CARDS,12,2011-08-11 15:56:00,0.85,18235.0,United Kingdom
541497,20713,JUMBO BAG OWLS,2,2011-01-18 15:19:00,4.13,,United Kingdom
565225,21291,SMALL POLKADOT CHOCOLATE GIFT BAG ,32,2011-09-01 19:34:00,0.85,16808.0,United Kingdom
553691,21408,SPOTTY PINK DUCK DOORSTOP,1,2011-05-18 14:08:00,4.25,15311.0,United Kingdom
543739,20828,GLITTER BUTTERFLY CLIPS,6,2011-02-11 12:49:00,2.55,15550.0,United Kingdom
571671,22079,RIBBON REEL HEARTS DESIGN ,2,2011-10-18 13:15:00,1.65,16940.0,United Kingdom
543981,22933,BAKING MOULD EASTER EGG MILK CHOC,6,2011-02-15 08:18:00,2.95,15358.0,United Kingdom
574561,22703,PINK CAT BOWL,2,2011-11-04 15:52:00,1.63,,United Kingdom
579184,22144,CHRISTMAS CRAFT LITTLE FRIENDS,6,2011-11-28 15:17:00,2.1,16746.0,United Kingdom
548315,22423,REGENCY CAKESTAND 3 TIER,16,2011-03-30 12:34:00,10.95,16019.0,United Kingdom
565350,85208,SET/12 FUNKY FELT FLOWER PEG IN BAG,1,2011-09-02 14:42:00,2.1,14178.0,United Kingdom
569897,21407,BROWN CHECK CAT DOORSTOP ,1,2011-10-06 16:01:00,4.25,17813.0,United Kingdom
561969,22607,WOODEN ROUNDERS GARDEN SET ,1,2011-08-01 13:31:00,9.95,17757.0,United Kingdom
564818,21889,WOODEN BOX OF DOMINOES,1,2011-08-30 12:10:00,2.46,,United Kingdom
551346,21866,UNION JACK FLAG LUGGAGE TAG,12,2011-04-28 09:12:00,1.25,12362.0,Belgium
539663,22481,BLACK TEA TOWEL CLASSIC DESIGN,4,2010-12-21 10:26:00,1.25,17961.0,United Kingdom
561648,22123,PING MICROWAVE APRON,5,2011-07-28 15:21:00,1.95,15746.0,United Kingdom
560281,22534,MAGIC DRAWING SLATE SPACEBOY ,2,2011-07-17 15:59:00,0.42,17984.0,United Kingdom
547036,21914,BLUE HARMONICA IN BOX ,24,2011-03-20 10:35:00,1.25,17017.0,United Kingdom
563350,22111,SCOTTIE DOG HOT WATER BOTTLE,2,2011-08-15 14:10:00,4.95,14498.0,United Kingdom
569667,23396,LE JARDIN BOTANIQUE CUSHION COVER,4,2011-10-05 13:42:00,3.75,17521.0,United Kingdom
544673,90186B,CRYSTAL HOOP EARRING FLORAL LEAF,1,2011-02-22 15:46:00,2.95,13421.0,United Kingdom
543629,21889,WOODEN BOX OF DOMINOES,1,2011-02-10 15:55:00,3.29,,United Kingdom
545713,22746,POPPY'S PLAYHOUSE LIVINGROOM ,1,2011-03-07 10:12:00,3.29,,United Kingdom
559673,23206,LUNCH BAG APPLE DESIGN,10,2011-07-11 14:10:00,1.65,13224.0,United Kingdom
574740,22714,CARD BIRTHDAY COWBOY,24,2011-11-06 16:07:00,0.42,12357.0,Switzerland
553184,21908,CHOCOLATE THIS WAY METAL SIGN,1,2011-05-15 12:33:00,2.1,13232.0,United Kingdom
571458,21761,damaged,-2,2011-10-17 14:02:00,0.0,,United Kingdom
537224,70006,LOVE HEART POCKET WARMER,2,2010-12-05 16:24:00,1.65,13174.0,United Kingdom
543124,22241,GARLAND WOODEN HAPPY EASTER,12,2011-02-03 14:15:00,1.25,15311.0,United Kingdom
559337,22553,PLASTERS IN TIN SKULLS,1,2011-07-07 16:27:00,3.29,,United Kingdom
577844,21154,RED RETROSPOT OVEN GLOVE ,6,2011-11-22 10:41:00,3.29,,United Kingdom
576779,23081,GREEN METAL BOX ARMY SUPPLIES,2,2011-11-16 13:25:00,8.25,14554.0,United Kingdom
574009,22714,CARD BIRTHDAY COWBOY,12,2011-11-02 11:49:00,0.42,15750.0,United Kingdom
572192,35833P,4 PINK FLOCK CHRISTMAS BALLS,1,2011-10-21 11:30:00,1.25,18118.0,United Kingdom
574340,23502,PLAYING CARDS VINTAGE DOILY ,5,2011-11-04 10:08:00,1.25,17377.0,United Kingdom
578248,22723,SET OF 6 HERB TINS SKETCHBOOK,3,2011-11-23 12:40:00,3.95,16255.0,United Kingdom
560723,72760B,VINTAGE CREAM 3 BASKET CAKE STAND,1,2011-07-20 13:53:00,9.95,16464.0,United Kingdom
545812,21976,PACK OF 60 MUSHROOM CAKE CASES,24,2011-03-07 12:26:00,0.55,14214.0,United Kingdom
560997,20725,LUNCH BAG RED RETROSPOT,20,2011-07-22 13:59:00,1.65,12627.0,Germany
540832,22327,ROUND SNACK BOXES SET OF 4 SKULLS,4,2011-01-11 14:42:00,6.63,,United Kingdom
537374,22910,PAPER CHAIN KIT VINTAGE CHRISTMAS,1,2010-12-06 12:55:00,2.95,17259.0,United Kingdom
576518,23464,VINTAGE ZINC WATERING CAN SMALL,1,2011-11-15 12:25:00,4.95,16361.0,United Kingdom
548737,15056P,EDWARDIAN PARASOL PINK,3,2011-04-04 11:18:00,5.95,12682.0,France
567817,23301,GARDENERS KNEELING PAD KEEP CALM ,6,2011-09-22 12:41:00,1.65,15005.0,United Kingdom
574547,21866,UNION JACK FLAG LUGGAGE TAG,1,2011-11-04 15:08:00,1.25,17841.0,United Kingdom
552652,21464,DISCO BALL ROTATOR BATTERY OPERATED,1,2011-05-10 14:09:00,4.25,14591.0,United Kingdom
544778,21497,FANCY FONTS BIRTHDAY WRAP,25,2011-02-23 12:03:00,0.42,14978.0,United Kingdom
C574712,22778,GLASS CLOCHE SMALL,-1,2011-11-06 14:25:00,3.95,14502.0,United Kingdom
557293,23302,KNEELING MAT HOUSEWORK  DESIGN,2,2011-06-19 13:26:00,1.65,16326.0,United Kingdom
579001,20728,LUNCH BAG CARS BLUE,3,2011-11-27 16:19:00,1.65,15555.0,United Kingdom
573305,22645,CERAMIC HEART FAIRY CAKE MONEY BANK,4,2011-10-28 16:13:00,1.45,17837.0,United Kingdom
548312,21408,SPOTTY PINK DUCK DOORSTOP,4,2011-03-30 12:12:00,4.25,16059.0,United Kingdom
544368,21563,RED HEART SHAPE LOVE BUCKET ,1,2011-02-18 11:27:00,2.95,14057.0,United Kingdom
548894,22678,FRENCH BLUE METAL DOOR SIGN 3,1,2011-04-04 16:01:00,2.46,,United Kingdom
556886,21094,SET/6 RED SPOTTY PAPER PLATES,12,2011-06-15 12:34:00,0.85,12624.0,France
569566,22738,RIBBON REEL SNOWY VILLAGE,30,2011-10-05 09:55:00,1.65,14739.0,United Kingdom
571438,21754,HOME BUILDING BLOCK WORD,3,2011-10-17 13:25:00,6.25,15066.0,United Kingdom
538709,22759,SET OF 3 NOTEBOOKS IN PARCEL,1,2010-12-14 10:46:00,1.65,16442.0,United Kingdom
C571925,85185B,PINK HORSE SOCK PUPPET KIT,-1,2011-10-19 16:31:00,2.95,13115.0,United Kingdom
575728,20985,HEART CALCULATOR,12,2011-11-10 19:40:00,1.25,14911.0,EIRE
539742,22301,COFFEE MUG CAT + BIRD DESIGN,1,2010-12-21 15:20:00,5.06,,United Kingdom
572771,22554,PLASTERS IN TIN WOODLAND ANIMALS,12,2011-10-26 10:24:00,1.65,16173.0,United Kingdom
562596,23203,JUMBO BAG DOILEY PATTERNS,10,2011-08-08 09:22:00,2.08,16145.0,United Kingdom
578947,17003,BROCADE RING PURSE ,36,2011-11-27 13:49:00,0.39,14547.0,United Kingdom
576639,21695,SMALL SILVER FLOWER CANDLE POT,6,2011-11-16 09:43:00,2.95,13894.0,United Kingdom
559000,22893,MINI CAKE STAND T-LIGHT HOLDER,12,2011-07-05 12:15:00,0.42,14099.0,United Kingdom
581251,22326,ROUND SNACK BOXES SET OF4 WOODLAND ,6,2011-12-08 11:02:00,2.95,18210.0,United Kingdom
568721,20679,EDWARDIAN PARASOL RED,1,2011-09-28 16:24:00,12.46,,United Kingdom
570235,84836,ZINC METAL HEART DECORATION,2,2011-10-09 14:30:00,1.25,13193.0,United Kingdom
581514,22644,CERAMIC CHERRY CAKE MONEY BANK,4,2011-12-09 11:20:00,0.39,17754.0,United Kingdom
541969,22183,CAKE STAND VICTORIAN FILIGREE MED,2,2011-01-24 13:46:00,5.79,,United Kingdom
555115,20726,LUNCH BAG WOODLAND,5,2011-05-31 14:58:00,4.96,,United Kingdom
539415,22617,BAKING SET SPACEBOY DESIGN,12,2010-12-17 13:49:00,4.95,15204.0,United Kingdom
568040,23168,CLASSIC CAFE SUGAR DISPENSER,12,2011-09-23 12:09:00,1.25,12681.0,France
556722,23092,LARGE ANTIQUE WHITE PHOTO FRAME,2,2011-06-14 11:23:00,7.9,17428.0,United Kingdom
569700,DOT,DOTCOM POSTAGE,1,2011-10-05 15:56:00,195.37,,United Kingdom
544400,22082,RIBBON REEL STRIPES DESIGN ,50,2011-02-18 12:31:00,1.65,14101.0,United Kingdom
543732,21931,JUMBO STORAGE BAG SUKI,3,2011-02-11 12:02:00,4.13,,United Kingdom
543899,22503,CABIN BAG VINTAGE PAISLEY,6,2011-02-14 12:11:00,24.95,,EIRE
550208,22271,FELTCRAFT DOLL ROSIE,1,2011-04-15 10:39:00,5.79,,United Kingdom
547250,21354,TOAST ITS - BEST MUM,10,2011-03-22 09:30:00,2.46,,United Kingdom
567944,21621,VINTAGE UNION JACK BUNTING,3,2011-09-22 19:54:00,8.5,14562.0,United Kingdom
561670,21034,REX CASH+CARRY JUMBO SHOPPER,1,2011-07-28 17:15:00,0.95,17373.0,United Kingdom
556127,22620,4 TRADITIONAL SPINNING TOPS,12,2011-06-09 10:23:00,1.45,12406.0,Denmark
552949,23148,MINIATURE ANTIQUE ROSE HOOK IVORY,4,2011-05-12 12:01:00,0.83,16033.0,United Kingdom
576665,23118,PARISIENNE JEWELLERY DRAWER ,1,2011-11-16 11:46:00,7.5,17841.0,United Kingdom
554920,22841,ROUND CAKE TIN VINTAGE GREEN,2,2011-05-27 12:41:00,7.95,16275.0,United Kingdom
579546,85099C,JUMBO  BAG BAROQUE BLACK WHITE,3,2011-11-30 10:37:00,2.08,,United Kingdom
537240,22444,GROW YOUR OWN PLANT IN A CAN ,6,2010-12-06 10:08:00,2.51,,United Kingdom
540179,22653,BUTTON BOX ,2,2011-01-05 12:54:00,1.95,16033.0,United Kingdom
541283,84992,72 SWEETHEART FAIRY CAKE CASES,24,2011-01-17 12:34:00,0.55,12820.0,United Kingdom
544941,47566,PARTY BUNTING,4,2011-02-25 10:25:00,4.95,12841.0,United Kingdom
541850,85187,S/12 MINI RABBIT EASTER,2,2011-01-23 13:58:00,1.65,14224.0,United Kingdom
569894,22417,PACK OF 60 SPACEBOY CAKE CASES,1,2011-10-06 15:53:00,0.55,15707.0,United Kingdom
575875,21169,YOU'RE CONFUSING ME METAL SIGN ,1,2011-11-11 13:06:00,4.13,,United Kingdom
552044,21124,SET/10 BLUE POLKADOT PARTY CANDLES,24,2011-05-06 09:14:00,1.25,17423.0,United Kingdom
547385,85204,HANGING WOOD AND FELT FLOWER,1,2011-03-22 15:48:00,0.42,,United Kingdom
551218,22917,HERB MARKER ROSEMARY,3,2011-04-27 11:41:00,0.65,18077.0,United Kingdom
543973,84879,ASSORTED COLOUR BIRD ORNAMENT,12,2011-02-14 15:15:00,1.69,17571.0,United Kingdom
575481,21731,RED TOADSTOOL LED NIGHT LIGHT,1,2011-11-09 16:28:00,1.65,15679.0,United Kingdom
538071,22595,CHRISTMAS GINGHAM HEART,12,2010-12-09 14:09:00,1.66,,United Kingdom
569705,22199,FRYING PAN RED RETROSPOT,4,2011-10-05 16:15:00,4.25,15762.0,United Kingdom
554514,21900,"KEY FOB , SHED",1,2011-05-24 15:58:00,1.63,,United Kingdom
548728,22352,LUNCH BOX WITH CUTLERY RETROSPOT ,6,2011-04-04 09:55:00,2.55,13198.0,United Kingdom
563448,22715,CARD WEDDING DAY,12,2011-08-16 14:28:00,0.42,15220.0,United Kingdom
580136,22629,SPACEBOY LUNCH BOX ,1,2011-12-01 19:42:00,1.95,17841.0,United Kingdom
542106,21217,RED RETROSPOT ROUND CAKE TINS,24,2011-01-25 13:37:00,8.95,12709.0,Germany
549295,22196,SMALL HEART MEASURING SPOONS,1,2011-04-07 19:49:00,1.63,,United Kingdom
555115,23298,SPOTTY BUNTING,6,2011-05-31 14:58:00,10.79,,United Kingdom
550779,23206,LUNCH BAG APPLE DESIGN,100,2011-04-20 13:36:00,1.45,17511.0,United Kingdom
548565,21936,RED RETROSPOT PICNIC BAG,5,2011-04-01 10:23:00,2.95,16180.0,United Kingdom
581424,23394,POSTE FRANCE CUSHION COVER,4,2011-12-08 15:29:00,3.75,13890.0,United Kingdom
548012,22900, SET 2 TEA TOWELS I LOVE LONDON ,20,2011-03-29 11:15:00,2.95,17377.0,United Kingdom
544204,22457,NATURAL SLATE HEART CHALKBOARD ,1,2011-02-17 10:30:00,5.79,,United Kingdom
563193,23227,FILIGREE HEART BUTTERFLY WHITE ,1,2011-08-12 16:30:00,2.46,,United Kingdom
577742,84279P,CHERRY BLOSSOM  DECORATIVE FLASK,2,2011-11-21 13:41:00,3.75,13755.0,United Kingdom
574734,23209,LUNCH BAG VINTAGE DOILY ,1,2011-11-06 15:20:00,1.65,15025.0,United Kingdom
540995,22134,MINI LADLE LOVE HEART RED ,1,2011-01-13 09:30:00,0.42,,United Kingdom
560998,21992,VINTAGE PAISLEY STATIONERY SET,12,2011-07-22 14:07:00,1.25,14243.0,United Kingdom
579470,22547,MINI JIGSAW DINOSAUR ,1,2011-11-29 15:06:00,0.42,16549.0,United Kingdom
557846,22423,REGENCY CAKESTAND 3 TIER,1,2011-06-23 10:44:00,12.75,17365.0,United Kingdom
559465,20725,LUNCH BAG RED RETROSPOT,100,2011-07-08 13:26:00,1.45,14680.0,United Kingdom
540418,21221,SET/4 BADGES CUTE CREATURES,1,2011-01-07 11:04:00,0.85,,United Kingdom
572540,22469,HEART OF WICKER SMALL,3,2011-10-24 16:17:00,4.13,,United Kingdom
540239,21915,RED  HARMONICA IN BOX ,12,2011-01-05 14:48:00,1.25,12682.0,France
561085,21928,JUMBO BAG SCANDINAVIAN BLUE PAISLEY,10,2011-07-25 09:26:00,2.08,14367.0,United Kingdom
560552,20829,GLITTER HANGING BUTTERFLY STRING,3,2011-07-19 12:54:00,2.1,15311.0,United Kingdom
538849,22070,SMALL RED RETROSPOT MUG IN BOX ,3,2010-12-14 13:31:00,3.75,14415.0,United Kingdom
568668,84510A,SET OF 4 ENGLISH ROSE COASTERS,3,2011-09-28 13:00:00,1.25,15750.0,United Kingdom
569424,22436,12 COLOURED PARTY BALLOONS,10,2011-10-04 10:49:00,0.65,15529.0,United Kingdom
550916,21231,SWEETHEART CERAMIC TRINKET BOX,24,2011-04-21 13:39:00,1.25,17718.0,United Kingdom
560115,22425,ENAMEL COLANDER CREAM,1,2011-07-15 10:05:00,4.95,17841.0,United Kingdom
537472,21802,CHRISTMAS TREE HEART DECORATION,36,2010-12-07 11:11:00,0.42,12971.0,United Kingdom
559036,23307,SET OF 60 PANTRY DESIGN CAKE CASES ,24,2011-07-05 15:14:00,0.55,12637.0,France
541485,85152,HAND OVER THE CHOCOLATE   SIGN ,1,2011-01-18 13:05:00,2.1,18118.0,United Kingdom
575886,21212,PACK OF 72 RETROSPOT CAKE CASES,12,2011-11-11 13:57:00,0.55,12517.0,Germany
571034,23171,REGENCY TEA PLATE GREEN ,12,2011-10-13 12:47:00,1.65,12359.0,Cyprus
541424,84971S,SMALL HEART FLOWERS HOOK ,3,2011-01-17 17:57:00,1.63,,United Kingdom
551982,22327,ROUND SNACK BOXES SET OF 4 SKULLS,3,2011-05-05 13:56:00,2.95,15023.0,United Kingdom
577485,23583,LUNCH BAG PAISLEY PARK  ,2,2011-11-20 11:56:00,1.65,16360.0,United Kingdom
559338,22613,PACK OF 20 SPACEBOY NAPKINS,2,2011-07-07 16:30:00,1.63,,United Kingdom
566559,22988,SOLDIERS EGG CUP ,12,2011-09-13 11:52:00,1.25,18044.0,United Kingdom
558864,22849,BREAD BIN DINER STYLE MINT,1,2011-07-04 12:38:00,16.95,,EIRE
C576974,22467,GUMBALL COAT RACK,-1,2011-11-17 11:52:00,2.55,12474.0,Germany
570818,21559,STRAWBERRY LUNCH BOX WITH CUTLERY,1,2011-10-12 12:47:00,2.55,17841.0,United Kingdom
570127,22699,ROSES REGENCY TEACUP AND SAUCER ,3,2011-10-07 13:17:00,2.95,16900.0,United Kingdom
565473,21519,GIN & TONIC DIET GREETING CARD ,12,2011-09-05 10:27:00,0.42,16717.0,United Kingdom
564838,15036,ASSORTED COLOURS SILK FAN,3,2011-08-30 12:43:00,1.63,,United Kingdom
566446,22758,LARGE PURPLE BABUSHKA NOTEBOOK  ,1,2011-09-12 15:40:00,2.46,,United Kingdom
547649,22517,CHILDS GARDEN RAKE PINK,2,2011-03-24 12:02:00,2.1,18118.0,United Kingdom
569372,84997D,CHILDRENS CUTLERY POLKADOT PINK,1,2011-10-03 16:04:00,8.29,,United Kingdom
552169,21380,WOODEN HAPPY BIRTHDAY GARLAND,12,2011-05-06 12:44:00,2.95,17800.0,United Kingdom
537666,22183,CAKE STAND VICTORIAN FILIGREE MED,1,2010-12-07 18:36:00,5.91,,United Kingdom
556502,22147,FELTCRAFT BUTTERFLY HEARTS,12,2011-06-13 08:43:00,1.45,13761.0,United Kingdom
566300,21181,PLEASE ONE PERSON METAL SIGN,24,2011-09-11 16:05:00,2.1,18215.0,United Kingdom
576644,22634,CHILDS BREAKFAST SET SPACEBOY ,1,2011-11-16 10:01:00,19.96,,United Kingdom
544483,21088,SET/6 FRUIT SALAD PAPER CUPS,24,2011-02-21 10:53:00,0.65,12524.0,Germany
579471,23045,PAPER LANTERN 5 POINT STAR MOON ,1,2011-11-29 15:08:00,8.29,,United Kingdom
554278,22913,RED COAT RACK PARIS FASHION,1,2011-05-23 13:25:00,4.95,13831.0,United Kingdom
564137,22412,METAL SIGN NEIGHBOURHOOD WITCH ,12,2011-08-23 11:30:00,2.1,15722.0,United Kingdom
546569,23193,BUFFALO BILL TREASURE BOOK BOX,8,2011-03-15 10:53:00,2.25,14016.0,EIRE
559134,22383,LUNCH BAG SUKI DESIGN ,10,2011-07-06 13:14:00,1.65,12700.0,France
559923,85131D,BEADED CRYSTAL HEART PINK ON STICK,3,2011-07-13 16:07:00,0.83,,United Kingdom
554285,20682,RED RETROSPOT CHILDRENS UMBRELLA,1,2011-05-23 14:15:00,6.63,,United Kingdom
573119,23504,PLAYING CARDS JUBILEE UNION JACK,48,2011-10-27 16:21:00,1.25,15498.0,United Kingdom
546980,21217,RED RETROSPOT ROUND CAKE TINS,2,2011-03-18 12:18:00,9.95,13591.0,United Kingdom
558368,82613D,METAL SIGN CUPCAKE SINGLE HOOK,8,2011-06-28 15:36:00,1.25,14329.0,United Kingdom
576837,23219,LAUREL STAR ANTIQUE SILVER ,1,2011-11-16 15:16:00,2.46,,United Kingdom
553386,22966,GINGERBREAD MAN COOKIE CUTTER,24,2011-05-16 16:22:00,1.25,13381.0,United Kingdom
541516,35646,VINTAGE BEAD PINK EVENING BAG,3,2011-01-18 17:34:00,2.46,,United Kingdom
545399,20725,LUNCH BAG RED RETROSPOT,10,2011-03-02 11:48:00,1.65,14934.0,Channel Islands
551339,21876,POTTERING MUG,1,2011-04-27 17:18:00,3.29,,United Kingdom
570841,20725,LUNCH BAG RED RETROSPOT,10,2011-10-12 14:18:00,1.65,12553.0,France
541225,20679,EDWARDIAN PARASOL RED,2,2011-01-14 14:47:00,5.95,14099.0,United Kingdom
544098,84879,ASSORTED COLOUR BIRD ORNAMENT,8,2011-02-16 10:04:00,1.69,16019.0,United Kingdom
559051,47585A,PINK FAIRY CAKE CUSHION COVER,1,2011-07-05 16:47:00,4.13,,United Kingdom
552467,21669,BLUE STRIPE CERAMIC DRAWER KNOB,12,2011-05-09 15:29:00,1.25,15249.0,United Kingdom
571476,85034C,3 ROSE MORRIS BOXED CANDLES,2,2011-10-17 14:51:00,1.25,13546.0,United Kingdom
571797,22424,ENAMEL BREAD BIN CREAM,1,2011-10-19 11:41:00,24.96,,United Kingdom
537429,21791,VINTAGE HEADS AND TAILS CARD GAME ,2,2010-12-06 15:54:00,1.25,12748.0,United Kingdom
558461,22382,LUNCH BAG SPACEBOY DESIGN ,3,2011-06-29 15:03:00,1.65,13263.0,United Kingdom
542894,48187,DOORMAT NEW ENGLAND,2,2011-02-01 13:45:00,7.95,12775.0,Netherlands
569677,23311,VINTAGE CHRISTMAS STOCKING ,6,2011-10-05 14:14:00,2.55,15106.0,United Kingdom
581455,23135,SMALL ZINC HEART WALL ORGANISER,18,2011-12-08 18:25:00,3.32,18102.0,United Kingdom
575947,21557,SET OF 6 FUNKY BEAKERS,1,2011-11-13 11:50:00,5.63,,United Kingdom
541213,22023,EMPIRE BIRTHDAY CARD,12,2011-01-14 13:28:00,0.42,15033.0,United Kingdom
561661,22289,HANGING METAL CHICKEN DECORATION,2,2011-07-28 16:21:00,1.25,12743.0,Unspecified
554098,21592,RETROSPOT CIGAR BOX MATCHES ,5,2011-05-22 13:01:00,1.25,14769.0,United Kingdom
558475,22210,WOOD STAMP SET BEST WISHES,10,2011-06-29 15:58:00,0.83,,United Kingdom
539405,22834,HAND WARMER BABUSHKA DESIGN,48,2010-12-17 12:38:00,0.85,12621.0,Germany
554151,21675,BUTTERFLIES STICKERS,24,2011-05-23 11:07:00,0.85,14049.0,United Kingdom
553058,21714,CITRONELLA CANDLE GARDEN POT,6,2011-05-13 10:44:00,1.25,17790.0,United Kingdom
546223,22084,PAPER CHAIN KIT EMPIRE,40,2011-03-10 12:22:00,2.55,14854.0,United Kingdom
572225,22940,FELTCRAFT CHRISTMAS FAIRY,8,2011-10-21 13:50:00,4.25,13157.0,United Kingdom
570332,23321,SMALL WHITE HEART OF WICKER,12,2011-10-10 12:18:00,1.65,18169.0,United Kingdom
555343,22244,3 HOOK HANGER MAGIC GARDEN,3,2011-06-02 11:42:00,1.95,15918.0,United Kingdom
541435,21232,STRAWBERRY CERAMIC TRINKET BOX,12,2011-01-18 10:28:00,1.25,13898.0,United Kingdom
544450,20685,DOORMAT RED RETROSPOT,1,2011-02-20 12:23:00,7.95,17811.0,United Kingdom
537237,85099B,JUMBO BAG RED RETROSPOT,4,2010-12-06 09:58:00,4.21,,United Kingdom
538832,21524,DOORMAT SPOTTY HOME SWEET HOME,2,2010-12-14 13:03:00,7.95,17158.0,United Kingdom
539564,21481,FAWN BLUE HOT WATER BOTTLE,36,2010-12-20 11:45:00,2.55,18092.0,United Kingdom
544454,21205,MULTICOLOUR 3D BALLS GARLAND,4,2011-02-20 13:13:00,2.55,13301.0,United Kingdom
541104,20971,PINK BLUE FELT CRAFT TRINKET BOX,3,2011-01-13 14:29:00,2.46,,United Kingdom
568831,23329,DECORATIVE WICKER HEART LARGE,12,2011-09-29 11:35:00,1.65,16059.0,United Kingdom
C569958,23292,SPACEBOY CHILDRENS CUP,-8,2011-10-06 18:38:00,1.25,13266.0,United Kingdom
546950,22774,RED DRAWER KNOB ACRYLIC EDWARDIAN,2,2011-03-18 11:24:00,1.25,16511.0,United Kingdom
580260,84946,ANTIQUE SILVER T-LIGHT GLASS,24,2011-12-02 12:36:00,1.25,14085.0,United Kingdom
569137,84509a,SET OF 4 ENGLISH ROSE PLACEMATS,1,2011-09-30 14:45:00,7.46,,United Kingdom
579145,23192,BUNDLE OF 3 ALPHABET EXERCISE BOOKS,1,2011-11-28 13:13:00,1.65,14597.0,United Kingdom
543813,21038,SET/4 MODERN VINTAGE COTTON NAPKINS,2,2011-02-13 15:02:00,2.95,16897.0,United Kingdom
553888,47590B,PINK HAPPY BIRTHDAY BUNTING,3,2011-05-19 16:09:00,5.45,15201.0,United Kingdom
544293,21618,4 WILDFLOWER BOTANICAL CANDLES,1,2011-02-17 12:42:00,3.75,17954.0,United Kingdom
564650,21668,RED STRIPE CERAMIC DRAWER KNOB,96,2011-08-26 14:17:00,1.06,14646.0,Netherlands
577774,22952,60 CAKE CASES VINTAGE CHRISTMAS,6,2011-11-21 15:57:00,0.55,16712.0,United Kingdom
563094,22294,HEART FILIGREE DOVE  SMALL,48,2011-08-11 17:35:00,1.25,14525.0,United Kingdom
580116,22574,HEART WOODEN CHRISTMAS DECORATION,96,2011-12-01 16:28:00,0.85,15290.0,United Kingdom
578289,22196,SMALL HEART MEASURING SPOONS,1,2011-11-23 14:07:00,0.85,17841.0,United Kingdom
567176,84706F,RED PEONY TABLE CLOCK,3,2011-09-18 13:40:00,2.95,15533.0,United Kingdom
547243,85049C,ROMANTIC PINKS RIBBONS ,2,2011-03-21 16:59:00,1.25,17231.0,United Kingdom
578833,22891,TEA FOR ONE POLKADOT,1,2011-11-25 15:23:00,8.29,,United Kingdom
547772,22619,SET OF 6 SOLDIER SKITTLES,1,2011-03-25 11:34:00,3.75,17979.0,United Kingdom
539196,22112,CHOCOLATE HOT WATER BOTTLE,6,2010-12-16 12:09:00,4.95,18055.0,United Kingdom
557560,22423,REGENCY CAKESTAND 3 TIER,3,2011-06-21 10:37:00,12.75,15329.0,United Kingdom
547811,22128,PARTY CONES CANDY ASSORTED,6,2011-03-25 14:01:00,1.25,17368.0,United Kingdom
541219,22208,WOOD STAMP SET THANK YOU,1,2011-01-14 14:06:00,1.63,,United Kingdom
578846,23493,VINTAGE DOILY TRAVEL SEWING KIT,8,2011-11-25 17:27:00,1.95,17757.0,United Kingdom
548664,82484,WOOD BLACK BOARD ANT WHITE FINISH,2,2011-04-01 14:45:00,7.9,14911.0,EIRE
579196,16258A,SWIRLY CIRCULAR RUBBERS IN BAG,3,2011-11-28 15:54:00,0.83,14096.0,United Kingdom
543345,85066,CREAM SWEETHEART MINI CHEST,1,2011-02-07 12:29:00,24.96,,United Kingdom
565431,22577,WOODEN HEART CHRISTMAS SCANDINAVIAN,6,2011-09-04 13:15:00,0.85,14965.0,United Kingdom
575206,79321,CHILLI LIGHTS,24,2011-11-09 10:26:00,4.95,14298.0,United Kingdom
570249,20970,PINK FLORAL FELTCRAFT SHOULDER BAG,4,2011-10-10 08:58:00,3.75,17509.0,United Kingdom
566451,79321,CHILLI LIGHTS,6,2011-09-12 16:14:00,5.75,18069.0,United Kingdom
557315,72800C,4 PINK DINNER CANDLE SILVER FLOCK,2,2011-06-19 16:02:00,2.55,15535.0,United Kingdom
550515,21385,IVORY HANGING DECORATION  HEART,2,2011-04-18 17:29:00,0.85,14502.0,United Kingdom
537238,47567B,TEA TIME KITCHEN APRON,2,2010-12-06 10:03:00,5.95,16161.0,United Kingdom
562538,21524,DOORMAT SPOTTY HOME SWEET HOME,10,2011-08-05 15:07:00,6.75,15505.0,United Kingdom
538566,21210,SET OF 72 RETROSPOT PAPER  DOILIES,1,2010-12-13 11:21:00,2.98,,United Kingdom
552256,21781,MA CAMPAGNE CUTLERY BOX,1,2011-05-08 10:43:00,14.95,16621.0,United Kingdom
562024,22998,TRAVEL CARD WALLET KEEP CALM,1,2011-08-01 16:07:00,0.83,,United Kingdom
557745,23300,GARDENERS KNEELING PAD CUP OF TEA ,2,2011-06-22 12:16:00,1.65,15750.0,United Kingdom
575487,22952,60 CAKE CASES VINTAGE CHRISTMAS,24,2011-11-09 17:11:00,0.55,15450.0,United Kingdom
562725,22219,LOVEBIRD HANGING DECORATION WHITE ,12,2011-08-09 09:04:00,0.85,17302.0,United Kingdom
545653,20665,RED RETROSPOT PURSE ,3,2011-03-04 13:39:00,2.95,15311.0,United Kingdom
536592,22195,LARGE HEART MEASURING SPOONS,4,2010-12-01 17:06:00,3.36,,United Kingdom
547945,21456,2 PICTURE BOOK EGGS EASTER CHICKS,12,2011-03-28 14:59:00,1.25,14851.0,United Kingdom
541489,20685,DOORMAT RED RETROSPOT,1,2011-01-18 13:38:00,7.95,15023.0,United Kingdom
575269,22116,METAL SIGN HIS DINNER IS SERVED,12,2011-11-09 12:08:00,0.79,17865.0,United Kingdom
574074,23530,WALL ART ONLY ONE PERSON ,3,2011-11-02 15:33:00,10.79,,United Kingdom
541999,90214E,"LETTER ""E"" BLING KEY RING",4,2011-01-25 10:45:00,0.83,,United Kingdom
577033,22659,LUNCH BOX I LOVE LONDON,1,2011-11-17 13:16:00,1.95,17797.0,United Kingdom
540509,22046,TEA PARTY  WRAPPING PAPER ,25,2011-01-09 11:27:00,0.42,14800.0,United Kingdom
574074,23565,EGG CUP MILKMAID HELGA ,1,2011-11-02 15:33:00,2.46,,United Kingdom
540395,22722,SET OF 6 SPICE TINS PANTRY DESIGN,4,2011-01-06 18:24:00,3.95,14702.0,United Kingdom
575067,22417,PACK OF 60 SPACEBOY CAKE CASES,24,2011-11-08 12:45:00,0.55,12583.0,France
549128,22728,ALARM CLOCK BAKELIKE PINK,1,2011-04-06 14:25:00,3.75,16713.0,United Kingdom
577311,21479,WHITE SKULL HOT WATER BOTTLE ,6,2011-11-18 13:16:00,4.25,18225.0,United Kingdom
561218,20724,RED RETROSPOT CHARLOTTE BAG,2,2011-07-25 17:11:00,1.63,,United Kingdom
543162,21171,BATHROOM METAL SIGN ,6,2011-02-03 18:08:00,1.45,17507.0,United Kingdom
574047,22492,MINI PAINT SET VINTAGE ,36,2011-11-02 13:26:00,0.65,13318.0,United Kingdom
572194,85071A,BLUE CHARLIE+LOLA PERSONAL DOORSIGN,2,2011-10-21 11:43:00,0.39,17832.0,United Kingdom
576329,21914,BLUE HARMONICA IN BOX ,3,2011-11-14 15:22:00,2.46,,United Kingdom
565766,22090,PAPER BUNTING RETROSPOT,12,2011-09-06 14:23:00,2.95,17841.0,United Kingdom
560580,22569,FELTCRAFT CUSHION BUTTERFLY,24,2011-07-19 15:23:00,3.39,14088.0,United Kingdom
548492,22726,ALARM CLOCK BAKELIKE GREEN,2,2011-03-31 13:14:00,3.75,17841.0,United Kingdom
577358,21811,HANGING HEART WITH BELL,4,2011-11-18 15:59:00,0.83,,United Kingdom
578347,22741,FUNKY DIVA PEN,1,2011-11-24 09:26:00,1.63,,United Kingdom
544466,22479,DAISY GARDEN MARKER,10,2011-02-20 15:43:00,1.25,14606.0,United Kingdom
580610,22734,SET OF 6 RIBBONS VINTAGE CHRISTMAS,4,2011-12-05 11:48:00,5.79,,United Kingdom
551775,22926,IVORY GIANT GARDEN THERMOMETER,2,2011-05-04 11:21:00,5.95,12886.0,United Kingdom
556910,10133,COLOURING PENCILS BROWN TUBE,10,2011-06-15 13:25:00,0.42,12748.0,United Kingdom
580115,22580,ADVENT CALENDAR GINGHAM SACK,18,2011-12-01 16:22:00,4.13,,United Kingdom
540154,22133,PINK LOVE HEART SHAPE CUP,2,2011-01-05 11:30:00,1.66,,United Kingdom
560444,22128,PARTY CONES CANDY ASSORTED,6,2011-07-18 17:15:00,1.25,13764.0,United Kingdom
567095,15056BL,EDWARDIAN PARASOL BLACK,3,2011-09-16 13:03:00,5.95,17049.0,United Kingdom
558477,84597C,,-1,2011-06-29 16:04:00,0.0,,United Kingdom
559538,23238,SET OF 4 KNICK KNACK TINS LONDON ,4,2011-07-10 12:25:00,4.15,16880.0,United Kingdom
554948,22745,POPPY'S PLAYHOUSE BEDROOM ,6,2011-05-27 14:29:00,2.1,14447.0,United Kingdom
546385,48185,DOORMAT FAIRY CAKE,10,2011-03-11 13:13:00,6.75,16652.0,United Kingdom
546988,22722,SET OF 6 SPICE TINS PANTRY DESIGN,4,2011-03-18 12:57:00,3.95,14194.0,United Kingdom
551998,21181,PLEASE ONE PERSON METAL SIGN,12,2011-05-05 15:48:00,2.1,14099.0,United Kingdom
571286,21744,SNOWFLAKE PORTABLE TABLE LIGHT ,3,2011-10-16 14:35:00,2.95,14547.0,United Kingdom
577358,22027,TEA PARTY BIRTHDAY CARD,1,2011-11-18 15:59:00,0.83,,United Kingdom
545049,84971S,SMALL HEART FLOWERS HOOK ,13,2011-02-27 11:53:00,0.85,15046.0,United Kingdom
544064,22442,GROW YOUR OWN FLOWERS SET OF 3,1,2011-02-15 13:50:00,7.95,17114.0,United Kingdom
553002,84596G,SMALL CHOCOLATES PINK BOWL,3,2011-05-12 15:26:00,0.42,13263.0,United Kingdom
561068,21519,GIN & TONIC DIET GREETING CARD ,12,2011-07-24 14:33:00,0.42,13116.0,United Kingdom
563093,21880,RED RETROSPOT TAPE,4,2011-08-11 17:28:00,0.42,,United Kingdom
575607,22922,FRIDGE MAGNETS US DINER ASSORTED,6,2011-11-10 12:37:00,1.8,14096.0,United Kingdom
557112,22199,FRYING PAN RED RETROSPOT,1,2011-06-16 16:31:00,8.29,,United Kingdom
540648,22534,MAGIC DRAWING SLATE SPACEBOY ,48,2011-01-10 14:58:00,0.36,15061.0,United Kingdom
568529,84978,HANGING HEART JAR T-LIGHT HOLDER,12,2011-09-27 13:38:00,1.25,16181.0,United Kingdom
579777,15036,ASSORTED COLOURS SILK FAN,2,2011-11-30 15:13:00,1.63,,United Kingdom
562273,22423,REGENCY CAKESTAND 3 TIER,7,2011-08-04 09:55:00,12.75,12502.0,Spain
548714,47593B,SCOTTIE DOGS BABY BIB,2,2011-04-03 15:07:00,0.39,17337.0,United Kingdom
567671,22195,LARGE HEART MEASURING SPOONS,1,2011-09-21 15:34:00,3.29,,United Kingdom
578858,23343,JUMBO BAG VINTAGE CHRISTMAS ,8,2011-11-27 11:22:00,2.08,18145.0,United Kingdom
C554303,M,Manual,-1,2011-05-23 14:52:00,15.0,12757.0,Portugal
550496,23204,CHARLOTTE BAG APPLES DESIGN,2,2011-04-18 15:05:00,1.63,,United Kingdom
575487,21616,4 PEAR BOTANICAL DINNER CANDLES,12,2011-11-09 17:11:00,1.25,15450.0,United Kingdom
578149,82001s,SILVER RECORD COVER FRAME,11,2011-11-23 11:11:00,7.46,,United Kingdom
578104,22942,CHRISTMAS LIGHTS 10 SANTAS ,2,2011-11-23 08:43:00,8.5,13969.0,United Kingdom
538177,22536,MAGIC DRAWING SLATE PURDEY,1,2010-12-10 09:51:00,0.85,,United Kingdom
566913,22151,PLACE SETTING WHITE HEART,24,2011-09-15 14:07:00,0.42,17602.0,United Kingdom
553703,22179,SET 10 NIGHT OWL LIGHTS,2,2011-05-18 14:57:00,6.75,13192.0,United Kingdom
550325,46000R,POLYESTER FILLER PAD 45x30cm,4,2011-04-17 13:04:00,1.45,15745.0,United Kingdom
547649,22650,CERAMIC PIRATE CHEST MONEY BANK,4,2011-03-24 12:02:00,1.45,18118.0,United Kingdom
566649,21174,POTTERING IN THE SHED METAL SIGN,24,2011-09-14 11:26:00,2.08,18173.0,United Kingdom
580160,22555,PLASTERS IN TIN STRONGMAN,24,2011-12-02 10:47:00,1.65,12700.0,France
561026,20711,JUMBO BAG TOYS ,1,2011-07-24 10:49:00,2.08,17265.0,United Kingdom
539639,22970,LONDON BUS COFFEE MUG,2,2010-12-20 15:26:00,2.55,14083.0,United Kingdom
559862,21212,PACK OF 72 RETROSPOT CAKE CASES,24,2011-07-13 10:30:00,0.55,12782.0,Portugal
567186,22150,3 STRIPEY MICE FELTCRAFT,5,2011-09-18 16:04:00,1.95,17073.0,United Kingdom
568716,23434,3 RAFFIA RIBBONS 50'S CHRISTMAS ,3,2011-09-28 16:13:00,0.83,,United Kingdom
558198,22906,12 MESSAGE CARDS WITH ENVELOPES,1,2011-06-27 12:49:00,1.65,14104.0,United Kingdom
556108,84212,"ASSORTED FLOWER COLOUR ""LEIS""",1,2011-06-08 17:59:00,4.96,,United Kingdom
576933,22099,CARAVAN SQUARE TISSUE BOX,1,2011-11-17 11:29:00,0.39,15529.0,United Kingdom
575875,17012F,ORIGAMI SANDLEWOOD INCENSE/CAND SET,1,2011-11-11 13:06:00,2.46,,United Kingdom
546032,21916,SET 12 RETRO WHITE CHALK STICKS,24,2011-03-09 09:11:00,0.42,13267.0,United Kingdom
575694,22604,SET OF 4 NAPKIN CHARMS CUTLERY,5,2011-11-10 16:38:00,2.55,12748.0,United Kingdom
561907,22543,MINI JIGSAW BAKE A CAKE ,24,2011-08-01 10:08:00,0.42,14060.0,United Kingdom
550774,21874,GIN AND TONIC MUG,12,2011-04-20 13:18:00,1.25,14626.0,United Kingdom
556090,21700,BIG DOUGHNUT FRIDGE MAGNETS,1,2011-06-08 15:25:00,8.29,,United Kingdom
560433,84687,BEACH HUT SHELF W 3 DRAWERS,1,2011-07-18 15:49:00,11.63,,United Kingdom
559802,21035,SET/2 RED RETROSPOT TEA TOWELS ,1,2011-07-12 13:48:00,6.25,,United Kingdom
544826,22189,CREAM HEART CARD HOLDER,1,2011-02-24 09:36:00,3.95,14513.0,United Kingdom
580511,22725,ALARM CLOCK BAKELIKE CHOCOLATE,8,2011-12-04 13:54:00,3.75,12560.0,Germany
567482,23323,WHITE WICKER STAR ,2,2011-09-20 13:42:00,2.1,16464.0,United Kingdom
573379,22079,RIBBON REEL HEARTS DESIGN ,10,2011-10-30 14:03:00,1.65,15680.0,United Kingdom
539314,22831,WHITE BROCANTE SOAP DISH,6,2010-12-16 18:20:00,2.95,13874.0,United Kingdom
561651,90134,OLD ROSE COMBO BEAD NECKLACE,1,2011-07-28 15:36:00,2.9,,United Kingdom
548529,23194,GYMKHANA TREASURE BOOK BOX,8,2011-03-31 16:56:00,2.25,18223.0,United Kingdom
545216,23002,TRAVEL CARD WALLET SKULLS,2,2011-02-28 16:50:00,0.83,,United Kingdom
561923,23204,CHARLOTTE BAG APPLES DESIGN,10,2011-08-01 12:16:00,0.85,14112.0,United Kingdom
568196,23511,EMBROIDERED RIBBON REEL EMILY ,6,2011-09-25 14:44:00,2.08,16705.0,United Kingdom
552460,22411,JUMBO SHOPPER VINTAGE RED PAISLEY,10,2011-05-09 14:44:00,2.08,13178.0,United Kingdom
571716,23171,REGENCY TEA PLATE GREEN ,1,2011-10-18 17:05:00,3.29,,United Kingdom
581219,21378,SMALL TALL CAMPHOR WOOD TOADSTOOL,1,2011-12-08 09:28:00,3.29,,United Kingdom
550480,21244,BLUE POLKADOT PLATE ,4,2011-04-18 14:05:00,1.69,13069.0,United Kingdom
561570,23144,ZINC T-LIGHT HOLDER STARS SMALL,12,2011-07-28 10:24:00,0.83,14289.0,United Kingdom
565863,22569,FELTCRAFT CUSHION BUTTERFLY,4,2011-09-07 15:00:00,3.75,17422.0,United Kingdom
564473,23206,LUNCH BAG APPLE DESIGN,20,2011-08-25 12:33:00,1.65,16722.0,United Kingdom
543533,22144,CHRISTMAS CRAFT LITTLE FRIENDS,2,2011-02-09 13:00:00,4.13,,United Kingdom
561900,22666,RECIPE BOX PANTRY YELLOW DESIGN,1,2011-07-31 15:31:00,2.95,16655.0,United Kingdom
568343,84947,ANTIQUE SILVER TEA GLASS ENGRAVED,72,2011-09-26 15:13:00,1.06,16839.0,United Kingdom
559042,22357,KINGS CHOICE BISCUIT TIN,1,2011-07-05 15:34:00,8.29,,United Kingdom
547063,23180,MUM'S KITCHEN CLOCK,4,2011-03-20 13:33:00,4.95,14769.0,United Kingdom
572758,21090,SET/6 COLLAGE PAPER PLATES,4,2011-10-25 18:39:00,0.83,,United Kingdom
578827,22732,3D VINTAGE CHRISTMAS STICKERS ,1,2011-11-25 14:25:00,2.46,,United Kingdom
545191,21932,SCANDINAVIAN PAISLEY PICNIC BAG,5,2011-02-28 15:39:00,2.95,12811.0,Portugal
558475,84249A,"GREETING CARD,SQUARE, DOUGHNUTS",1,2011-06-29 15:58:00,0.83,,United Kingdom
568651,22326,ROUND SNACK BOXES SET OF4 WOODLAND ,6,2011-09-28 12:04:00,2.95,12362.0,Belgium
580527,20705,MRS ROBOT SOFT TOY,1,2011-12-04 15:19:00,1.95,13736.0,United Kingdom
554151,22149,FELTCRAFT 6 FLOWER FRIENDS,3,2011-05-23 11:07:00,2.1,14049.0,United Kingdom
571474,23328,SET 6 SCHOOL MILK BOTTLES IN CRATE,4,2011-10-17 14:41:00,3.75,16389.0,United Kingdom
575739,21756,BATH BUILDING BLOCK WORD,1,2011-11-11 09:05:00,11.63,,United Kingdom
578844,22114,HOT WATER BOTTLE TEA AND SYMPATHY,2,2011-11-25 16:14:00,8.29,,United Kingdom
561882,23193,BUFFALO BILL TREASURE BOOK BOX,8,2011-07-31 12:52:00,2.25,13388.0,United Kingdom
536412,22569,FELTCRAFT CUSHION BUTTERFLY,2,2010-12-01 11:49:00,3.75,17920.0,United Kingdom
550193,84536B,FAIRY CAKES NOTEBOOK A7 SIZE,16,2011-04-15 09:27:00,0.42,13952.0,United Kingdom
570245,22111,SCOTTIE DOG HOT WATER BOTTLE,2,2011-10-09 16:11:00,4.95,14415.0,United Kingdom
559109,82484,WOOD BLACK BOARD ANT WHITE FINISH,2,2011-07-06 11:52:00,7.95,15021.0,United Kingdom
576086,23303,SET 4 PICNIC CUTLERY FONDANT,5,2011-11-14 08:29:00,1.95,15365.0,United Kingdom
567981,21239,PINK  POLKADOT CUP,4,2011-09-23 11:22:00,1.63,,United Kingdom
576689,22751,FELTCRAFT PRINCESS OLIVIA DOLL,1,2011-11-16 12:18:00,3.75,16657.0,United Kingdom
539451,48138,DOORMAT UNION FLAG,1,2010-12-17 16:59:00,14.43,,United Kingdom
550183,22630,DOLLY GIRL LUNCH BOX,12,2011-04-14 17:58:00,1.95,14105.0,United Kingdom
580405,20750,RED RETROSPOT MINI CASES,2,2011-12-04 12:02:00,7.95,14720.0,United Kingdom
540026,22161,HEART DECORATION RUSTIC HANGING ,17,2011-01-04 13:25:00,0.81,,United Kingdom
C560409,23233,WRAP POPPIES  DESIGN,-25,2011-07-18 14:24:00,0.42,16717.0,United Kingdom
C543755,22743,MAKE YOUR OWN FLOWERPOWER CARD KIT,-6,2011-02-11 14:48:00,2.95,14304.0,United Kingdom
572103,22916,HERB MARKER THYME,1,2011-10-20 15:57:00,0.65,17571.0,United Kingdom
568671,23177,TREASURE ISLAND BOOK BOX,8,2011-09-28 13:13:00,2.25,13139.0,United Kingdom
544812,48194,DOORMAT HEARTS,1,2011-02-23 15:58:00,14.13,,United Kingdom
570288,21915,RED  HARMONICA IN BOX ,2,2011-10-10 11:47:00,1.25,16960.0,United Kingdom
C548460,22960,JAM MAKING SET WITH JARS,-6,2011-03-31 11:58:00,4.25,16801.0,United Kingdom
574445,85152,HAND OVER THE CHOCOLATE   SIGN ,48,2011-11-04 11:41:00,1.85,15722.0,United Kingdom
550205,22697,GREEN REGENCY TEACUP AND SAUCER,2,2011-04-15 10:37:00,5.79,,United Kingdom
561209,21192,WHITE BELL HONEYCOMB PAPER ,9,2011-07-25 16:57:00,3.29,,United Kingdom
543802,85123A,WHITE HANGING HEART T-LIGHT HOLDER,4,2011-02-13 12:03:00,2.95,13742.0,United Kingdom
568898,21915,RED  HARMONICA IN BOX ,12,2011-09-29 13:17:00,1.25,13354.0,United Kingdom
554465,23298,SPOTTY BUNTING,3,2011-05-24 12:36:00,4.95,13534.0,United Kingdom
563565,22440,BALLOON WATER BOMB PACK OF 35,6,2011-08-17 14:22:00,0.42,17338.0,United Kingdom
537434,21012,ANTIQUE ALL GLASS CANDLESTICK,7,2010-12-06 16:57:00,2.51,,United Kingdom
548732,22755,SMALL PURPLE BABUSHKA NOTEBOOK ,12,2011-04-04 10:16:00,0.85,16142.0,United Kingdom
554652,37476,CONDIMENT TRAY 4 BOWLS AND 4 SPOONS,1,2011-05-25 12:56:00,9.95,,United Kingdom
C578097,23358,HOT STUFF HOT WATER BOTTLE,-36,2011-11-22 17:31:00,3.29,,United Kingdom
552282,22996,TRAVEL CARD WALLET VINTAGE TICKET,5,2011-05-08 12:44:00,0.42,14040.0,United Kingdom
578794,20766,GARDEN PATH SKETCHBOOK,3,2011-11-25 12:24:00,3.75,17232.0,United Kingdom
555542,21677,HEARTS  STICKERS,12,2011-06-05 12:51:00,0.85,15108.0,European Community
552514,21888,BINGO SET,1,2011-05-09 16:30:00,7.46,,United Kingdom
574661,21485,RETROSPOT HEART HOT WATER BOTTLE,3,2011-11-06 11:56:00,4.95,13447.0,United Kingdom
547069,21078,SET/20 STRAWBERRY PAPER NAPKINS ,2,2011-03-20 13:52:00,0.85,16710.0,United Kingdom
575753,22720,SET OF 3 CAKE TINS PANTRY DESIGN ,1,2011-11-11 10:41:00,4.95,17841.0,United Kingdom
563565,22971,QUEENS GUARD COFFEE MUG,6,2011-08-17 14:22:00,2.55,17338.0,United Kingdom
570183,21535,RED RETROSPOT SMALL MILK JUG,6,2011-10-07 14:43:00,2.55,15208.0,United Kingdom
540769,21135,VICTORIAN  METAL POSTCARD SPRING,8,2011-01-11 10:38:00,1.69,12601.0,Germany
569849,23274,STAR T-LIGHT HOLDER WILLIE WINKIE,12,2011-10-06 13:49:00,1.65,15264.0,United Kingdom
569000,22417,PACK OF 60 SPACEBOY CAKE CASES,24,2011-09-29 17:36:00,0.55,17015.0,United Kingdom
572509,21930,JUMBO STORAGE BAG SKULLS,10,2011-10-24 14:25:00,2.08,17004.0,United Kingdom
536876,21931,JUMBO STORAGE BAG SUKI,2,2010-12-03 11:36:00,4.21,,United Kingdom
559338,21328,BALLOONS  WRITING SET ,4,2011-07-07 16:30:00,0.83,,United Kingdom
557250,22917,HERB MARKER ROSEMARY,1,2011-06-17 15:59:00,0.65,12748.0,United Kingdom
580117,22632,HAND WARMER RED RETROSPOT,12,2011-12-01 16:28:00,2.1,14655.0,United Kingdom
539434,72598,SET/12 TAPER CANDLES,1,2010-12-17 14:41:00,1.66,,United Kingdom
563228,23315,IVORY REFECTORY CLOCK,1,2011-08-14 15:34:00,9.95,17988.0,United Kingdom
559521,22367,CHILDRENS APRON SPACEBOY DESIGN,6,2011-07-08 16:26:00,1.95,,Unspecified
560552,82486,WOOD S/3 CABINET ANT WHITE FINISH,1,2011-07-19 12:54:00,8.95,15311.0,United Kingdom
541004,85123A,WHITE HANGING HEART T-LIGHT HOLDER,6,2011-01-13 10:35:00,2.95,18190.0,United Kingdom
541253,22212,FOUR HOOK  WHITE LOVEBIRDS,1,2011-01-16 13:51:00,2.1,17841.0,United Kingdom
551560,23162,REGENCY TEA STRAINER,48,2011-05-03 10:43:00,3.29,16133.0,United Kingdom
564740,22995,TRAVEL CARD WALLET SUKI,3,2011-08-28 14:39:00,0.42,14044.0,United Kingdom
554075,21787,RAIN PONCHO RETROSPOT,24,2011-05-22 11:29:00,0.85,16038.0,United Kingdom
555162,82484,WOOD BLACK BOARD ANT WHITE FINISH,2,2011-06-01 10:15:00,7.95,12473.0,Germany
580005,22626,BLACK KITCHEN SCALES,1,2011-12-01 11:38:00,8.5,16376.0,United Kingdom
545512,21623,VINTAGE UNION JACK MEMOBOARD,6,2011-03-03 12:00:00,8.5,17389.0,United Kingdom
547730,22222,CAKE PLATE LOVEBIRD WHITE,1,2011-03-25 11:01:00,4.95,14796.0,United Kingdom
577740,21947,SET OF 6 HEART CHOPSTICKS,1,2011-11-21 13:36:00,1.25,17625.0,United Kingdom
551400,23204,CHARLOTTE BAG APPLES DESIGN,20,2011-04-28 13:18:00,0.85,17160.0,United Kingdom
545082,85035A,GARDENIA 3 WICK MORRIS BOXED CANDLE,4,2011-02-28 10:37:00,4.25,16992.0,United Kingdom
572079,23418,LAVENDER TOILETTE BOTTLE,12,2011-10-20 14:11:00,2.08,14484.0,United Kingdom
566275,22596,CHRISTMAS STAR WISH LIST CHALKBOARD,12,2011-09-11 13:58:00,1.25,16549.0,United Kingdom
571282,22670,FRENCH WC SIGN BLUE METAL,1,2011-10-16 13:24:00,1.25,15545.0,United Kingdom
542662,21790,VINTAGE SNAP CARDS,12,2011-01-31 12:10:00,0.85,18145.0,United Kingdom
552508,22035,VINTAGE CARAVAN GREETING CARD ,1,2011-05-09 16:27:00,0.83,,United Kingdom
576558,23571,TRADITIONAL NAUGHTS & CROSSES,144,2011-11-15 13:07:00,1.45,17086.0,United Kingdom
539708,90183A,AMBER DROP EARRINGS W LONG BEADS,1,2010-12-21 12:18:00,2.96,,United Kingdom
566620,22273,FELTCRAFT DOLL MOLLY,6,2011-09-14 09:21:00,2.95,13588.0,United Kingdom
571442,23247,BISCUIT TIN 50'S CHRISTMAS,4,2011-10-17 13:39:00,2.89,17049.0,United Kingdom
557771,21672,WHITE SPOT RED CERAMIC DRAWER KNOB,12,2011-06-22 14:43:00,1.25,15601.0,United Kingdom
547068,22386,JUMBO BAG PINK POLKADOT,10,2011-03-20 13:48:00,1.95,13985.0,United Kingdom
576615,21822,GLITTER CHRISTMAS TREE WITH BELLS,5,2011-11-15 16:42:00,0.79,17231.0,United Kingdom
537646,21868,POTTING SHED TEA MUG,2,2010-12-07 15:39:00,1.25,17591.0,United Kingdom
552823,22147,FELTCRAFT BUTTERFLY HEARTS,4,2011-05-11 13:06:00,1.45,14731.0,United Kingdom
567699,23033,DRAWER KNOB CERAMIC RED,6,2011-09-22 09:16:00,1.45,17466.0,United Kingdom
572652,22152,PLACE SETTING WHITE STAR,24,2011-10-25 12:11:00,0.42,15805.0,United Kingdom
560209,23023,RIDGED BONNE JAM JAR T-LIGHT HOLDER,1,2011-07-15 14:05:00,1.65,15004.0,United Kingdom
542115,22509,SEWING BOX RETROSPOT DESIGN ,1,2011-01-25 14:01:00,33.33,,United Kingdom
568567,22686,FRENCH BLUE METAL DOOR SIGN No,2,2011-09-27 18:41:00,2.46,,United Kingdom
569374,21212,PACK OF 72 RETROSPOT CAKE CASES,1,2011-10-03 16:14:00,1.25,,United Kingdom
580727,71477,COLOURED GLASS STAR T-LIGHT HOLDER,8,2011-12-05 17:17:00,6.63,14096.0,United Kingdom
555400,22057,CERAMIC PLATE STRAWBERRY DESIGN,21,2011-06-02 17:50:00,1.25,14088.0,United Kingdom
569202,23413,VINTAGE COFFEE GRINDER BOX,1,2011-09-30 17:22:00,10.79,,United Kingdom
541999,22386,JUMBO BAG PINK POLKADOT,1,2011-01-25 10:45:00,4.13,,United Kingdom
566717,23006,TRAVEL CARD WALLET FLOWER MEADOW,1,2011-09-14 12:14:00,0.42,17841.0,United Kingdom
563714,21154,RED RETROSPOT OVEN GLOVE ,10,2011-08-18 15:51:00,1.25,14565.0,United Kingdom
575138,84509c,SET OF 4 POLKADOT PLACEMATS ,1,2011-11-08 15:24:00,7.46,,United Kingdom
540157,21380,WOODEN HAPPY BIRTHDAY GARLAND,1,2011-01-05 11:41:00,2.95,15311.0,United Kingdom
562258,84968D,SET OF 16 VINTAGE RED CUTLERY,1,2011-08-03 15:28:00,12.75,16348.0,United Kingdom
577085,35961,FOLKART ZINC HEART CHRISTMAS DEC,12,2011-11-17 15:47:00,0.85,12997.0,United Kingdom
575612,22356,CHARLOTTE BAG PINK POLKADOT,10,2011-11-10 12:47:00,0.85,17416.0,United Kingdom
539314,22379,RECYCLING BAG RETROSPOT ,5,2010-12-16 18:20:00,2.1,13874.0,United Kingdom
572352,21616,4 PEAR BOTANICAL DINNER CANDLES,6,2011-10-24 11:39:00,1.25,16814.0,United Kingdom
572241,15056BL,EDWARDIAN PARASOL BLACK,6,2011-10-21 15:20:00,5.95,12712.0,Germany
572669,22636,CHILDS BREAKFAST SET CIRCUS PARADE,1,2011-10-25 13:10:00,8.5,16549.0,United Kingdom
569921,23397,FOOT STOOL HOME SWEET HOME ,2,2011-10-06 17:28:00,9.95,12523.0,France
540163,84050,PINK HEART SHAPE EGG FRYING PAN,24,2011-01-05 11:52:00,1.65,13089.0,United Kingdom
540258,20914,SET/5 RED RETROSPOT LID GLASS BOWLS,96,2011-01-06 08:52:00,2.55,14045.0,United Kingdom
544412,22332,SKULLS PARTY BAG + STICKER SET,8,2011-02-18 14:21:00,1.65,16531.0,United Kingdom
542728,20728,LUNCH BAG CARS BLUE,20,2011-01-31 15:11:00,1.65,14006.0,United Kingdom
562780,23344,JUMBO BAG 50'S CHRISTMAS ,6,2011-08-09 13:03:00,2.08,14901.0,United Kingdom
545227,22489,PACK OF 12 TRADITIONAL CRAYONS,24,2011-03-01 09:35:00,0.42,12428.0,Finland
565919,22993,SET OF 4 PANTRY JELLY MOULDS,1,2011-09-07 16:48:00,2.46,,United Kingdom
552972,22848,BREAD BIN DINER STYLE PINK,1,2011-05-12 13:43:00,16.95,16043.0,United Kingdom
560790,15056N,EDWARDIAN PARASOL NATURAL,60,2011-07-21 10:29:00,4.95,14051.0,United Kingdom
C559705,20725,LUNCH BAG RED RETROSPOT,-1,2011-07-12 09:58:00,1.65,15719.0,United Kingdom
560024,37448,CERAMIC CAKE DESIGN SPOTTED MUG,2,2011-07-14 13:00:00,1.49,15005.0,United Kingdom
559163,21625,VINTAGE UNION JACK APRON,1,2011-07-06 16:33:00,4.13,,United Kingdom
555092,22149,FELTCRAFT 6 FLOWER FRIENDS,3,2011-05-31 13:08:00,2.1,16483.0,United Kingdom
578084,22329,ROUND CONTAINER SET OF 5 RETROSPOT,12,2011-11-22 16:34:00,1.65,12465.0,Belgium
571564,21484,CHICK GREY HOT WATER BOTTLE,4,2011-10-18 10:16:00,4.25,16019.0,United Kingdom
577844,22112,CHOCOLATE HOT WATER BOTTLE,11,2011-11-22 10:41:00,12.46,,United Kingdom
540992,84947,ANTIQUE SILVER TEA GLASS ENGRAVED,6,2011-01-12 16:57:00,1.25,17364.0,United Kingdom
573585,22169,FAMILY ALBUM WHITE PICTURE FRAME,6,2011-10-31 14:41:00,16.63,,United Kingdom
564484,48194,DOORMAT HEARTS,1,2011-08-25 13:46:00,7.95,13634.0,United Kingdom
542192,22966,GINGERBREAD MAN COOKIE CUTTER,6,2011-01-26 11:27:00,1.25,14049.0,United Kingdom
580305,22985,WRAP BILLBOARD FONTS DESIGN,25,2011-12-02 14:26:00,0.42,12970.0,United Kingdom
567981,84029E,RED WOOLLY HOTTIE WHITE HEART.,7,2011-09-23 11:22:00,7.46,,United Kingdom
549965,21892,TRADITIONAL WOODEN CATCH CUP GAME ,60,2011-04-13 14:17:00,1.25,16966.0,United Kingdom
569524,85054,FRENCH ENAMEL POT W LID,1,2011-10-04 14:42:00,2.95,14506.0,United Kingdom
551810,22381,TOY TIDY PINK POLKADOT,3,2011-05-04 11:32:00,2.1,15719.0,United Kingdom
558240,51014C,"FEATHER PEN,COAL BLACK",1,2011-06-27 15:27:00,0.83,,United Kingdom
560018,22328,ROUND SNACK BOXES SET OF 4 FRUITS ,1,2011-07-14 12:52:00,2.95,15987.0,United Kingdom
575908,22553,PLASTERS IN TIN SKULLS,12,2011-11-11 15:54:00,1.65,13091.0,United Kingdom
581134,23561,SET OF 6 RIBBONS PARTY,2,2011-12-07 13:12:00,2.89,16368.0,United Kingdom
569680,23171,REGENCY TEA PLATE GREEN ,12,2011-10-05 14:28:00,1.65,16803.0,United Kingdom
537393,22835,HOT WATER BOTTLE I AM SO POORLY,24,2010-12-06 13:59:00,4.25,13089.0,United Kingdom
541669,22558,CLOTHES PEGS RETROSPOT PACK 24 ,4,2011-01-20 12:29:00,1.49,17315.0,United Kingdom
577078,22024,RAINY LADIES BIRTHDAY CARD,1,2011-11-17 15:17:00,0.83,,United Kingdom
540255,84347,ROTATING SILVER ANGELS T-LIGHT HLDR,2,2011-01-05 16:50:00,5.06,,United Kingdom
549125,20666,ECONOMY HOLIDAY PURSE,1,2011-04-06 14:13:00,2.95,14964.0,United Kingdom
539492,22736,RIBBON REEL MAKING SNOWMEN ,1,2010-12-20 10:14:00,3.36,,United Kingdom
539294,21110,LARGE CAKE TOWEL PINK SPOTS,1,2010-12-16 16:45:00,6.75,15532.0,United Kingdom
541592,85131D,BEADED CRYSTAL HEART PINK ON STICK,5,2011-01-19 15:08:00,0.83,,United Kingdom
549614,22892,SET OF SALT AND PEPPER TOADSTOOLS,12,2011-04-11 11:38:00,1.25,12720.0,Germany
566076,22627,MINT KITCHEN SCALES,4,2011-09-09 09:13:00,8.5,12449.0,Belgium
553754,37495,FAIRY CAKE BIRTHDAY CANDLE SET,4,2011-05-19 10:25:00,3.75,16175.0,United Kingdom
563916,20668,DISCO BALL CHRISTMAS DECORATION,96,2011-08-21 13:43:00,0.12,13435.0,United Kingdom
570458,71510,SQUARE METAL CANDLEHOLDER BASE,6,2011-10-10 15:39:00,0.85,14535.0,United Kingdom
556112,21670,BLUE SPOT CERAMIC DRAWER KNOB,12,2011-06-09 09:28:00,1.25,13265.0,United Kingdom
561288,23287,RED VINTAGE SPOT BEAKER,8,2011-07-26 12:26:00,0.85,13379.0,United Kingdom
C570099,22377,BOTTLE BAG RETROSPOT ,-1,2011-10-07 12:11:00,1.65,13798.0,United Kingdom
580105,23245,SET OF 3 REGENCY CAKE TINS,4,2011-12-01 15:24:00,4.95,17675.0,United Kingdom
572331,23505,PLAYING CARDS I LOVE LONDON ,12,2011-10-24 10:18:00,1.25,16491.0,United Kingdom
564061,85123A,WHITE HANGING HEART T-LIGHT HOLDER,4,2011-08-22 14:38:00,2.95,14505.0,United Kingdom
552671,21116,OWL DOORSTOP,1,2011-05-10 15:06:00,8.29,,United Kingdom
573333,23473,WOODLAND SMALL RED FELT HEART,12,2011-10-30 11:34:00,0.83,12483.0,Sweden
556954,22915,ASSORTED BOTTLE TOP  MAGNETS ,12,2011-06-16 08:38:00,0.42,15585.0,United Kingdom
561282,21868,,13,2011-07-26 12:24:00,0.0,,United Kingdom
540172,22149,FELTCRAFT 6 FLOWER FRIENDS,2,2011-01-05 12:29:00,2.1,18109.0,United Kingdom
571653,22944,CHRISTMAS METAL POSTCARD WITH BELLS,72,2011-10-18 12:17:00,0.39,14298.0,United Kingdom
562807,23295,SET OF 12 MINI LOAF BAKING CASES,12,2011-08-09 14:57:00,0.83,16053.0,United Kingdom
557753,21157,RED RETROSPOT WASHBAG,1,2011-06-22 13:00:00,2.1,17877.0,United Kingdom
540523,20973,12 PENCIL SMALL TUBE WOODLAND,5,2011-01-09 12:51:00,0.65,13069.0,United Kingdom
572552,22186,RED STAR CARD HOLDER,3,2011-10-24 17:07:00,5.79,14096.0,United Kingdom
567854,23301,GARDENERS KNEELING PAD KEEP CALM ,12,2011-09-22 13:37:00,1.65,14038.0,United Kingdom
573078,22189,CREAM HEART CARD HOLDER,8,2011-10-27 14:13:00,3.95,12839.0,United Kingdom
560841,23297,SET 40 HEART SHAPE PETIT FOUR CASES,16,2011-07-21 12:25:00,1.45,14298.0,United Kingdom
580729,23503,PLAYING CARDS KEEP CALM & CARRY ON,2,2011-12-05 17:24:00,2.46,,United Kingdom
538566,22327,ROUND SNACK BOXES SET OF 4 SKULLS,1,2010-12-13 11:21:00,5.91,,United Kingdom
579885,22530,MAGIC DRAWING SLATE DOLLY GIRL ,2,2011-11-30 17:37:00,0.42,15444.0,United Kingdom
536544,22675,FRENCH KITCHEN SIGN BLUE METAL,2,2010-12-01 14:32:00,2.51,,United Kingdom
570677,21745,GAOLERS KEYS DECORATIVE GARDEN ,2,2011-10-11 15:10:00,3.75,12836.0,United Kingdom
548507,22957,SET 3 PAPER VINTAGE CHICK PAPER EGG,3,2011-03-31 14:47:00,2.95,13573.0,United Kingdom
560433,90129E,PURPLE GLASS TASSLE BAG CHARM,2,2011-07-18 15:49:00,1.63,,United Kingdom
575900,23005,TRAVEL CARD WALLET I LOVE LONDON,1,2011-11-11 15:14:00,0.42,,United Kingdom
574950,23328,SET 6 SCHOOL MILK BOTTLES IN CRATE,8,2011-11-08 09:29:00,7.46,,United Kingdom
553120,22729,ALARM CLOCK BAKELIKE ORANGE,4,2011-05-13 12:12:00,3.75,17139.0,United Kingdom
542345,21232,STRAWBERRY CERAMIC TRINKET BOX,2,2011-01-27 11:55:00,1.25,15910.0,United Kingdom
C553914,84279P,CHERRY BLOSSOM  DECORATIVE FLASK,-2,2011-05-19 19:50:00,3.75,18109.0,United Kingdom
540489,21755,LOVE BUILDING BLOCK WORD,3,2011-01-07 16:32:00,5.95,13593.0,United Kingdom
575610,20866,BLUE ROSE FABRIC MIRROR,12,2011-11-10 12:45:00,1.25,16628.0,United Kingdom
C571059,85066,CREAM SWEETHEART MINI CHEST,-1,2011-10-13 14:27:00,12.75,17813.0,United Kingdom
545305,46775D,SUNSET COLOUR CHUNKY KNITTED THROW,2,2011-03-01 12:58:00,16.95,15257.0,United Kingdom
571709,23188,VINTAGE  2 METRE FOLDING RULER,12,2011-10-18 15:52:00,1.65,16463.0,United Kingdom
557892,21713,CITRONELLA CANDLE FLOWERPOT,4,2011-06-23 14:11:00,2.1,14534.0,United Kingdom
575477,21231,SWEETHEART CERAMIC TRINKET BOX,1,2011-11-09 16:14:00,2.46,,United Kingdom
565231,20713,JUMBO BAG OWLS,1,2011-09-02 09:26:00,4.13,,United Kingdom
573267,72802C,VANILLA SCENT CANDLE JEWELLED BOX,3,2011-10-28 12:44:00,4.25,,United Kingdom
566949,22703,PINK CAT BOWL,1,2011-09-15 16:32:00,1.63,,United Kingdom
539450,22072,RED RETROSPOT TEA CUP AND SAUCER ,3,2010-12-17 16:53:00,3.75,15570.0,United Kingdom
578934,22114,HOT WATER BOTTLE TEA AND SYMPATHY,2,2011-11-27 12:47:00,4.25,14577.0,United Kingdom
538836,22141,CHRISTMAS CRAFT TREE TOP ANGEL,80,2010-12-14 13:09:00,1.85,12748.0,United Kingdom
577749,22614,PACK OF 12 SPACEBOY TISSUES,12,2011-11-21 14:26:00,0.39,16242.0,United Kingdom
562132,22908,PACK OF 20 NAPKINS RED APPLES,12,2011-08-03 09:40:00,0.85,13384.0,United Kingdom
572475,22090,PAPER BUNTING RETROSPOT,1,2011-10-24 13:37:00,2.95,15271.0,United Kingdom
565759,23404,HOME SWEET HOME BLACKBOARD,6,2011-09-06 13:46:00,4.95,12720.0,Germany
576837,23537,WALL ART I LOVE LONDON ,1,2011-11-16 15:16:00,10.79,,United Kingdom
555260,21868,POTTING SHED TEA MUG,3,2011-06-01 15:34:00,1.25,13263.0,United Kingdom
577482,22375,AIRLINE BAG VINTAGE JET SET BROWN,2,2011-11-20 11:43:00,4.25,16762.0,United Kingdom
560231,21524,DOORMAT SPOTTY HOME SWEET HOME,4,2011-07-17 10:55:00,7.95,13305.0,United Kingdom
570668,22659,LUNCH BOX I LOVE LONDON,4,2011-10-11 14:34:00,1.95,17837.0,United Kingdom
579694,23353,6 GIFT TAGS VINTAGE CHRISTMAS ,6,2011-11-30 14:11:00,1.63,,United Kingdom
546884,22678,FRENCH BLUE METAL DOOR SIGN 3,2,2011-03-17 18:08:00,2.46,,United Kingdom
563538,22212,FOUR HOOK  WHITE LOVEBIRDS,2,2011-08-17 11:48:00,2.1,17841.0,United Kingdom
574561,22326,ROUND SNACK BOXES SET OF4 WOODLAND ,1,2011-11-04 15:52:00,5.79,,United Kingdom
555946,21245,GREEN POLKADOT PLATE ,2,2011-06-08 10:43:00,1.69,17238.0,United Kingdom
562113,21471,STRAWBERRY RAFFIA FOOD COVER,4,2011-08-02 16:11:00,3.29,,United Kingdom
539985,84029G,KNITTED UNION FLAG HOT WATER BOTTLE,24,2010-12-23 15:16:00,3.39,15856.0,United Kingdom
571360,23146,TRIPLE HOOK ANTIQUE IVORY ROSE,4,2011-10-17 11:51:00,3.29,16563.0,United Kingdom
557798,22356,CHARLOTTE BAG PINK POLKADOT,10,2011-06-23 09:38:00,0.85,16187.0,United Kingdom
562553,17012D,ORIGAMI ROSE INCENSE/CANDLE SET ,1,2011-08-05 16:34:00,2.46,,United Kingdom
552364,84991,60 TEATIME FAIRY CAKE CASES,24,2011-05-09 12:25:00,0.55,13004.0,United Kingdom
569493,84946,ANTIQUE SILVER T-LIGHT GLASS,12,2011-10-04 13:35:00,1.25,13317.0,United Kingdom
562033,23175,REGENCY MILK JUG PINK ,6,2011-08-02 08:49:00,3.25,15410.0,United Kingdom
560357,23203,JUMBO BAG DOILEY PATTERNS,10,2011-07-18 11:42:00,2.08,15527.0,United Kingdom
538854,22191,IVORY DINER WALL CLOCK,2,2010-12-14 13:44:00,8.5,13102.0,United Kingdom
575848,23367,SET 12 COLOUR PENCILS SPACEBOY ,6,2011-11-11 12:10:00,0.65,14178.0,United Kingdom
562602,23028,DRAWER KNOB CRACKLE GLAZE BLUE,12,2011-08-08 10:11:00,1.65,12865.0,Austria
561794,22989,SET 2 PANTRY DESIGN TEA TOWELS,6,2011-07-29 13:11:00,3.25,12921.0,United Kingdom
559300,23309,SET OF 60 I LOVE LONDON CAKE CASES ,24,2011-07-07 12:40:00,0.55,12471.0,Germany
545701,48138,DOORMAT UNION FLAG,10,2011-03-06 15:17:00,6.75,17107.0,United Kingdom
548708,21171,BATHROOM METAL SIGN ,4,2011-04-03 12:41:00,1.45,13269.0,United Kingdom
543399,84969,BOX OF 6 ASSORTED COLOUR TEASPOONS,2,2011-02-08 11:07:00,3.29,,United Kingdom
580778,22818,CARD CHRISTMAS VILLAGE,12,2011-12-06 11:07:00,0.42,16949.0,United Kingdom
540461,22417,PACK OF 60 SPACEBOY CAKE CASES,24,2011-01-07 12:44:00,0.55,15139.0,United Kingdom
560926,21430,SET/3 RED GINGHAM ROSE STORAGE BOX,2,2011-07-22 09:20:00,7.46,,United Kingdom
548510,22333,RETROSPOT PARTY BAG + STICKER SET,3,2011-03-31 15:02:00,1.65,17861.0,United Kingdom
551277,85123A,WHITE HANGING HEART T-LIGHT HOLDER,4,2011-04-27 13:06:00,2.95,13637.0,United Kingdom
577730,23298,SPOTTY BUNTING,2,2011-11-21 12:59:00,4.95,17253.0,United Kingdom
578347,23294,SET OF 6 SNACK LOAF BAKING CASES,1,2011-11-24 09:26:00,2.46,,United Kingdom
553831,22637,PIGGY BANK RETROSPOT ,6,2011-05-19 11:36:00,2.55,14442.0,Channel Islands
548987,22084,PAPER CHAIN KIT EMPIRE,1,2011-04-05 12:50:00,2.95,14535.0,United Kingdom
563017,23209,LUNCH BAG VINTAGE DOILY ,10,2011-08-11 12:48:00,1.65,13198.0,United Kingdom
565967,21121,SET/10 RED POLKADOT PARTY CANDLES,48,2011-09-08 11:27:00,1.25,14646.0,Netherlands
569246,21880,RED RETROSPOT TAPE,1,2011-10-03 09:57:00,0.42,14096.0,United Kingdom
544684,22116,METAL SIGN HIS DINNER IS SERVED,1,2011-02-22 16:32:00,1.63,,United Kingdom
562928,22139,RETROSPOT TEA SET CERAMIC 11 PC ,12,2011-08-10 15:29:00,4.95,15494.0,United Kingdom
558264,23082,SET 6 PAPER TABLE LANTERN HEARTS ,6,2011-06-28 09:10:00,3.75,16473.0,United Kingdom
578270,21901,"KEY FOB , BACK DOOR ",4,2011-11-23 13:39:00,1.63,14096.0,United Kingdom
576861,23328,SET 6 SCHOOL MILK BOTTLES IN CRATE,1,2011-11-16 16:00:00,3.75,18041.0,United Kingdom
538662,85170D,SET/6 PINK BIRD T-LIGHT CANDLES,24,2010-12-13 15:44:00,0.85,15159.0,United Kingdom
559163,85170D,SET/6 PINK BIRD T-LIGHT CANDLES,1,2011-07-06 16:33:00,2.46,,United Kingdom
559307,22730,ALARM CLOCK BAKELIKE IVORY,4,2011-07-07 13:02:00,3.75,15356.0,United Kingdom
550196,23156,SET OF 5 MINI GROCERY MAGNETS,1,2011-04-15 10:09:00,2.08,14796.0,United Kingdom
577507,84375,SET OF 20 KIDS COOKIE CUTTERS,2,2011-11-20 12:42:00,2.1,14710.0,United Kingdom
557263,21154,RED RETROSPOT OVEN GLOVE ,200,2011-06-19 11:08:00,1.06,14646.0,Netherlands
566250,22041,"RECORD FRAME 7"" SINGLE SIZE ",48,2011-09-11 12:10:00,2.1,15587.0,United Kingdom
549537,22262,FELT EGG COSY CHICKEN,1,2011-04-08 17:22:00,0.85,,United Kingdom
557208,23108,SET OF 10 LED DOLLY LIGHTS,4,2011-06-17 11:38:00,6.25,16172.0,United Kingdom
580367,23014,GLASS APOTHECARY BOTTLE ELIXIR,3,2011-12-02 16:39:00,8.29,,United Kingdom
569202,23008,DOLLY GIRL BABY GIFT SET,1,2011-09-30 17:22:00,10.79,,United Kingdom
580397,21876,POTTERING MUG,1,2011-12-04 11:24:00,1.65,13558.0,United Kingdom
C574347,23395,BELLE JARDINIERE CUSHION COVER,-3,2011-11-04 10:28:00,3.75,12500.0,Germany
579458,23274,STAR T-LIGHT HOLDER WILLIE WINKIE,1,2011-11-29 14:38:00,1.65,16549.0,United Kingdom
581217,23082,SET 6 PAPER TABLE LANTERN HEARTS ,4,2011-12-08 09:20:00,7.46,,United Kingdom
552860,22428,ENAMEL FIRE BUCKET CREAM,1,2011-05-11 16:26:00,6.95,17889.0,United Kingdom
568101,23353,6 GIFT TAGS VINTAGE CHRISTMAS ,12,2011-09-23 15:21:00,0.83,15978.0,United Kingdom
566281,23273,HEART T-LIGHT HOLDER WILLIE WINKIE,12,2011-09-11 14:15:00,1.65,12748.0,United Kingdom
575739,21642,ASSORTED TUTTI FRUTTI PEN,1,2011-11-11 09:05:00,1.63,,United Kingdom
550134,47566,PARTY BUNTING,8,2011-04-14 13:50:00,4.95,16249.0,United Kingdom
550205,22698,PINK REGENCY TEACUP AND SAUCER,2,2011-04-15 10:37:00,5.79,,United Kingdom
C563601,23160,REGENCY TEA SPOON,-3,2011-08-18 06:25:00,1.25,13047.0,United Kingdom
555726,23275,SET OF 3 HANGING OWLS OLLIE BEAK,12,2011-06-06 16:23:00,1.25,12540.0,Spain
547709,22507,MEMO BOARD RETROSPOT  DESIGN,1,2011-03-24 18:43:00,4.95,18109.0,United Kingdom
561005,21198,WHITE HEART CONFETTI IN TUBE,5,2011-07-22 14:53:00,1.65,17961.0,United Kingdom
546977,20727,LUNCH BAG  BLACK SKULL.,3,2011-03-18 12:08:00,4.96,,United Kingdom
569568,84536B,FAIRY CAKES NOTEBOOK A7 SIZE,16,2011-10-05 09:57:00,0.42,12700.0,France
537624,20982,12 PENCILS TALL TUBE SKULLS,1,2010-12-07 14:41:00,0.85,12748.0,United Kingdom
575602,20975,12 PENCILS SMALL TUBE RED RETROSPOT,2,2011-11-10 12:27:00,0.65,17059.0,United Kingdom
544824,22968,ROSE COTTAGE KEEPSAKE BOX ,2,2011-02-24 09:32:00,9.95,17139.0,United Kingdom
558909,22748,POPPY'S PLAYHOUSE KITCHEN,12,2011-07-05 09:10:00,2.1,13408.0,United Kingdom
560224,85049G,CHOCOLATE BOX RIBBONS ,3,2011-07-15 16:06:00,1.25,14572.0,United Kingdom
565129,22980,PANTRY SCRUBBING BRUSH,1,2011-09-01 12:41:00,1.65,15719.0,United Kingdom
559914,84755,COLOUR GLASS T-LIGHT HOLDER HANGING,8,2011-07-13 15:13:00,1.24,,United Kingdom
574310,22791,T-LIGHT GLASS FLUTED ANTIQUE,12,2011-11-03 16:56:00,1.25,13467.0,United Kingdom
C564996,20726,LUNCH BAG WOODLAND,-1,2011-08-31 16:10:00,1.65,17677.0,United Kingdom
577106,21967,PACK OF 12 SKULL TISSUES,4,2011-11-17 17:18:00,0.39,14456.0,United Kingdom
570491,23412,HEART MIRROR ANTIQUE WHITE,1,2011-10-10 17:26:00,7.5,14395.0,United Kingdom
567099,23016,GLASS TWIST BON BON JAR,1,2011-09-16 13:31:00,7.85,15311.0,United Kingdom
539252,22610,PENS ASSORTED FUNNY FACE,72,2010-12-16 14:17:00,0.21,17744.0,United Kingdom
567530,22551,PLASTERS IN TIN SPACEBOY,12,2011-09-21 09:33:00,1.65,12390.0,Belgium
574709,22629,SPACEBOY LUNCH BOX ,3,2011-11-06 14:14:00,1.95,17768.0,United Kingdom
559506,20992,JAZZ HEARTS PURSE NOTEBOOK,6,2011-07-08 15:17:00,0.83,,United Kingdom
553172,23051,RECYCLED ACAPULCO MAT BLUE,4,2011-05-13 17:15:00,8.25,14031.0,United Kingdom
560539,21212,PACK OF 72 RETROSPOT CAKE CASES,48,2011-07-19 12:19:00,0.55,16745.0,United Kingdom
544778,22698,PINK REGENCY TEACUP AND SAUCER,2,2011-02-23 12:03:00,2.95,14978.0,United Kingdom
559817,20676,RED RETROSPOT BOWL,2,2011-07-12 16:20:00,2.46,,United Kingdom
575149,21137,BLACK RECORD COVER FRAME,4,2011-11-08 15:59:00,3.75,16626.0,United Kingdom
536531,21333,CLASSIC WHITE FRAME,12,2010-12-01 13:23:00,2.95,15485.0,United Kingdom
547663,23126,FELTCRAFT GIRL AMELIE KIT,1,2011-03-24 13:16:00,4.95,16022.0,United Kingdom
577320,23571,TRADITIONAL NAUGHTS & CROSSES,12,2011-11-18 13:44:00,1.65,13880.0,United Kingdom
578950,22555,PLASTERS IN TIN STRONGMAN,1,2011-11-27 14:40:00,1.65,17885.0,United Kingdom
573153,23287,RED VINTAGE SPOT BEAKER,16,2011-10-28 07:39:00,0.85,12678.0,France
580727,21868,POTTING SHED TEA MUG,2,2011-12-05 17:17:00,3.29,14096.0,United Kingdom
551173,84916,HAND TOWEL PALE BLUE W FLOWERS,1,2011-04-26 16:54:00,4.13,,United Kingdom
581219,21878,PACK OF 6 SANDCASTLE FLAGS ASSORTED,1,2011-12-08 09:28:00,1.63,,United Kingdom
576597,22818,CARD CHRISTMAS VILLAGE,72,2011-11-15 14:57:00,0.36,14194.0,United Kingdom
551014,23137,ZINC WIRE SWEETHEART LETTER TRAY,4,2011-04-26 11:04:00,3.75,13209.0,United Kingdom
536538,21466,RED FLOWER CROCHET FOOD COVER,1,2010-12-01 13:54:00,3.75,14594.0,United Kingdom
550817,85194L,HANGING SPRING FLOWER EGG LARGE,10,2011-04-20 17:00:00,0.85,17946.0,United Kingdom
548373,22026,BANQUET BIRTHDAY  CARD  ,1,2011-03-30 16:34:00,0.83,,United Kingdom
567721,22039,BOTANICAL LILY GIFT WRAP,100,2011-09-22 10:38:00,0.42,12409.0,Switzerland
579512,22698,PINK REGENCY TEACUP AND SAUCER,3,2011-11-29 16:47:00,5.79,,United Kingdom
559056,21401,BLUE PUDDING SPOON,24,2011-07-06 09:15:00,0.12,14645.0,United Kingdom
569687,23206,LUNCH BAG APPLE DESIGN,10,2011-10-05 14:53:00,1.65,13709.0,United Kingdom
564184,21123,SET/10 IVORY POLKADOT PARTY CANDLES,24,2011-08-23 15:11:00,1.25,,EIRE
567473,23301,GARDENERS KNEELING PAD KEEP CALM ,2,2011-09-20 12:50:00,1.65,17841.0,United Kingdom
565231,22955,36 FOIL STAR CAKE CASES ,1,2011-09-02 09:26:00,4.13,,United Kingdom
568060,23511,EMBROIDERED RIBBON REEL EMILY ,2,2011-09-23 13:11:00,2.08,14546.0,United Kingdom
563950,22961,JAM MAKING SET PRINTED,24,2011-08-22 10:39:00,1.45,12471.0,Germany
561214,22654,DELUXE SEWING KIT ,1,2011-07-25 17:00:00,11.63,,United Kingdom
542622,21698,MOCK LOBSTER FRIDGE MAGNET,1,2011-01-31 09:09:00,1.63,,United Kingdom
539958,90214M,"LETTER ""M"" BLING KEY RING",1,2010-12-23 13:26:00,0.85,,United Kingdom
C576324,20973,12 PENCIL SMALL TUBE WOODLAND,-2,2011-11-14 15:10:00,0.65,16161.0,United Kingdom
547418,22423,REGENCY CAKESTAND 3 TIER,1,2011-03-23 10:25:00,12.75,13148.0,United Kingdom
557790,21908,CHOCOLATE THIS WAY METAL SIGN,12,2011-06-22 16:33:00,2.1,14099.0,United Kingdom
542864,22222,CAKE PLATE LOVEBIRD WHITE,24,2011-02-01 12:03:00,1.95,13802.0,United Kingdom
578746,22112,CHOCOLATE HOT WATER BOTTLE,18,2011-11-25 11:36:00,12.46,,United Kingdom
575918,22496,SET OF 2 ROUND TINS DUTCH CHEESE,1,2011-11-11 16:58:00,2.95,17191.0,United Kingdom
542993,35923,CANDY HEART HANGING DECORATION,12,2011-02-02 12:02:00,1.25,16156.0,United Kingdom
574533,22568,FELTCRAFT CUSHION OWL,8,2011-11-04 14:24:00,3.75,12928.0,United Kingdom
576076,22386,JUMBO BAG PINK POLKADOT,1,2011-11-13 16:18:00,2.08,14382.0,United Kingdom
574920,23480,MINI LIGHTS WOODLAND MUSHROOMS,4,2011-11-07 16:34:00,3.75,13985.0,United Kingdom
574555,22675,FRENCH KITCHEN SIGN BLUE METAL,2,2011-11-04 15:29:00,1.25,16426.0,United Kingdom
560291,84993a,75 GREEN PETIT FOUR CASES,2,2011-07-18 10:17:00,0.83,,United Kingdom
559794,22994,TRAVEL CARD WALLET RETROSPOT,24,2011-07-12 13:16:00,0.42,16700.0,United Kingdom
561893,23209,LUNCH BAG DOILEY PATTERN ,1,2011-07-31 14:39:00,1.65,12942.0,United Kingdom
538883,22208,WOOD STAMP SET THANK YOU,1,2010-12-14 15:56:00,3.36,,United Kingdom
558647,20969,RED FLORAL FELTCRAFT SHOULDER BAG,4,2011-07-01 10:39:00,3.75,14868.0,United Kingdom
565460,22667,RECIPE BOX RETROSPOT ,6,2011-09-05 09:24:00,2.95,16843.0,United Kingdom
577106,72351B,SET/6 PINK  BUTTERFLY T-LIGHTS,1,2011-11-17 17:18:00,2.1,14456.0,United Kingdom
578044,20969,RED FLORAL FELTCRAFT SHOULDER BAG,4,2011-11-22 14:41:00,3.75,13488.0,United Kingdom
540418,16225,RATTLE SNAKE EGGS,3,2011-01-07 11:04:00,0.85,,United Kingdom
546656,22355,CHARLOTTE BAG SUKI DESIGN,4,2011-03-15 14:19:00,2.46,,United Kingdom
C562921,22699,ROSES REGENCY TEACUP AND SAUCER ,-2,2011-08-10 14:17:00,2.95,13767.0,United Kingdom
544770,20725,LUNCH BAG RED RETROSPOT,1,2011-02-23 11:11:00,4.96,,United Kingdom
571715,23189,SET OF 12 FORK CANDLES,4,2011-10-18 17:04:00,2.89,17576.0,United Kingdom
580156,23341,PINK DINER WALL CLOCK,4,2011-12-02 10:32:00,8.5,14897.0,United Kingdom
566495,23436,VINTAGE CHRISTMAS GIFT BAG LARGE ,20,2011-09-13 11:14:00,1.25,15529.0,United Kingdom
574561,21251,DINOSAUR HEIGHT CHART STICKER SET,1,2011-11-04 15:52:00,5.79,,United Kingdom
574253,23177,TREASURE ISLAND BOOK BOX,8,2011-11-03 13:30:00,2.25,15252.0,United Kingdom
574898,23343,JUMBO BAG VINTAGE CHRISTMAS ,10,2011-11-07 15:07:00,2.08,16242.0,United Kingdom
541858,21509,COWBOYS AND INDIANS BIRTHDAY CARD ,12,2011-01-23 15:34:00,0.42,16983.0,United Kingdom
567966,21115,ROSE CARAVAN DOORSTOP,2,2011-09-23 09:26:00,6.75,16782.0,United Kingdom
575735,21326,AGED GLASS SILVER T-LIGHT HOLDER,12,2011-11-11 08:46:00,0.65,14156.0,EIRE
557621,21889,WOODEN BOX OF DOMINOES,12,2011-06-21 14:00:00,1.25,12444.0,Norway
569129,21754,HOME BUILDING BLOCK WORD,1,2011-09-30 13:40:00,6.25,15034.0,United Kingdom
541592,22303,COFFEE MUG APPLES DESIGN,2,2011-01-19 15:08:00,4.96,,United Kingdom
577358,23120,PACK OF 6 SMALL FRUIT STRAWS,1,2011-11-18 15:59:00,0.79,,United Kingdom
550320,84459A,PINK METAL CHICKEN HEART ,2,2011-04-17 12:37:00,1.49,12748.0,United Kingdom
540551,22966,GINGERBREAD MAN COOKIE CUTTER,1,2011-01-10 09:43:00,2.51,,United Kingdom
561195,22063,CERAMIC BOWL WITH STRAWBERRY DESIGN,3,2011-07-25 13:57:00,2.95,14796.0,United Kingdom
580983,23223,CHRISTMAS TREE HANGING SILVER ,2,2011-12-06 16:26:00,1.63,,United Kingdom
556083,85099B,JUMBO BAG RED RETROSPOT,7,2011-06-08 15:23:00,4.13,,United Kingdom
577768,22166,WALL MIRROR RECTANGLE DIAMANTE PINK,1,2011-11-21 15:18:00,7.46,,United Kingdom
548158,20748,KENSINGTON COFFEE SET,3,2011-03-29 13:28:00,12.75,15906.0,United Kingdom
574833,22617,BAKING SET SPACEBOY DESIGN,3,2011-11-07 11:29:00,4.95,12827.0,United Kingdom
545215,21733,RED HANGING HEART T-LIGHT HOLDER,9,2011-02-28 16:47:00,2.95,,United Kingdom
C566751,22796,PHOTO FRAME 3 CLASSIC HANGING,-2,2011-09-14 15:42:00,9.95,14911.0,EIRE
574491,22367,CHILDRENS APRON SPACEBOY DESIGN,8,2011-11-04 13:05:00,1.95,16318.0,United Kingdom
562457,21212,PACK OF 72 RETROSPOT CAKE CASES,24,2011-08-05 11:00:00,0.55,18079.0,United Kingdom
544154,15036,ASSORTED COLOURS SILK FAN,600,2011-02-16 12:13:00,0.65,13414.0,United Kingdom
548728,84375,SET OF 20 KIDS COOKIE CUTTERS,12,2011-04-04 09:55:00,2.1,13198.0,United Kingdom
578472,22467,GUMBALL COAT RACK,12,2011-11-24 12:40:00,2.55,12476.0,Germany
543370,22847,BREAD BIN DINER STYLE IVORY,2,2011-02-07 14:51:00,16.95,12359.0,Cyprus
558328,16156S,WRAP PINK FAIRY CAKES ,25,2011-06-28 12:09:00,0.42,15146.0,United Kingdom
567043,79066K,RETRO MOD TRAY,24,2011-09-16 11:27:00,0.85,13268.0,United Kingdom
577497,22175,PINK OWL SOFT TOY,1,2011-11-20 12:22:00,2.95,17555.0,United Kingdom
576696,21731,RED TOADSTOOL LED NIGHT LIGHT,1,2011-11-16 12:26:00,1.65,16669.0,United Kingdom
541811,47518f,ICON PLACEMAT POP ART ELVIS,1,2011-01-21 15:01:00,4.13,,United Kingdom
566562,22537,MAGIC DRAWING SLATE DINOSAUR,48,2011-09-13 12:18:00,0.42,17365.0,United Kingdom
559337,22342,HOME GARLAND PAINTED ZINC ,2,2011-07-07 16:27:00,1.63,,United Kingdom
569248,22950,36 DOILIES VINTAGE CHRISTMAS,12,2011-10-03 10:09:00,1.45,12886.0,United Kingdom
569220,20971,PINK BLUE FELT CRAFT TRINKET BOX,4,2011-10-02 13:26:00,1.25,16007.0,United Kingdom
543652,21242,RED RETROSPOT PLATE ,8,2011-02-11 10:15:00,1.69,15544.0,United Kingdom
540681,22356,CHARLOTTE BAG PINK POLKADOT,3,2011-01-10 16:25:00,1.66,,United Kingdom
558614,22609,PENS ASSORTED SPACEBALL,23,2011-06-30 15:56:00,0.42,,United Kingdom
539437,21991,BOHEMIAN COLLAGE STATIONERY SET,1,2010-12-17 14:54:00,2.51,,United Kingdom
547514,84507B,STRIPES DESIGN MONKEY DOLL,6,2011-03-23 14:00:00,2.55,17486.0,United Kingdom
580290,21906,PHARMACIE FIRST AID TIN,1,2011-12-02 13:35:00,6.75,17221.0,United Kingdom
556542,22556,PLASTERS IN TIN CIRCUS PARADE ,4,2011-06-13 12:52:00,1.65,14719.0,United Kingdom
578347,21356,TOAST ITS - FAIRY FLOWER,4,2011-11-24 09:26:00,0.83,,United Kingdom
577973,21733,RED HANGING HEART T-LIGHT HOLDER,32,2011-11-22 12:13:00,2.55,13798.0,United Kingdom
549716,22998,TRAVEL CARD WALLET KEEP CALM,24,2011-04-11 14:43:00,0.42,14628.0,United Kingdom
565675,85123A,WHITE HANGING HEART T-LIGHT HOLDER,32,2011-09-06 09:51:00,2.55,15513.0,United Kingdom
546237,62086A,PINK RETRO BIG FLOWER BAG,6,2011-03-10 12:50:00,1.95,16625.0,United Kingdom
557118,22149,FELTCRAFT 6 FLOWER FRIENDS,6,2011-06-16 17:05:00,2.1,14849.0,United Kingdom
553006,21988,PACK OF 6 SKULL PAPER PLATES,12,2011-05-12 16:45:00,0.85,15544.0,United Kingdom
555249,22478,BIRDHOUSE GARDEN MARKER ,10,2011-06-01 14:57:00,1.25,17472.0,United Kingdom
541104,20801,LARGE PINK GLASS SUNDAE DISH,1,2011-01-13 14:29:00,2.46,,United Kingdom
565649,22844,VINTAGE CREAM DOG FOOD CONTAINER,2,2011-09-05 16:27:00,8.5,16712.0,United Kingdom
551517,84378,SET OF 3 HEART COOKIE CUTTERS,3,2011-05-01 11:14:00,1.25,16931.0,United Kingdom
553192,20967,GREY FLORAL FELTCRAFT SHOULDER BAG,3,2011-05-15 13:27:00,3.75,15333.0,United Kingdom
547547,22241,GARLAND WOODEN HAPPY EASTER,1,2011-03-23 15:30:00,2.46,,United Kingdom
573841,20914,SET/5 RED RETROSPOT LID GLASS BOWLS,1,2011-11-01 11:39:00,2.95,14995.0,United Kingdom
562804,23209,LUNCH BAG DOILEY PATTERN ,10,2011-08-09 14:48:00,1.65,13355.0,United Kingdom
565854,84997C,CHILDRENS CUTLERY POLKADOT BLUE,8,2011-09-07 13:22:00,4.15,12490.0,France
546310,82486,WOOD S/3 CABINET ANT WHITE FINISH,12,2011-03-10 16:26:00,8.15,15291.0,United Kingdom
578015,22595,GINGHAM HEART DECORATION,48,2011-11-22 12:58:00,0.85,12971.0,United Kingdom
580301,23571,TRADITIONAL NAUGHTS & CROSSES,12,2011-12-02 14:11:00,1.65,15271.0,United Kingdom
567507,22149,FELTCRAFT 6 FLOWER FRIENDS,1,2011-09-20 14:46:00,4.96,,United Kingdom
550137,22692,DOORMAT WELCOME TO OUR HOME,10,2011-04-14 13:59:00,6.75,12477.0,Germany
563924,82483,WOOD 2 DRAWER CABINET WHITE FINISH,1,2011-08-21 14:32:00,6.95,15984.0,United Kingdom
562574,84949,SILVER HANGING T-LIGHT HOLDER,6,2011-08-07 12:42:00,1.65,14903.0,United Kingdom
560504,15056BL,EDWARDIAN PARASOL BLACK,3,2011-07-19 11:47:00,5.95,13081.0,United Kingdom
559898,22469,HEART OF WICKER SMALL,4,2011-07-13 12:18:00,1.65,16225.0,United Kingdom
578093,21499,BLUE POLKADOT WRAP,50,2011-11-22 17:21:00,0.42,14911.0,EIRE
580115,23113,PANTRY CHOPPING BOARD,1,2011-12-01 16:22:00,10.79,,United Kingdom
578233,21902,"KEY FOB , FRONT  DOOR ",1,2011-11-23 12:20:00,0.65,14049.0,United Kingdom
575930,21231,SWEETHEART CERAMIC TRINKET BOX,2,2011-11-11 17:58:00,2.46,,United Kingdom
576339,47480,HANGING PHOTO CLIP ROPE LADDER,3,2011-11-14 15:27:00,3.29,14096.0,United Kingdom
558475,22326,ROUND SNACK BOXES SET OF4 WOODLAND ,3,2011-06-29 15:58:00,5.79,,United Kingdom
573248,23300,GARDENERS KNEELING PAD CUP OF TEA ,4,2011-10-28 12:09:00,1.65,14498.0,United Kingdom
580501,22866,HAND WARMER SCOTTY DOG DESIGN,2,2011-12-04 13:00:00,2.1,14546.0,United Kingdom
572121,23372,SET 36 COLOUR PENCILS DOLLY GIRL,6,2011-10-20 19:51:00,1.25,17092.0,United Kingdom
544406,20767,BLUE PAISLEY JOURNAL ,2,2011-02-18 13:26:00,2.55,16726.0,United Kingdom
581125,16216,LETTER SHAPE PENCIL SHARPENER,25,2011-12-07 12:41:00,0.06,14087.0,United Kingdom
554097,20675,BLUE POLKADOT BOWL,8,2011-05-22 13:01:00,1.25,12567.0,France
546435,22127,PARTY CONES CARNIVAL ASSORTED,12,2011-03-14 09:37:00,1.25,15671.0,United Kingdom
565396,21080,SET/20 RED RETROSPOT PAPER NAPKINS ,1,2011-09-02 16:39:00,1.63,,United Kingdom
544190,85016,SET OF 6 VINTAGE NOTELETS KIT,6,2011-02-16 16:56:00,2.55,13089.0,United Kingdom
560772,22505,MEMO BOARD COTTAGE DESIGN,7,2011-07-20 16:12:00,5.79,,United Kingdom
561246,22991,GIRAFFE WOODEN RULER,12,2011-07-26 11:38:00,1.95,16951.0,United Kingdom
574874,21929,JUMBO BAG PINK VINTAGE PAISLEY,10,2011-11-07 13:06:00,2.08,14911.0,EIRE
576076,22609,PENS ASSORTED SPACEBALL,72,2011-11-13 16:18:00,0.19,14382.0,United Kingdom
565840,22546,MINI JIGSAW PURDEY,1,2011-09-07 12:02:00,0.83,,United Kingdom
545019,21507,"ELEPHANT, BIRTHDAY CARD, ",24,2011-02-25 13:56:00,0.42,15093.0,United Kingdom
574328,21121,SET/10 RED POLKADOT PARTY CANDLES,24,2011-11-04 09:05:00,1.25,13081.0,United Kingdom
550778,22301,COFFEE MUG CAT + BIRD DESIGN,6,2011-04-20 13:36:00,2.55,14868.0,United Kingdom
560255,23021,GLASS BONNE JAM JAR,3,2011-07-17 13:08:00,4.15,16054.0,United Kingdom
562602,23292,SPACEBOY CHILDRENS CUP,8,2011-08-08 10:11:00,1.25,12865.0,Austria
556576,82494L,WOODEN FRAME ANTIQUE WHITE ,2,2011-06-13 13:55:00,2.95,14606.0,United Kingdom
576392,21926,RED/CREAM STRIPE CUSHION COVER ,12,2011-11-15 10:17:00,1.25,15105.0,United Kingdom
560716,20972,PINK CREAM FELT CRAFT TRINKET BOX ,12,2011-07-20 13:26:00,1.25,17675.0,United Kingdom
558382,20847,ZINC HEART LATTICE CHARGER LARGE,12,2011-06-28 17:28:00,3.75,17997.0,United Kingdom
541696,84692,BOX OF 24 COCKTAIL PARASOLS,2,2011-01-20 18:08:00,0.83,,United Kingdom
566554,23203,JUMBO BAG VINTAGE DOILY ,20,2011-09-13 11:39:00,2.08,13136.0,United Kingdom
580059,22197,POPCORN HOLDER,50,2011-12-01 13:22:00,0.85,17768.0,United Kingdom
565434,22962,JAM JAR WITH PINK LID,6,2011-09-04 13:35:00,0.85,12867.0,United Kingdom
569898,82583,HOT BATHS METAL SIGN,2,2011-10-06 16:08:00,4.13,,United Kingdom
570884,22905,CALENDAR IN SEASON DESIGN,1,2011-10-13 10:09:00,2.95,17315.0,United Kingdom
567092,23192,BUNDLE OF 3 ALPHABET EXERCISE BOOKS,12,2011-09-16 12:48:00,1.65,13196.0,United Kingdom
568712,23191,BUNDLE OF 3 RETRO NOTE BOOKS,1,2011-09-28 15:50:00,1.65,17841.0,United Kingdom
543300,47310M,"SMALL POP BOX,FUNKY MONKEY",3,2011-02-07 11:42:00,1.25,13334.0,United Kingdom
569780,23201,JUMBO BAG ALPHABET,10,2011-10-06 11:38:00,2.08,13199.0,United Kingdom
581219,21620,SET OF 4 ROSE BOTANICAL CANDLES,3,2011-12-08 09:28:00,3.29,,United Kingdom
557937,22269,EGG CUP NATURAL CHICKEN,2,2011-06-23 15:30:00,0.83,,United Kingdom
558888,23197,SKETCHBOOK MAGNETIC SHOPPING LIST,3,2011-07-04 15:29:00,1.45,14056.0,United Kingdom
562593,47590B,PINK HAPPY BIRTHDAY BUNTING,1,2011-08-07 15:43:00,5.45,16549.0,United Kingdom
540976,21955,DOORMAT UNION JACK GUNS AND ROSES,2,2011-01-12 15:00:00,7.95,12652.0,France
565733,23328,SET 6 SCHOOL MILK BOTTLES IN CRATE,4,2011-09-06 12:11:00,3.75,16359.0,United Kingdom
571117,23047,PAPER LANTERN 5 POINT SEQUIN STAR,2,2011-10-13 17:51:00,5.75,16224.0,United Kingdom
551872,10133,COLOURING PENCILS BROWN TUBE,10,2011-05-04 17:19:00,0.85,12955.0,United Kingdom
561020,21361,LOVE LARGE WOOD LETTERS ,1,2011-07-22 17:21:00,12.75,13563.0,United Kingdom
572662,84030E,ENGLISH ROSE HOT WATER BOTTLE,2,2011-10-25 12:54:00,4.25,15443.0,United Kingdom
564818,22203,MILK PAN RED RETROSPOT,1,2011-08-30 12:10:00,7.46,,United Kingdom
539607,21700,BIG DOUGHNUT FRIDGE MAGNETS,24,2010-12-20 14:10:00,0.85,12681.0,France
574741,22423,REGENCY CAKESTAND 3 TIER,1,2011-11-06 16:13:00,12.75,15993.0,United Kingdom
549524,21864,UNION JACK FLAG PASSPORT COVER ,1,2011-04-08 15:42:00,4.13,,United Kingdom
580367,84032A,CHARLIE+LOLA PINK HOT WATER BOTTLE,3,2011-12-02 16:39:00,3.29,,United Kingdom
574298,22314,OFFICE MUG WARMER CHOC+BLUE,1,2011-11-03 15:56:00,5.79,,United Kingdom
558614,22807,SET OF 6 T-LIGHTS TOADSTOOLS,7,2011-06-30 15:56:00,2.46,,United Kingdom
541965,22556,PLASTERS IN TIN CIRCUS PARADE ,12,2011-01-24 13:27:00,1.65,12625.0,Germany
580305,21745,GAOLERS KEYS DECORATIVE GARDEN ,1,2011-12-02 14:26:00,3.75,12970.0,United Kingdom
548165,22371,AIRLINE BAG VINTAGE TOKYO 78,1,2011-03-29 13:44:00,8.29,,United Kingdom
558867,23099,FRENCH CARRIAGE LANTERN,2,2011-07-04 12:41:00,6.65,17765.0,United Kingdom
568494,22291,HANGING CHICK CREAM DECORATION,6,2011-09-27 12:08:00,1.45,16266.0,United Kingdom
568667,21901,"KEY FOB , BACK DOOR ",2,2011-09-28 13:00:00,0.65,14606.0,United Kingdom
540821,21556,CERAMIC STRAWBERRY MONEY BOX,3,2011-01-11 13:16:00,2.51,,United Kingdom
550328,35961,FOLKART ZINC HEART CHRISTMAS DEC,1,2011-04-17 13:18:00,0.85,17582.0,United Kingdom
572567,20718,RED RETROSPOT SHOPPER BAG,10,2011-10-25 10:27:00,1.25,12398.0,Switzerland
578936,22098,BOUDOIR SQUARE TISSUE BOX,2,2011-11-27 13:00:00,0.39,16923.0,United Kingdom
569631,22748,POPPY'S PLAYHOUSE KITCHEN,6,2011-10-05 11:53:00,2.1,13483.0,United Kingdom
570718,POST,POSTAGE,2,2011-10-12 10:36:00,18.0,12518.0,Germany
558705,37413,ICON MUG REVOLUTIONARY,1,2011-07-01 12:52:00,0.39,12748.0,United Kingdom
540813,22563,HAPPY STENCIL CRAFT,6,2011-01-11 12:41:00,1.25,14669.0,United Kingdom
580513,22400,MAGNETS PACK OF 4 HOME SWEET HOME,1,2011-12-04 13:59:00,0.39,14456.0,United Kingdom
560271,21967,PACK OF 12 SKULL TISSUES,1,2011-07-17 14:51:00,0.29,16474.0,United Kingdom
574298,21680,WOODLAND  STICKERS,2,2011-11-03 15:56:00,1.63,,United Kingdom
571502,22112,CHOCOLATE HOT WATER BOTTLE,3,2011-10-17 15:18:00,4.95,14422.0,United Kingdom
557112,23243,SET OF TEA COFFEE SUGAR TINS PANTRY,1,2011-06-16 16:31:00,4.95,,United Kingdom
557503,22628,PICNIC BOXES SET OF 3 RETROSPOT ,4,2011-06-20 15:47:00,4.95,16839.0,United Kingdom
549234,21172,PARTY METAL SIGN ,1,2011-04-07 11:12:00,1.45,16515.0,United Kingdom
578118,21136,PAINTED METAL PEARS ASSORTED,16,2011-11-23 10:08:00,1.69,12955.0,United Kingdom
559028,20723,STRAWBERRY CHARLOTTE BAG,10,2011-07-05 14:27:00,0.85,12839.0,United Kingdom
563241,22050,PINK PAISLEY ROSE GIFT WRAP,50,2011-08-15 10:22:00,0.42,12758.0,Portugal
565397,23323,WHITE WICKER STAR ,2,2011-09-02 16:43:00,2.1,14171.0,United Kingdom
552234,22489,PACK OF 12 TRADITIONAL CRAYONS,1,2011-05-06 16:01:00,0.83,,United Kingdom
547644,85123A,WHITE HANGING HEART T-LIGHT HOLDER,6,2011-03-24 11:38:00,2.95,14267.0,United Kingdom
575177,22952,60 CAKE CASES VINTAGE CHRISTMAS,2,2011-11-08 18:41:00,1.25,,United Kingdom
558418,21787,RAIN PONCHO RETROSPOT,48,2011-06-29 11:35:00,0.85,12901.0,United Kingdom
577410,21930,JUMBO STORAGE BAG SKULLS,3,2011-11-20 10:59:00,2.08,14664.0,United Kingdom
569236,22151,PLACE SETTING WHITE HEART,2,2011-10-02 15:49:00,0.42,14432.0,United Kingdom
564335,48188,DOORMAT WELCOME PUPPIES,2,2011-08-24 14:23:00,7.95,15800.0,United Kingdom
570888,22940,FELTCRAFT CHRISTMAS FAIRY,4,2011-10-13 10:26:00,4.25,17509.0,United Kingdom
562933,22161,HEART DECORATION RUSTIC HANGING ,4,2011-08-10 16:51:00,0.79,,United Kingdom
544450,22519,CHILDS GARDEN BRUSH PINK,3,2011-02-20 12:23:00,2.1,17811.0,United Kingdom
577490,20668,DISCO BALL CHRISTMAS DECORATION,72,2011-11-20 12:11:00,0.12,16464.0,United Kingdom
547938,22698,PINK REGENCY TEACUP AND SAUCER,6,2011-03-28 14:33:00,2.95,13901.0,United Kingdom
556205,22963,JAM JAR WITH GREEN LID,12,2011-06-09 13:37:00,0.85,15827.0,United Kingdom
574722,22402,MAGNETS PACK OF 4 VINTAGE COLLAGE,14,2011-11-06 14:45:00,0.39,14502.0,United Kingdom
580730,22589,CARDHOLDER GINGHAM STAR,4,2011-12-05 17:28:00,4.96,,United Kingdom
546982,22449,SILK PURSE BABUSHKA PINK,1,2011-03-18 12:26:00,3.35,15483.0,United Kingdom
569669,22551,PLASTERS IN TIN SPACEBOY,2,2011-10-05 13:47:00,1.65,14730.0,United Kingdom
570230,71459,HANGING JAM JAR T-LIGHT HOLDERS,12,2011-10-09 13:41:00,0.85,18088.0,United Kingdom
570444,20728,LUNCH BAG CARS BLUE,2,2011-10-10 14:38:00,1.65,17284.0,United Kingdom
577078,23175,REGENCY MILK JUG PINK ,1,2011-11-17 15:17:00,7.46,,United Kingdom
547788,22418,10 COLOUR SPACEBOY PEN,1,2011-03-25 12:00:00,1.63,,United Kingdom
554066,84971S,SMALL HEART FLOWERS HOOK ,24,2011-05-22 10:40:00,0.85,12916.0,United Kingdom
538349,21126,SET OF 6 GIRLS CELEBRATION CANDLES,2,2010-12-10 14:59:00,2.51,,United Kingdom
537298,21014,SWISS CHALET TREE DECORATION ,12,2010-12-06 11:37:00,0.85,13497.0,United Kingdom
540478,20713,JUMBO BAG OWLS,300,2011-01-07 14:53:00,1.65,15769.0,United Kingdom
559653,23301,GARDENERS KNEELING PAD KEEP CALM ,1,2011-07-11 12:49:00,1.65,14552.0,United Kingdom
570167,22841,ROUND CAKE TIN VINTAGE GREEN,2,2011-10-07 14:04:00,7.95,15615.0,United Kingdom
543732,21100,CHARLIE AND LOLA CHARLOTTE BAG,1,2011-02-11 12:02:00,4.13,,United Kingdom
558058,22037,ROBOT BIRTHDAY CARD,12,2011-06-24 15:00:00,0.42,14766.0,United Kingdom
551818,37447,CERAMIC CAKE DESIGN SPOTTED PLATE,12,2011-05-04 11:57:00,1.49,12569.0,Germany
574683,22865,HAND WARMER OWL DESIGN,1,2011-11-06 12:50:00,2.1,16372.0,United Kingdom
580289,82583,HOT BATHS METAL SIGN,12,2011-12-02 13:32:00,2.1,15856.0,United Kingdom
547786,20674,GREEN POLKADOT BOWL,1,2011-03-25 11:44:00,1.25,14587.0,United Kingdom
571562,23206,LUNCH BAG APPLE DESIGN,20,2011-10-18 10:04:00,1.65,14156.0,EIRE
572511,23284,DOORMAT KEEP CALM AND COME IN,2,2011-10-24 14:29:00,8.25,14895.0,United Kingdom
578347,23493,VINTAGE DOILY TRAVEL SEWING KIT,2,2011-11-24 09:26:00,3.29,,United Kingdom
573002,22940,FELTCRAFT CHRISTMAS FAIRY,48,2011-10-27 12:09:00,3.75,14646.0,Netherlands
568215,21912,VINTAGE SNAKES & LADDERS,4,2011-09-26 08:38:00,3.75,13390.0,United Kingdom
568668,82582,AREA PATROLLED METAL SIGN,2,2011-09-28 13:00:00,2.1,15750.0,United Kingdom
558339,23031,DRAWER KNOB CRACKLE GLAZE PINK,2,2011-06-28 13:55:00,1.65,16928.0,United Kingdom
544295,82581,TOILET METAL SIGN,24,2011-02-17 12:43:00,0.42,14298.0,United Kingdom
548894,21200,MULTICOLOUR HONEYCOMB PAPER GARLAND,7,2011-04-04 16:01:00,3.29,,United Kingdom
553899,22697,GREEN REGENCY TEACUP AND SAUCER,6,2011-05-19 17:25:00,2.95,14292.0,United Kingdom
539731,84915,HAND TOWEL PINK FLOWER AND DAISY,100,2010-12-21 15:05:00,1.25,14646.0,Netherlands
548612,21672,WHITE SPOT RED CERAMIC DRAWER KNOB,4,2011-04-01 11:34:00,1.25,13137.0,United Kingdom
557937,84796B,BLUE SAVANNAH PICNIC HAMPER FOR 2,1,2011-06-23 15:30:00,8.29,,United Kingdom
573868,22139,RETROSPOT TEA SET CERAMIC 11 PC ,3,2011-11-01 12:18:00,4.95,12491.0,France
580667,22423,REGENCY CAKESTAND 3 TIER,1,2011-12-05 14:19:00,12.75,15031.0,United Kingdom
580135,22909,SET OF 20 VINTAGE CHRISTMAS NAPKINS,2,2011-12-01 19:33:00,0.85,14702.0,United Kingdom
578307,23130,MISTLETOE HEART WREATH GREEN,1,2011-11-23 15:53:00,4.15,17290.0,United Kingdom
550470,85094,CANDY SPOT EGG WARMER RABBIT,2,2011-04-18 13:49:00,0.83,,United Kingdom
561897,21080,SET/20 RED RETROSPOT PAPER NAPKINS ,2,2011-07-31 15:24:00,0.85,17841.0,United Kingdom
571748,22567,20 DOLLY PEGS RETROSPOT,8,2011-10-19 11:13:00,1.45,18077.0,United Kingdom
543592,22623,BOX OF VINTAGE JIGSAW BLOCKS ,2,2011-02-10 11:57:00,4.95,17243.0,United Kingdom
540550,22358,KINGS CHOICE TEA CADDY ,6,2011-01-10 09:11:00,2.95,12539.0,Spain
563839,22672,FRENCH BATHROOM SIGN BLUE METAL,12,2011-08-19 13:24:00,1.65,16828.0,United Kingdom
556779,47566,PARTY BUNTING,3,2011-06-14 12:45:00,4.95,16774.0,United Kingdom
537051,22300,COFFEE MUG DOG + BALL DESIGN,6,2010-12-05 11:12:00,2.55,15708.0,United Kingdom
547840,22147,FELTCRAFT BUTTERFLY HEARTS,12,2011-03-27 10:56:00,1.45,15133.0,United Kingdom
570690,22739,RIBBON REEL CHRISTMAS SOCK BAUBLE,2,2011-10-11 16:37:00,3.29,,United Kingdom
567180,22970,LONDON BUS COFFEE MUG,3,2011-09-18 14:56:00,2.55,17802.0,United Kingdom
552662,22386,JUMBO BAG PINK POLKADOT,3,2011-05-10 15:04:00,4.13,,United Kingdom
568328,22998,TRAVEL CARD WALLET KEEP CALM,72,2011-09-26 14:06:00,0.42,18016.0,United Kingdom
538351,21866,UNION JACK FLAG LUGGAGE TAG,1,2010-12-10 15:17:00,3.36,,United Kingdom
558417,22728,ALARM CLOCK BAKELIKE PINK,50,2011-06-29 10:50:00,3.39,14156.0,EIRE
556017,23200,JUMBO BAG PEARS,10,2011-06-08 11:56:00,2.08,15382.0,United Kingdom
570467,22922,FRIDGE MAGNETS US DINER ASSORTED,12,2011-10-10 16:06:00,0.85,12607.0,USA
537144,22278,OVERNIGHT BAG VINTAGE ROSE PAISLEY,1,2010-12-05 13:00:00,4.95,15880.0,United Kingdom
568197,23408,PHOTO FRAME LINEN AND LACE SMALL,6,2011-09-25 14:52:00,2.08,16746.0,United Kingdom
549294,22180,RETROSPOT LAMP,1,2011-04-07 19:27:00,9.95,13230.0,United Kingdom
558542,22469,HEART OF WICKER SMALL,4,2011-06-30 12:23:00,1.65,13593.0,United Kingdom
577167,21733,RED HANGING HEART T-LIGHT HOLDER,3,2011-11-18 10:41:00,2.95,16511.0,United Kingdom
C555338,22413,METAL SIGN TAKE IT OR LEAVE IT ,-6,2011-06-02 11:22:00,2.95,14323.0,United Kingdom
553721,23201,JUMBO BAG ALPHABET,10,2011-05-18 16:37:00,1.95,16570.0,United Kingdom
556055,23200,JUMBO BAG PEARS,100,2011-06-08 13:33:00,1.79,14477.0,United Kingdom
576559,84879,ASSORTED COLOUR BIRD ORNAMENT,8,2011-11-15 13:19:00,1.69,14711.0,United Kingdom
550196,22859,EASTER TIN BUNNY BOUQUET,1,2011-04-15 10:09:00,1.65,14796.0,United Kingdom
572047,22909,SET OF 20 VINTAGE CHRISTMAS NAPKINS,2,2011-10-20 12:13:00,0.85,16474.0,United Kingdom
579468,82483,WOOD 2 DRAWER CABINET WHITE FINISH,1,2011-11-29 14:58:00,6.95,14711.0,United Kingdom
567656,22186,RED STAR CARD HOLDER,1,2011-09-21 14:40:00,5.79,14096.0,United Kingdom
569781,22047,EMPIRE GIFT WRAP,50,2011-10-06 11:38:00,0.42,13199.0,United Kingdom
570211,22866,HAND WARMER SCOTTY DOG DESIGN,1,2011-10-09 11:15:00,2.1,13558.0,United Kingdom
563714,22652,TRAVEL SEWING KIT,10,2011-08-18 15:51:00,1.65,14565.0,United Kingdom
579512,23421,PANTRY HOOK SPATULA,2,2011-11-29 16:47:00,4.13,,United Kingdom
579161,21380,WOODEN HAPPY BIRTHDAY GARLAND,1,2011-11-28 13:56:00,2.95,17379.0,United Kingdom
543826,22379,RECYCLING BAG RETROSPOT ,2,2011-02-14 09:41:00,4.13,,United Kingdom
573893,23042,PAPER LANTERN 7 POINT SNOW STAR,8,2011-11-01 13:57:00,6.65,18270.0,United Kingdom
564065,22818,CARD CHRISTMAS VILLAGE,12,2011-08-22 15:05:00,0.42,15150.0,United Kingdom
561614,23345, DOLLY GIRL BEAKER,12,2011-07-28 12:50:00,1.25,13871.0,United Kingdom
577309,20749,ASSORTED COLOUR MINI CASES,2,2011-11-18 13:14:00,7.95,15933.0,United Kingdom
551125,90136,PALE PINK/AMETHYST STONE NECKLACE,2,2011-04-26 12:47:00,9.95,17277.0,United Kingdom
569246,22421,LIPSTICK PEN FUSCHIA,3,2011-10-03 09:57:00,0.83,14096.0,United Kingdom
578344,21676,FLOWERS  STICKERS,1,2011-11-24 09:21:00,1.63,,United Kingdom
548894,22585,PACK OF 6 BIRDY GIFT TAGS,1,2011-04-04 16:01:00,2.46,,United Kingdom
554112,79191C,RETRO PLASTIC ELEPHANT TRAY,1,2011-05-22 14:44:00,0.85,17611.0,United Kingdom
556082,21864,UNION JACK FLAG PASSPORT COVER ,1,2011-06-08 15:22:00,4.13,,United Kingdom
547772,21928,JUMBO BAG SCANDINAVIAN BLUE PAISLEY,1,2011-03-25 11:34:00,1.95,17979.0,United Kingdom
561631,23306,SET OF 36 DOILIES PANTRY DESIGN,12,2011-07-28 14:27:00,1.45,14911.0,EIRE
580432,22220,CAKE STAND LOVEBIRD 2 TIER WHITE,12,2011-12-04 12:14:00,2.95,13153.0,United Kingdom
567665,21314,SMALL GLASS HEART TRINKET POT,2,2011-09-21 15:22:00,4.13,,United Kingdom
567424,22085,PAPER CHAIN KIT SKULLS ,1,2011-09-20 11:16:00,2.95,16369.0,United Kingdom
554826,20728,LUNCH BAG CARS BLUE,10,2011-05-26 14:53:00,1.65,12493.0,France
537457,21907,I'M ON HOLIDAY METAL SIGN,48,2010-12-07 09:51:00,1.85,17511.0,United Kingdom
538508,22754,SMALL RED BABUSHKA NOTEBOOK ,3,2010-12-12 13:32:00,0.85,15998.0,United Kingdom
548894,21880,RED RETROSPOT TAPE,6,2011-04-04 16:01:00,0.42,,United Kingdom
542401,22493,PAINT YOUR OWN CANVAS SET,2,2011-01-27 15:51:00,1.65,14541.0,United Kingdom
560926,22204,MILK PAN BLUE POLKADOT,2,2011-07-22 09:20:00,3.29,,United Kingdom
578833,20728,LUNCH BAG CARS BLUE,1,2011-11-25 15:23:00,4.96,,United Kingdom
553549,22720,SET OF 3 CAKE TINS PANTRY DESIGN ,1,2011-05-17 16:09:00,4.95,,United Kingdom
544940,22646,CERAMIC STRAWBERRY CAKE MONEY BANK,12,2011-02-25 10:19:00,1.45,16592.0,United Kingdom
581492,22730,ALARM CLOCK BAKELIKE IVORY,1,2011-12-09 10:03:00,7.46,,United Kingdom
563895,22729,ALARM CLOCK BAKELIKE ORANGE,8,2011-08-21 10:35:00,3.75,18229.0,United Kingdom
541883,22938,CUPCAKE LACE PAPER SET 6,48,2011-01-24 10:56:00,1.65,13408.0,United Kingdom
552528,22727,ALARM CLOCK BAKELIKE RED ,3,2011-05-09 16:59:00,3.75,17218.0,United Kingdom
581492,22900,SET 2 TEA TOWELS I LOVE LONDON ,3,2011-12-09 10:03:00,6.63,,United Kingdom
C546897,22720,SET OF 3 CAKE TINS PANTRY DESIGN ,-1,2011-03-17 18:25:00,4.95,18183.0,United Kingdom
578146,23461,SWEETHEART BIRD HOUSE,1,2011-11-23 11:07:00,4.15,13742.0,United Kingdom
576345,22810,SET OF 6 T-LIGHTS SNOWMEN,6,2011-11-14 15:37:00,2.95,12374.0,Austria
569729,22695,WICKER WREATH SMALL,12,2011-10-06 09:43:00,1.45,16350.0,United Kingdom
C559670,22667,RECIPE BOX RETROSPOT ,-1,2011-07-11 13:51:00,2.95,16033.0,United Kingdom
577484,22633,HAND WARMER UNION JACK,6,2011-11-20 11:52:00,2.1,13536.0,United Kingdom
556009,21135,VICTORIAN  METAL POSTCARD SPRING,8,2011-06-08 11:37:00,1.69,18221.0,United Kingdom
564150,21533,RETROSPOT LARGE MILK JUG,3,2011-08-23 12:30:00,4.95,14936.0,Channel Islands
551876,20838,FRENCH LATTICE CUSHION COVER ,12,2011-05-05 08:18:00,0.85,14867.0,United Kingdom
542906,85099F,JUMBO BAG STRAWBERRY,1,2011-02-01 15:12:00,4.13,,United Kingdom
539455,72802C,VANILLA SCENT CANDLE JEWELLED BOX,2,2010-12-17 17:17:00,4.25,12748.0,United Kingdom
556903,20712,JUMBO BAG WOODLAND ANIMALS,10,2011-06-15 12:55:00,2.08,14527.0,United Kingdom
560875,22297,HEART IVORY TRELLIS SMALL,24,2011-07-21 15:12:00,1.25,13562.0,United Kingdom
539437,21929,JUMBO BAG PINK VINTAGE PAISLEY,1,2010-12-17 14:54:00,4.21,,United Kingdom
563897,22617,BAKING SET SPACEBOY DESIGN,3,2011-08-21 10:44:00,4.95,12523.0,France
578149,22865,HAND WARMER OWL DESIGN,3,2011-11-23 11:11:00,4.96,,United Kingdom
542112,21327,SKULLS WRITING SET ,3,2011-01-25 13:55:00,1.65,13168.0,United Kingdom
563935,23110,PARISIENNE KEY CABINET ,2,2011-08-21 16:24:00,5.75,15547.0,United Kingdom
575612,21673,WHITE SPOT BLUE CERAMIC DRAWER KNOB,12,2011-11-10 12:47:00,1.45,17416.0,United Kingdom
538071,21111,"SWISS ROLL TOWEL, CHOCOLATE  SPOTS",2,2010-12-09 14:09:00,5.91,,United Kingdom
577633,22348,TEA BAG PLATE RED RETROSPOT,12,2011-11-21 10:35:00,0.85,14194.0,United Kingdom
575748,20726,LUNCH BAG WOODLAND,7,2011-11-11 10:21:00,4.96,,United Kingdom
552514,23182,TOILET SIGN OCCUPIED OR VACANT,1,2011-05-09 16:30:00,2.46,,United Kingdom
541421,85039B,S/4 IVORY MINI ROSE CANDLE IN BOWL,6,2011-01-17 17:44:00,1.63,,United Kingdom
554082,21231,SWEETHEART CERAMIC TRINKET BOX,4,2011-05-22 11:49:00,1.25,14878.0,United Kingdom
537334,22179,SET 10 LIGHTS NIGHT OWL,4,2010-12-06 12:06:00,6.75,16719.0,United Kingdom
542102,21975,PACK OF 60 DINOSAUR CAKE CASES,24,2011-01-25 13:26:00,0.55,12744.0,Singapore
565648,23375,50'S CHRISTMAS PAPER GIFT BAG,5,2011-09-05 16:22:00,0.82,18196.0,United Kingdom
571508,82580,BATHROOM METAL SIGN,1,2011-10-17 15:27:00,1.25,,United Kingdom
566776,23202,JUMBO BAG VINTAGE LEAF,10,2011-09-15 09:53:00,2.08,14911.0,EIRE
543237,22069,BROWN  PIRATE TREASURE CHEST ,4,2011-02-04 13:39:00,4.13,,United Kingdom
551437,22430,ENAMEL WATERING CAN CREAM,4,2011-04-28 15:13:00,4.95,13725.0,United Kingdom
572929,23032,DRAWER KNOB CRACKLE GLAZE IVORY,1,2011-10-27 09:36:00,1.65,16626.0,United Kingdom
537624,21064,BOOM BOX SPEAKER BOYS,1,2010-12-07 14:41:00,5.95,12748.0,United Kingdom
570514,20723,STRAWBERRY CHARLOTTE BAG,12,2011-10-11 10:36:00,0.85,13089.0,United Kingdom
565224,20728,LUNCH BAG CARS BLUE,3,2011-09-01 19:11:00,1.65,14713.0,United Kingdom
543251,22699,ROSES REGENCY TEACUP AND SAUCER ,6,2011-02-04 14:51:00,2.95,14194.0,United Kingdom
581230,23367,SET 12 COLOUR PENCILS SPACEBOY ,24,2011-12-08 10:24:00,0.65,14291.0,United Kingdom
573151,22551,PLASTERS IN TIN SPACEBOY,4,2011-10-27 20:09:00,1.65,17602.0,United Kingdom
547096,23053,RECYCLED ACAPULCO MAT PINK,2,2011-03-21 09:13:00,8.25,15669.0,United Kingdom
537823,90201D,GREEN ENAMEL FLOWER RING,1,2010-12-08 14:25:00,2.96,,United Kingdom
565919,22250,DECORATION  BUTTERFLY  MAGIC GARDEN,1,2011-09-07 16:48:00,1.63,,United Kingdom
537209,20655,QUEEN OF SKIES LUGGAGE TAG,1,2010-12-05 15:12:00,1.25,14606.0,United Kingdom
539436,22161,HEART DECORATION RUSTIC HANGING ,1,2010-12-17 14:49:00,0.81,,United Kingdom
566296,22371,AIRLINE BAG VINTAGE TOKYO 78,1,2011-09-11 15:47:00,4.25,17841.0,United Kingdom
550901,47566,PARTY BUNTING,4,2011-04-21 12:12:00,4.95,13389.0,United Kingdom
557129,22135,MINI LADLE LOVE HEART PINK,3,2011-06-16 19:59:00,0.42,17841.0,United Kingdom
545037,48187,DOORMAT NEW ENGLAND,2,2011-02-27 10:02:00,7.95,14532.0,United Kingdom
541686,20685,DOORMAT RED RETROSPOT,6,2011-01-20 15:42:00,7.95,16912.0,United Kingdom
567671,85170C,SET/6 EAU DE NIL BIRD T-LIGHTS,1,2011-09-21 15:34:00,4.13,,United Kingdom
540681,22558,CLOTHES PEGS RETROSPOT PACK 24 ,1,2011-01-10 16:25:00,2.51,,United Kingdom
545059,22716,CARD CIRCUS PARADE,12,2011-02-27 13:04:00,0.42,14157.0,United Kingdom
571660,22818,CARD CHRISTMAS VILLAGE,12,2011-10-18 12:49:00,0.42,16191.0,United Kingdom
572755,22937,BAKING MOULD CHOCOLATE CUPCAKES,1,2011-10-25 17:31:00,2.55,13601.0,United Kingdom
548373,21696,SMALL SILVER TRELLIS CANDLEPOT,1,2011-03-30 16:34:00,5.79,,United Kingdom
566164,21213,PACK OF 72 SKULL CAKE CASES,6,2011-09-09 11:56:00,1.25,,United Kingdom
543166,22852,DOG BOWL VINTAGE CREAM,4,2011-02-04 08:27:00,4.25,13488.0,United Kingdom
540534,22228,BUNNY WOODEN PAINTED WITH BIRD ,12,2011-01-09 14:17:00,0.85,12971.0,United Kingdom
557502,21801,CHRISTMAS TREE DECORATION WITH BELL,3,2011-06-20 15:32:00,0.42,,United Kingdom
580027,84006,MAGIC TREE -PAPER FLOWERS,12,2011-12-01 12:01:00,0.85,14178.0,United Kingdom
544467,22297,HEART IVORY TRELLIS SMALL,2,2011-02-20 15:51:00,1.25,14502.0,United Kingdom
543631,22964,3 PIECE SPACEBOY COOKIE CUTTER SET,3,2011-02-10 16:17:00,2.1,14081.0,United Kingdom
578469,23559,WOODLAND BUNNIES LOLLY MAKERS,12,2011-11-24 12:36:00,2.08,12471.0,Germany
580729,35471D,SET OF 3 BIRD LIGHT PINK FEATHER ,4,2011-12-05 17:24:00,1.25,,United Kingdom
543546,84836,ZINC METAL HEART DECORATION,2,2011-02-09 16:52:00,2.46,,United Kingdom
572229,21889,WOODEN BOX OF DOMINOES,12,2011-10-21 14:23:00,1.25,14329.0,United Kingdom
580958,22992,REVOLVER WOODEN RULER ,2,2011-12-06 14:30:00,1.95,17266.0,United Kingdom
565423,21581,SKULLS  DESIGN  COTTON TOTE BAG,6,2011-09-04 12:23:00,2.25,12569.0,Germany
566172,22741,FUNKY DIVA PEN,48,2011-09-09 12:24:00,0.85,17001.0,United Kingdom
562670,21770,OPEN CLOSED METAL SIGN,2,2011-08-08 13:42:00,4.95,14911.0,EIRE
550215,22457,NATURAL SLATE HEART CHALKBOARD ,2,2011-04-15 10:43:00,5.79,,United Kingdom
549555,22956,36 FOIL HEART CAKE CASES,1,2011-04-10 12:52:00,2.1,13606.0,United Kingdom
574076,23497,CLASSIC CHROME BICYCLE BELL ,1,2011-11-02 15:38:00,3.29,,United Kingdom
558614,84559A,3D SHEET OF DOG STICKERS,19,2011-06-30 15:56:00,0.79,,United Kingdom
549155,85087,CANDY SPOT CUSHION COVER,1,2011-04-06 17:08:00,8.29,,United Kingdom
557957,85099F,JUMBO BAG STRAWBERRY,10,2011-06-23 19:20:00,2.08,13969.0,United Kingdom
560856,23318,BOX OF 6 MINI VINTAGE CRACKERS,6,2011-07-21 13:06:00,2.49,16607.0,United Kingdom
567612,22142,CHRISTMAS CRAFT WHITE FAIRY ,12,2011-09-21 11:48:00,1.45,17164.0,United Kingdom
572552,23266,SET OF 3 WOODEN STOCKING DECORATION,6,2011-10-24 17:07:00,2.46,14096.0,United Kingdom
550957,22355,CHARLOTTE BAG SUKI DESIGN,1,2011-04-21 16:37:00,0.85,18283.0,United Kingdom
559039,23084,RABBIT NIGHT LIGHT,1,2011-07-05 15:32:00,4.13,,United Kingdom
540240,85159A,"BLACK TEA,COFFEE,SUGAR JARS",12,2011-01-05 15:09:00,1.25,17585.0,United Kingdom
563404,22751,FELTCRAFT PRINCESS OLIVIA DOLL,4,2011-08-16 11:04:00,3.75,16303.0,United Kingdom
541215,21677,HEARTS  STICKERS,12,2011-01-14 13:42:00,0.85,14329.0,United Kingdom
551982,22666,RECIPE BOX PANTRY YELLOW DESIGN,3,2011-05-05 13:56:00,2.95,15023.0,United Kingdom
543590,22895,SET OF 2 TEA TOWELS APPLE AND PEARS,6,2011-02-10 11:44:00,2.95,17377.0,United Kingdom
542906,22736,RIBBON REEL MAKING SNOWMEN ,1,2011-02-01 15:12:00,3.29,,United Kingdom
566732,22571,ROCKING HORSE RED CHRISTMAS ,12,2011-09-14 13:42:00,0.85,17716.0,United Kingdom
575477,17084N,FAIRY DREAMS INCENSE ,3,2011-11-09 16:14:00,0.42,,United Kingdom
547048,22550,HOLIDAY FUN LUDO,4,2011-03-20 11:52:00,3.75,14911.0,EIRE
537210,84596F,SMALL MARSHMALLOWS PINK BOWL,1,2010-12-05 15:15:00,1.25,15953.0,United Kingdom
564838,22329,ROUND CONTAINER SET OF 5 RETROSPOT,1,2011-08-30 12:43:00,3.29,,United Kingdom
562034,20770,ABSTRACT CIRCLE JOURNAL ,6,2011-08-02 09:14:00,2.55,12449.0,Belgium
575748,21240,BLUE POLKADOT CUP,14,2011-11-11 10:21:00,1.63,,United Kingdom
547906,82583,HOT BATHS METAL SIGN,2,2011-03-28 12:13:00,2.1,14410.0,United Kingdom
572336,22947,WOODEN ADVENT CALENDAR RED,4,2011-10-24 10:29:00,16.95,13523.0,United Kingdom
554310,23052,RECYCLED ACAPULCO MAT TURQUOISE,2,2011-05-23 15:25:00,16.63,,United Kingdom
551724,22497,SET OF 2 TINS VINTAGE BATHROOM ,1,2011-05-03 17:12:00,4.25,15976.0,United Kingdom
562955,22294,HEART FILIGREE DOVE  SMALL,1,2011-08-11 10:14:00,2.46,,United Kingdom
556120,22608,PENS ASSORTED FUNKY JEWELED ,36,2011-06-09 10:06:00,0.19,16722.0,United Kingdom
543116,21211,SET OF 72 SKULL PAPER  DOILIES,12,2011-02-03 13:29:00,1.45,17672.0,United Kingdom
540353,47599A,PINK PARTY BAGS,8,2011-01-06 14:53:00,2.1,13764.0,United Kingdom
572025,23344,JUMBO BAG 50'S CHRISTMAS ,10,2011-10-20 11:30:00,2.08,17651.0,United Kingdom
545662,22993,SET OF 4 PANTRY JELLY MOULDS,12,2011-03-04 14:42:00,1.25,15358.0,United Kingdom
558682,21929,JUMBO BAG PINK VINTAGE PAISLEY,2,2011-07-01 11:20:00,4.13,,United Kingdom
550052,20914,SET/5 RED RETROSPOT LID GLASS BOWLS,6,2011-04-14 12:00:00,2.95,17068.0,United Kingdom
575329,22865,HAND WARMER OWL DESIGN,1,2011-11-09 13:50:00,2.1,17038.0,United Kingdom
579187,23094,LE GRAND TRAY CHIC SET,1,2011-11-28 15:31:00,24.96,,United Kingdom
567890,23376,PACK OF 12 VINTAGE CHRISTMAS TISSUE,24,2011-09-22 15:40:00,0.39,14125.0,United Kingdom
568657,22587,FELTCRAFT HAIRBAND RED AND BLUE,1,2011-09-28 12:22:00,0.85,16460.0,United Kingdom
575843,21993,FLORAL FOLK STATIONERY SET,1,2011-11-11 12:02:00,1.25,14446.0,United Kingdom
560820,22619,SET OF 6 SOLDIER SKITTLES,3,2011-07-21 10:59:00,3.75,17811.0,United Kingdom
545945,23006,TRAVEL CARD WALLET FLOWER MEADOW,3,2011-03-08 12:07:00,0.42,16710.0,United Kingdom
558874,22635,CHILDS BREAKFAST SET DOLLY GIRL ,2,2011-07-04 13:29:00,9.95,,United Kingdom
538524,85135C,RED DRAGONFLY HELICOPTER,1,2010-12-13 09:35:00,8.47,,United Kingdom
570428,23245,SET OF 3 REGENCY CAKE TINS,2,2011-10-10 14:02:00,4.95,15553.0,United Kingdom
557636,23167,SMALL CERAMIC TOP STORAGE JAR ,6,2011-06-21 15:41:00,0.83,17841.0,United Kingdom
562217,22082,RIBBON REEL STRIPES DESIGN ,10,2011-08-03 14:06:00,1.65,17659.0,United Kingdom
568719,21824,PAINTED METAL STAR WITH HOLLY BELLS,11,2011-09-28 16:19:00,0.83,,United Kingdom
547892,21977,PACK OF 60 PINK PAISLEY CAKE CASES,24,2011-03-28 10:15:00,0.55,12669.0,France
556009,22469,HEART OF WICKER SMALL,12,2011-06-08 11:37:00,1.65,18221.0,United Kingdom
547547,82613C,"METAL SIGN,CUPCAKE SINGLE HOOK",1,2011-03-23 15:30:00,2.46,,United Kingdom
543013,85131C,BEADED CRYSTAL HEART BLUE ON STICK,1,2011-02-02 13:35:00,0.83,,United Kingdom
547541,85099C,JUMBO  BAG BAROQUE BLACK WHITE,100,2011-03-23 15:22:00,1.65,14607.0,United Kingdom
555524,22698,PINK REGENCY TEACUP AND SAUCER,1,2011-06-05 11:37:00,2.95,16923.0,United Kingdom
551953,23181,BULL DOG BOTTLE TOP WALL CLOCK,2,2011-05-05 11:53:00,8.25,13448.0,United Kingdom
546891,90129E,PURPLE GLASS TASSLE BAG CHARM,3,2011-03-17 18:18:00,1.63,,United Kingdom
560606,23275,SET OF 3 HANGING OWLS OLLIE BEAK,12,2011-07-20 10:08:00,1.25,17422.0,United Kingdom
552864,22913,RED COAT RACK PARIS FASHION,12,2011-05-11 17:13:00,4.95,13235.0,United Kingdom
556330,22917,HERB MARKER ROSEMARY,4,2011-06-10 11:29:00,0.65,17797.0,United Kingdom
551982,22478,BIRDHOUSE GARDEN MARKER ,4,2011-05-05 13:56:00,1.25,15023.0,United Kingdom
537434,22851,SET 20 NAPKINS FAIRY CAKES DESIGN ,2,2010-12-06 16:57:00,1.66,,United Kingdom
575477,21928,JUMBO BAG SCANDINAVIAN BLUE PAISLEY,1,2011-11-09 16:14:00,4.13,,United Kingdom
542719,21078,SET/20 STRAWBERRY PAPER NAPKINS ,2,2011-01-31 14:18:00,0.85,17619.0,United Kingdom
573545,22600,CHRISTMAS RETROSPOT STAR WOOD,12,2011-10-31 13:12:00,0.85,16969.0,United Kingdom
576911,22726,ALARM CLOCK BAKELIKE GREEN,1,2011-11-17 10:01:00,3.75,17461.0,United Kingdom
548330,82494L,WOODEN FRAME ANTIQUE WHITE ,4,2011-03-30 13:26:00,2.95,14810.0,United Kingdom
578074,23365,SET 12 COLOUR PENCILS LOVE LONDON,3,2011-11-22 16:06:00,0.65,17590.0,United Kingdom
578149,21888,BINGO SET,2,2011-11-23 11:11:00,7.46,,United Kingdom
569555,23337,EGG FRYING PAN MINT ,6,2011-10-05 08:17:00,2.08,17728.0,United Kingdom
571747,23493,VINTAGE DOILY TRAVEL SEWING KIT,10,2011-10-19 10:59:00,1.95,13849.0,United Kingdom
572317,23439,HAND WARMER RED LOVE HEART,2,2011-10-23 16:13:00,2.1,14629.0,United Kingdom
544572,22838,3 TIER CAKE TIN RED AND CREAM,1,2011-02-21 13:21:00,14.95,14639.0,United Kingdom
567675,23256,CHILDRENS CUTLERY SPACEBOY ,7,2011-09-21 15:54:00,4.15,15351.0,United Kingdom
545078,22739,RIBBON REEL CHRISTMAS SOCK BAUBLE,2,2011-02-28 10:15:00,3.29,,United Kingdom
548354,22431,WATERING CAN BLUE ELEPHANT,48,2011-03-30 15:06:00,1.65,15981.0,United Kingdom
562715,23245,SET OF 3 REGENCY CAKE TINS,8,2011-08-08 15:34:00,5.79,,United Kingdom
568328,22729,ALARM CLOCK BAKELIKE ORANGE,3,2011-09-26 14:06:00,3.75,18016.0,United Kingdom
564065,22044,CHRISTMAS CARD STACK OF PRESENTS,12,2011-08-22 15:05:00,0.42,15150.0,United Kingdom
555201,47590B,PINK HAPPY BIRTHDAY BUNTING,3,2011-06-01 12:10:00,5.45,16969.0,United Kingdom
572065,22362,GLASS JAR PEACOCK BATH SALTS,1,2011-10-20 13:06:00,2.95,12556.0,Spain
571892,23555,LANDMARK FRAME NOTTING HILL ,3,2011-10-19 14:12:00,12.5,13089.0,United Kingdom
559356,23107,WHITE HEARTS WIRE PLANT POT HOLDER,8,2011-07-07 18:29:00,2.89,15416.0,United Kingdom
554509,21175,GIN + TONIC DIET METAL SIGN,3,2011-05-24 15:45:00,2.55,17375.0,United Kingdom
562031,21932,SCANDINAVIAN PAISLEY PICNIC BAG,1,2011-08-01 17:37:00,1.65,16984.0,United Kingdom
558536,22737,RIBBON REEL CHRISTMAS PRESENT ,10,2011-06-30 12:06:00,1.65,12424.0,Australia
552229,35648,VINTAGE BEAD PINK PURSE ,1,2011-05-06 15:40:00,1.63,,United Kingdom
562619,21791,VINTAGE HEADS AND TAILS CARD GAME ,1,2011-08-08 12:34:00,1.25,15311.0,United Kingdom
537434,85185B,PINK HORSE SOCK PUPPET,1,2010-12-06 16:57:00,5.91,,United Kingdom
570871,23188,VINTAGE  2 METRE FOLDING RULER,2,2011-10-12 16:36:00,3.29,,United Kingdom
552660,21257,VICTORIAN SEWING BOX MEDIUM,1,2011-05-10 15:03:00,15.79,,United Kingdom
572049,22904,CALENDAR PAPER CUT DESIGN,6,2011-10-20 12:21:00,2.95,17243.0,United Kingdom
550479,84380,SET OF 3 BUTTERFLY COOKIE CUTTERS,12,2011-04-18 14:01:00,1.25,15625.0,United Kingdom
571841,21479,WHITE SKULL HOT WATER BOTTLE ,2,2011-10-19 12:21:00,4.25,17625.0,United Kingdom
568191,23508,MINI PLAYING CARDS DOLLY GIRL ,6,2011-09-25 14:37:00,0.42,16655.0,United Kingdom
563352,22622,BOX OF VINTAGE ALPHABET BLOCKS,2,2011-08-15 14:32:00,9.95,15706.0,United Kingdom
547083,22156,HEART DECORATION WITH PEARLS ,4,2011-03-20 15:21:00,0.85,15452.0,United Kingdom
551525,21212,PACK OF 72 RETROSPOT CAKE CASES,24,2011-05-01 12:37:00,0.55,14667.0,United Kingdom
557283,22645,CERAMIC HEART FAIRY CAKE MONEY BANK,2,2011-06-19 12:26:00,1.45,16813.0,United Kingdom
576045,22112,CHOCOLATE HOT WATER BOTTLE,4,2011-11-13 14:42:00,4.95,15022.0,United Kingdom
573130,22941,CHRISTMAS LIGHTS 10 REINDEER,2,2011-10-27 16:41:00,8.5,13969.0,United Kingdom
561630,22354,RETROSPOT PADDED SEAT CUSHION,4,2011-07-28 14:16:00,3.75,14527.0,United Kingdom
572758,23311,VINTAGE CHRISTMAS STOCKING ,1,2011-10-25 18:39:00,4.96,,United Kingdom
580687,22383,LUNCH BAG SUKI DESIGN ,10,2011-12-05 15:38:00,1.65,16379.0,United Kingdom
577078,22753,SMALL YELLOW BABUSHKA NOTEBOOK ,2,2011-11-17 15:17:00,1.63,,United Kingdom
558891,22089,PAPER BUNTING VINTAGE PAISLEY,12,2011-07-04 15:38:00,2.95,16861.0,United Kingdom
568590,22578,WOODEN STAR CHRISTMAS SCANDINAVIAN,24,2011-09-28 10:29:00,0.29,13126.0,United Kingdom
C542426,22423,REGENCY CAKESTAND 3 TIER,-2,2011-01-28 09:32:00,12.75,14146.0,United Kingdom
554392,22907,PACK OF 20 NAPKINS PANTRY DESIGN,2,2011-05-24 12:04:00,0.85,14534.0,United Kingdom
547652,37450,CERAMIC CAKE BOWL + HANGING CAKES,1,2011-03-24 12:15:00,2.95,14606.0,United Kingdom
C559347,21670,BLUE SPOT CERAMIC DRAWER KNOB,-12,2011-07-07 17:22:00,1.25,18072.0,United Kingdom
581571,21137,BLACK RECORD COVER FRAME,24,2011-12-09 12:00:00,3.39,15311.0,United Kingdom
C560563,23173,REGENCY TEAPOT ROSES ,-1,2011-07-19 13:37:00,9.95,14911.0,EIRE
563239,22278,OVERNIGHT BAG VINTAGE ROSE PAISLEY,1,2011-08-15 10:02:00,4.95,15048.0,United Kingdom
561209,23196,VINTAGE LEAF MAGNETIC NOTEPAD,1,2011-07-25 16:57:00,3.29,,United Kingdom
570187,21561,DINOSAUR LUNCH BOX WITH CUTLERY,1,2011-10-07 15:09:00,4.96,,United Kingdom
546770,22967,SET 3 SONG BIRD PAPER EGGS ASSORTED,6,2011-03-16 15:17:00,2.95,12523.0,France
563917,22993,SET OF 4 PANTRY JELLY MOULDS,1,2011-08-21 13:46:00,1.25,14572.0,United Kingdom
575516,21754,HOME BUILDING BLOCK WORD,3,2011-11-10 10:45:00,6.25,17340.0,United Kingdom
543658,20725,LUNCH BAG RED RETROSPOT,40,2011-02-11 10:38:00,1.65,13819.0,United Kingdom
566269,84378,SET OF 3 HEART COOKIE CUTTERS,1,2011-09-11 13:39:00,1.45,17864.0,United Kingdom
575477,23288,GREEN VINTAGE SPOT BEAKER,6,2011-11-09 16:14:00,1.63,,United Kingdom
557938,23170,REGENCY TEA PLATE ROSES ,2,2011-06-23 15:35:00,3.29,,United Kingdom
537669,21726,MULTI HEARTS  STICKERS,12,2010-12-08 08:58:00,0.85,16863.0,United Kingdom
550906,85144,JARDIN ETCHED GLASS CHEESE DISH,12,2011-04-21 12:34:00,1.95,14298.0,United Kingdom
537688,18098C,PORCELAIN BUTTERFLY OIL BURNER,6,2010-12-08 10:35:00,2.95,17406.0,United Kingdom
565150,23213,STAR WREATH DECORATION WITH BELL,24,2011-09-01 14:26:00,1.04,14298.0,United Kingdom
563955,23244,STORAGE TIN VINTAGE LEAF,12,2011-08-22 11:00:00,1.95,16652.0,United Kingdom
565447,21479,WHITE SKULL HOT WATER BOTTLE ,4,2011-09-04 15:20:00,4.25,14107.0,United Kingdom
547374,22196,SMALL HEART MEASURING SPOONS,1,2011-03-22 13:54:00,0.85,16110.0,United Kingdom
543740,21389,IVORY HANGING DECORATION  BIRD,24,2011-02-11 13:36:00,0.85,15311.0,United Kingdom
547418,21735,TWO DOOR CURIO CABINET,2,2011-03-23 10:25:00,12.75,13148.0,United Kingdom
537896,84949,SILVER HANGING T-LIGHT HOLDER,6,2010-12-09 10:33:00,1.65,18071.0,United Kingdom
541421,22325,MOBILE VINTAGE HEARTS ,3,2011-01-17 17:44:00,3.29,,United Kingdom
563264,22672,FRENCH BATHROOM SIGN BLUE METAL,12,2011-08-15 12:46:00,1.65,13720.0,United Kingdom
576916,21485,RETROSPOT HEART HOT WATER BOTTLE,9,2011-11-17 10:24:00,4.95,14655.0,United Kingdom
575972,21584,RETROSPOT SMALL TUBE MATCHES,6,2011-11-13 13:01:00,1.65,14499.0,United Kingdom
578953,23125,6PC WOOD PLATE SET DISPOSABLE,3,2011-11-27 14:50:00,1.25,13546.0,United Kingdom
581439,22364,GLASS JAR DIGESTIVE BISCUITS,1,2011-12-08 16:30:00,5.79,,United Kingdom
549739,M,Manual,1,2011-04-12 09:35:00,308.82,15935.0,United Kingdom
546638,21561,DINOSAUR LUNCH BOX WITH CUTLERY,6,2011-03-15 12:52:00,2.55,15106.0,United Kingdom
574356,84029E,RED WOOLLY HOTTIE WHITE HEART.,16,2011-11-04 10:48:00,9.13,,United Kingdom
577297,22155,STAR DECORATION RUSTIC,2,2011-11-18 12:48:00,0.42,14593.0,United Kingdom
547788,21937,STRAWBERRY   PICNIC BAG,1,2011-03-25 12:00:00,5.79,,United Kingdom
557885,22554,PLASTERS IN TIN WOODLAND ANIMALS,12,2011-06-23 13:37:00,1.65,12465.0,Belgium
555524,22626,BLACK KITCHEN SCALES,3,2011-06-05 11:37:00,8.5,16923.0,United Kingdom
540418,22377,BOTTLE BAG RETROSPOT ,8,2011-01-07 11:04:00,1.66,,United Kingdom
570187,23199,JUMBO BAG APPLES,1,2011-10-07 15:09:00,4.13,,United Kingdom
538038,21488,,8,2010-12-09 13:07:00,0.0,,United Kingdom
578365,22071,SMALL WHITE RETROSPOT MUG IN BOX ,36,2011-11-24 10:46:00,1.0,15482.0,United Kingdom
540530,22558,CLOTHES PEGS RETROSPOT PACK 24 ,24,2011-01-09 14:02:00,1.49,14755.0,United Kingdom
556459,22356,CHARLOTTE BAG PINK POLKADOT,1,2011-06-10 17:25:00,1.63,,United Kingdom
565732,85099B,JUMBO BAG RED RETROSPOT,10,2011-09-06 12:10:00,2.08,17068.0,United Kingdom
571674,23702,,100,2011-10-18 13:22:00,0.0,,United Kingdom
553714,21792,CLASSIC FRENCH STYLE BASKET GREEN ,4,2011-05-18 15:55:00,3.95,16987.0,United Kingdom
579777,23155,KNICKERBOCKERGLORY MAGNET ASSORTED ,6,2011-11-30 15:13:00,1.38,,United Kingdom
578811,22211,WOOD STAMP SET FLOWERS,12,2011-11-25 13:28:00,0.83,12438.0,Norway
568567,21880,RED RETROSPOT TAPE,2,2011-09-27 18:41:00,0.42,,United Kingdom
555260,23301,GARDENERS KNEELING PAD KEEP CALM ,2,2011-06-01 15:34:00,1.65,13263.0,United Kingdom
569129,22727,ALARM CLOCK BAKELIKE RED ,1,2011-09-30 13:40:00,3.75,15034.0,United Kingdom
569234,22774,RED DRAWER KNOB ACRYLIC EDWARDIAN,12,2011-10-02 15:33:00,1.25,17841.0,United Kingdom
567672,22620,4 TRADITIONAL SPINNING TOPS,2,2011-09-21 15:39:00,1.45,16085.0,United Kingdom
569412,22950,36 DOILIES VINTAGE CHRISTMAS,12,2011-10-04 09:51:00,1.45,13650.0,United Kingdom
548318,22055,MINI CAKE STAND  HANGING STRAWBERY,3,2011-03-30 12:45:00,1.65,13113.0,United Kingdom
560271,22514,CHILDS GARDEN SPADE BLUE,1,2011-07-17 14:51:00,2.1,16474.0,United Kingdom
546556,23182,TOILET SIGN OCCUPIED OR VACANT,24,2011-03-15 09:32:00,0.83,16156.0,United Kingdom
573331,23083,SET 6 PAPER TABLE LANTERN STARS ,4,2011-10-30 11:25:00,3.75,15860.0,United Kingdom
541794,21327,SKULLS WRITING SET ,2,2011-01-21 13:21:00,1.65,17238.0,United Kingdom
578290,23475,WOODLAND SMALL PINK FELT HEART,12,2011-11-23 14:07:00,0.83,13644.0,United Kingdom
547552,21786,POLKADOT RAIN HAT ,1,2011-03-23 15:55:00,0.79,,United Kingdom
579629,22367,CHILDRENS APRON SPACEBOY DESIGN,2,2011-11-30 12:16:00,1.95,14963.0,United Kingdom
552539,21977,PACK OF 60 PINK PAISLEY CAKE CASES,24,2011-05-10 10:17:00,0.55,,EIRE
567542,21326,AGED GLASS SILVER T-LIGHT HOLDER,144,2011-09-21 10:16:00,0.55,16626.0,United Kingdom
573364,23322,LARGE WHITE HEART OF WICKER,2,2011-10-30 13:09:00,2.95,14710.0,United Kingdom
557502,21866,UNION JACK FLAG LUGGAGE TAG,1,2011-06-20 15:32:00,2.46,,United Kingdom
536744,22898,CHILDRENS APRON APPLES DESIGN,25,2010-12-02 13:36:00,1.95,14466.0,United Kingdom
551137,20702,PINK PADDED MOBILE,1,2011-04-26 13:05:00,4.25,15581.0,United Kingdom
544339,22907,PACK OF 20 NAPKINS PANTRY DESIGN,12,2011-02-18 09:04:00,0.85,15228.0,United Kingdom
566307,22687,DOORMAT CHRISTMAS VILLAGE,2,2011-09-12 09:37:00,7.95,14307.0,United Kingdom
572553,22158,3 HEARTS HANGING DECORATION RUSTIC,1,2011-10-24 17:09:00,5.79,,United Kingdom
568408,22355,CHARLOTTE BAG SUKI DESIGN,67,2011-09-27 10:40:00,2.46,,United Kingdom
575705,22910,PAPER CHAIN KIT VINTAGE CHRISTMAS,12,2011-11-10 17:06:00,2.95,15159.0,United Kingdom
537196,21892,TRADITIONAL WOODEN CATCH CUP GAME ,1,2010-12-05 13:55:00,1.25,15426.0,United Kingdom
537624,20839,FRENCH PAISLEY CUSHION COVER ,6,2010-12-07 14:41:00,2.95,12748.0,United Kingdom
547822,22979,PANTRY WASHING UP BRUSH,12,2011-03-25 14:53:00,1.45,12668.0,Germany
567206,21929,JUMBO BAG PINK VINTAGE PAISLEY,10,2011-09-19 10:51:00,2.08,13562.0,United Kingdom
562113,84879,ASSORTED COLOUR BIRD ORNAMENT,16,2011-08-02 16:11:00,1.69,,United Kingdom
581492,23299,FOOD COVER WITH BEADS SET 2 ,1,2011-12-09 10:03:00,7.46,,United Kingdom
581492,23054,RECYCLED ACAPULCO MAT LAVENDER,1,2011-12-09 10:03:00,16.63,,United Kingdom
574228,22960,JAM MAKING SET WITH JARS,6,2011-11-03 12:18:00,4.25,16678.0,United Kingdom
579508,23165,LARGE CERAMIC TOP STORAGE JAR,4,2011-11-29 16:33:00,3.29,,United Kingdom
568070,23129,HEART SHAPED HOLLY WREATH,4,2011-09-23 14:17:00,4.15,16128.0,United Kingdom
576787,22947,WOODEN ADVENT CALENDAR RED,6,2011-11-16 13:54:00,7.95,13815.0,Germany
542893,22470,HEART OF WICKER LARGE,6,2011-02-01 13:36:00,2.95,18202.0,United Kingdom
540524,22488,NATURAL SLATE RECTANGLE CHALKBOARD,6,2011-01-09 12:53:00,1.65,16735.0,United Kingdom
551192,85172,HYACINTH BULB T-LIGHT CANDLES,16,2011-04-27 10:54:00,0.42,16188.0,United Kingdom
536535,22121,NOEL WOODEN BLOCK LETTERS ,3,2010-12-01 13:38:00,5.95,15605.0,United Kingdom
563255,23181,BULL DOG BOTTLE TOP WALL CLOCK,1,2011-08-15 12:07:00,8.25,14527.0,United Kingdom
557472,23214,JINGLE BELL HEART ANTIQUE GOLD,12,2011-06-20 13:27:00,2.08,12432.0,Norway
541281,22988,SOLDIERS EGG CUP ,1,2011-01-17 11:59:00,1.25,17988.0,United Kingdom
561079,21876,POTTERING MUG,2,2011-07-24 16:12:00,1.25,13956.0,United Kingdom
566076,23236,STORAGE TIN VINTAGE DOILY ,6,2011-09-09 09:13:00,2.89,12449.0,Belgium
566270,22141,CHRISTMAS CRAFT TREE TOP ANGEL,6,2011-09-11 13:40:00,2.1,16523.0,United Kingdom
554992,22531,MAGIC DRAWING SLATE CIRCUS PARADE  ,48,2011-05-29 14:08:00,0.42,16686.0,United Kingdom
568408,23206,LUNCH BAG APPLE DESIGN,10,2011-09-27 10:40:00,4.96,,United Kingdom
536544,22379,RECYCLING BAG RETROSPOT ,2,2010-12-01 14:32:00,4.21,,United Kingdom
539436,22910,PAPER CHAIN KIT VINTAGE CHRISTMAS,9,2010-12-17 14:49:00,3.36,,United Kingdom
545217,16235,RECYCLED PENCIL WITH RABBIT ERASER,1,2011-02-28 16:59:00,0.42,,United Kingdom
541567,20719,WOODLAND CHARLOTTE BAG,10,2011-01-19 11:51:00,0.85,12681.0,France
543815,84531B,BLUE KNITTED EGG COSY,2,2011-02-13 15:18:00,1.95,17255.0,United Kingdom
567912,22161,HEART DECORATION RUSTIC HANGING ,10,2011-09-22 17:07:00,0.19,15555.0,United Kingdom
554514,21937,STRAWBERRY   PICNIC BAG,2,2011-05-24 15:58:00,5.79,,United Kingdom
560443,22380,TOY TIDY SPACEBOY  ,5,2011-07-18 17:10:00,2.1,14776.0,United Kingdom
548893,84031B,CHARLIE LOLA BLUE HOT WATER BOTTLE ,1,2011-04-04 15:54:00,4.13,,United Kingdom
569253,23412,HEART MIRROR ANTIQUE WHITE,6,2011-10-03 10:55:00,7.5,13635.0,United Kingdom
551471,20724,RED RETROSPOT CHARLOTTE BAG,1,2011-04-28 16:40:00,0.85,16370.0,United Kingdom
563720,84870C,GREEN GEISHA GIRL ,1,2011-08-18 16:24:00,3.75,15867.0,United Kingdom
552325,POST,POSTAGE,2,2011-05-09 09:47:00,18.0,12490.0,France
574965,16238,PARTY TIME PENCIL ERASERS,2,2011-11-08 10:44:00,0.21,17964.0,United Kingdom
571028,22110,BIRD HOUSE HOT WATER BOTTLE,1,2011-10-13 12:21:00,2.55,16770.0,United Kingdom
556473,21390,FILIGRIS HEART WITH BUTTERFLY,5,2011-06-12 12:00:00,1.25,17265.0,United Kingdom
552514,22969,HOMEMADE JAM SCENTED CANDLES,1,2011-05-09 16:30:00,3.29,,United Kingdom
571747,22615,PACK OF 12 CIRCUS PARADE TISSUES ,24,2011-10-19 10:59:00,0.39,13849.0,United Kingdom
561254,DCGS0067,ebay,-11,2011-07-26 11:52:00,0.0,,United Kingdom
571498,21889,WOODEN BOX OF DOMINOES,1,2011-10-17 15:06:00,1.25,17841.0,United Kingdom
568495,21770,OPEN CLOSED METAL SIGN,2,2011-09-27 12:08:00,4.95,14755.0,United Kingdom
551656,84879,ASSORTED COLOUR BIRD ORNAMENT,16,2011-05-03 12:10:00,1.69,14911.0,EIRE
558532,71053,WHITE METAL LANTERN,1,2011-06-30 11:32:00,3.75,15039.0,United Kingdom
564820,23140,TRIPLE WIRE HOOK IVORY HEART,1,2011-08-30 12:16:00,8.29,,United Kingdom
550203,22719,GUMBALL MONOCHROME COAT RACK,1,2011-04-15 10:37:00,2.46,,United Kingdom
548987,21914,BLUE HARMONICA IN BOX ,6,2011-04-05 12:50:00,1.25,14535.0,United Kingdom
566221,22692,DOORMAT WELCOME TO OUR HOME,2,2011-09-09 16:13:00,15.79,,United Kingdom
552278,22683,FRENCH BLUE METAL DOOR SIGN 8,1,2011-05-08 12:36:00,1.25,15059.0,United Kingdom
563345,23307,SET OF 60 PANTRY DESIGN CAKE CASES ,48,2011-08-15 13:22:00,0.55,12619.0,Germany
552721,23201,JUMBO BAG ALPHABET,10,2011-05-11 09:55:00,1.95,14691.0,United Kingdom
580697,21620,SET OF 4 ROSE BOTANICAL CANDLES,12,2011-12-05 16:05:00,1.25,15984.0,United Kingdom
566728,21915,RED  HARMONICA IN BOX ,12,2011-09-14 13:15:00,1.25,15841.0,United Kingdom
569205,22624,IVORY KITCHEN SCALES,1,2011-10-02 10:55:00,8.5,16923.0,United Kingdom
547094,22241,GARLAND WOODEN HAPPY EASTER,12,2011-03-21 08:39:00,1.25,13934.0,United Kingdom
548555,85066,CREAM SWEETHEART MINI CHEST,2,2011-04-01 09:21:00,12.75,13758.0,United Kingdom
579885,22182,CAKE STAND VICTORIAN FILIGREE SMALL,2,2011-11-30 17:37:00,4.95,15444.0,United Kingdom
569331,23301,GARDENERS KNEELING PAD KEEP CALM ,12,2011-10-03 13:39:00,1.65,16875.0,United Kingdom
577609,23460,SWEETHEART WALL TIDY ,2,2011-11-21 09:51:00,9.95,12349.0,Italy
560896,48187,DOORMAT NEW ENGLAND,2,2011-07-21 17:26:00,7.95,15623.0,United Kingdom
549680,84531B,BLUE KNITTED EGG COSY,12,2011-04-11 13:02:00,0.39,12701.0,Germany
545819,82551,LAUNDRY 15C METAL SIGN,3,2011-03-07 12:31:00,1.45,16356.0,United Kingdom
581217,22383,LUNCH BAG SUKI DESIGN ,4,2011-12-08 09:20:00,4.13,,United Kingdom
539451,22791,T-LIGHT GLASS FLUTED ANTIQUE,7,2010-12-17 16:59:00,2.51,,United Kingdom
557793,85032A,ROMANTIC IMAGES GIFT WRAP SET,1,2011-06-22 17:30:00,0.65,14998.0,United Kingdom
556484,22396,MAGNETS PACK OF 4 RETRO PHOTO,2,2011-06-12 13:17:00,1.25,16938.0,United Kingdom
563354,23307,SET OF 60 PANTRY DESIGN CAKE CASES ,1,2011-08-15 14:35:00,0.55,15271.0,United Kingdom
576933,23203,JUMBO BAG VINTAGE DOILY ,1,2011-11-17 11:29:00,2.08,15529.0,United Kingdom
540977,21015,DARK BIRD HOUSE TREE DECORATION,2,2011-01-12 15:01:00,1.28,,United Kingdom
541659,82494L,WOODEN FRAME ANTIQUE WHITE ,6,2011-01-20 12:16:00,2.95,15262.0,United Kingdom
568094,23212,HEART WREATH DECORATION WITH BELL,12,2011-09-23 14:43:00,1.25,15807.0,United Kingdom
539240,84819,DANISH ROSE ROUND SEWING BOX,16,2010-12-16 13:15:00,0.85,15194.0,United Kingdom
562587,22440,BALLOON WATER BOMB PACK OF 35,10,2011-08-07 14:34:00,0.42,15640.0,United Kingdom
578140,22556,PLASTERS IN TIN CIRCUS PARADE ,96,2011-11-23 10:58:00,1.45,14646.0,Netherlands
547105,22859,EASTER TIN BUNNY BOUQUET,12,2011-03-21 11:20:00,1.65,13854.0,United Kingdom
554098,84755,COLOUR GLASS T-LIGHT HOLDER HANGING,6,2011-05-22 13:01:00,0.65,14769.0,United Kingdom
536592,22586,FELTCRAFT HAIRBAND PINK AND BLUE,1,2010-12-01 17:06:00,1.66,,United Kingdom
566744,21012,ANTIQUE ALL GLASS CANDLESTICK,20,2011-09-14 15:11:00,2.1,14177.0,United Kingdom
544186,22593,CHRISTMAS GINGHAM STAR,1,2011-02-16 15:56:00,1.63,,United Kingdom
561891,22766,PHOTO FRAME CORNICE,4,2011-07-31 14:19:00,2.95,15438.0,United Kingdom
555009,22729,ALARM CLOCK BAKELIKE ORANGE,8,2011-05-31 10:32:00,3.75,17340.0,United Kingdom
563540,21249,WOODLAND  HEIGHT CHART STICKERS ,6,2011-08-17 12:04:00,2.95,12473.0,Germany
570211,21689,SILVER VANILLA  FLOWER CANDLE POT,2,2011-10-09 11:15:00,3.75,13558.0,United Kingdom
554520,23231,WRAP DOILEY DESIGN,25,2011-05-24 17:03:00,0.42,17841.0,United Kingdom
543006,20961,STRAWBERRY BATH SPONGE ,1,2011-02-02 12:53:00,1.25,17975.0,United Kingdom
577469,22426,ENAMEL WASH BOWL CREAM,2,2011-11-20 11:25:00,3.75,15009.0,United Kingdom
560211,21881,CUTE CATS TAPE,12,2011-07-15 14:34:00,0.65,12621.0,Germany
567372,23028,DRAWER KNOB CRACKLE GLAZE BLUE,6,2011-09-20 09:24:00,1.65,14191.0,United Kingdom
549250,21586,KINGS CHOICE GIANT TUBE MATCHES,1,2011-04-07 12:10:00,2.55,14446.0,United Kingdom
554814,85132C,CHARLIE AND LOLA FIGURES TINS,12,2011-05-26 13:34:00,1.95,16609.0,United Kingdom
571745,23342,MINT DINER WALL CLOCK,4,2011-10-19 10:48:00,8.5,14911.0,EIRE
579097,23581,JUMBO BAG PAISLEY PARK,20,2011-11-28 11:11:00,2.08,13758.0,United Kingdom
568721,23280,FOLDING BUTTERFLY MIRROR HOT PINK ,1,2011-09-28 16:24:00,2.46,,United Kingdom
546008,22173,METAL 4 HOOK HANGER FRENCH CHATEAU,1,2011-03-08 15:43:00,5.79,,United Kingdom
579508,23426,METAL SIGN DROP YOUR PANTS,1,2011-11-29 16:33:00,5.79,,United Kingdom
576181,23041,PAPER LANTERN 9 POINT SNOW STAR,2,2011-11-14 11:19:00,4.15,15572.0,United Kingdom
577152,23192,BUNDLE OF 3 ALPHABET EXERCISE BOOKS,12,2011-11-18 09:53:00,1.65,14277.0,France
541422,22834,HAND WARMER BABUSHKA DESIGN,7,2011-01-17 17:48:00,1.63,,United Kingdom
551341,84946,ANTIQUE SILVER T-LIGHT GLASS,72,2011-04-28 07:52:00,1.06,15189.0,United Kingdom
551340,22472,TV DINNER TRAY DOLLY GIRL,1,2011-04-27 17:23:00,10.79,,United Kingdom
554079,85123A,WHITE HANGING HEART T-LIGHT HOLDER,12,2011-05-22 11:41:00,2.95,14546.0,United Kingdom
541962,22967,SET 3 SONG BIRD PAPER EGGS ASSORTED,6,2011-01-24 12:58:00,2.95,12693.0,Germany
538182,22469,HEART OF WICKER SMALL,6,2010-12-10 10:18:00,1.65,17827.0,United Kingdom
554512,20616,CHERRY BLOSSOM PASSPORT COVER,1,2011-05-24 15:54:00,1.63,,United Kingdom
550470,20998,ROSE DU SUD OVEN GLOVE,2,2011-04-18 13:49:00,1.63,,United Kingdom
560732,22977,DOLLY GIRL CHILDRENS EGG CUP,1,2011-07-20 14:55:00,1.25,14056.0,United Kingdom
569897,21446,12 RED ROSE PEG PLACE SETTINGS,1,2011-10-06 16:01:00,1.25,17813.0,United Kingdom
573585,21358,TOAST ITS - HAPPY BIRTHDAY,6,2011-10-31 14:41:00,0.83,,United Kingdom
577506,22097,SWALLOW SQUARE TISSUE BOX,2,2011-11-20 12:40:00,0.39,13212.0,United Kingdom
569736,23471,SIX DRAWER OFFICE TIDY,8,2011-10-06 10:44:00,8.25,14317.0,United Kingdom
542192,21890,S/6 WOODEN SKITTLES IN COTTON BAG,6,2011-01-26 11:27:00,2.95,14049.0,United Kingdom
577029,20668,DISCO BALL CHRISTMAS DECORATION,120,2011-11-17 12:59:00,0.12,15563.0,United Kingdom
565967,22386,JUMBO BAG PINK POLKADOT,20,2011-09-08 11:27:00,2.08,14646.0,Netherlands
573068,22818,CARD CHRISTMAS VILLAGE,12,2011-10-27 13:56:00,0.42,17545.0,United Kingdom
552313,23207,LUNCH BAG ALPHABET DESIGN,10,2011-05-08 16:03:00,1.65,13139.0,United Kingdom
572738,21810,CHRISTMAS HANGING STAR WITH BELL,48,2011-10-25 15:39:00,0.39,14234.0,United Kingdom
560209,23254,CHILDRENS CUTLERY DOLLY GIRL ,2,2011-07-15 14:05:00,4.15,15004.0,United Kingdom
566625,21933,PINK VINTAGE PAISLEY PICNIC BAG,10,2011-09-14 09:38:00,1.65,14911.0,EIRE
563540,21080,SET/20 RED RETROSPOT PAPER NAPKINS ,12,2011-08-17 12:04:00,0.85,12473.0,Germany
555736,22759,SET OF 3 NOTEBOOKS IN PARCEL,12,2011-06-07 09:13:00,1.65,17730.0,United Kingdom
544449,22197,SMALL POPCORN HOLDER,10,2011-02-20 12:14:00,0.85,16115.0,United Kingdom
571653,21820,GLITTER HEART GARLAND WITH BELLS ,12,2011-10-18 12:17:00,3.39,14298.0,United Kingdom
550500,20712,JUMBO BAG WOODLAND ANIMALS,4,2011-04-18 15:26:00,4.13,,United Kingdom
559547,84859B,BLUE DISCO HANDBAG,3,2011-07-10 15:12:00,1.95,17758.0,United Kingdom
557789,22619,SET OF 6 SOLDIER SKITTLES,8,2011-06-22 16:32:00,3.75,12379.0,Belgium
561396,16161P,WRAP ENGLISH ROSE ,25,2011-07-27 10:40:00,0.42,13458.0,United Kingdom
554098,23152,IVORY SWEETHEART WIRE LETTER RACK ,2,2011-05-22 13:01:00,3.75,14769.0,United Kingdom
581217,22699,ROSES REGENCY TEACUP AND SAUCER ,6,2011-12-08 09:20:00,5.79,,United Kingdom
565766,20828,GLITTER BUTTERFLY CLIPS,4,2011-09-06 14:23:00,2.55,17841.0,United Kingdom
552188,22551,PLASTERS IN TIN SPACEBOY,12,2011-05-06 14:01:00,1.65,12394.0,Belgium
538827,70006,LOVE HEART POCKET WARMER,60,2010-12-14 12:59:00,0.42,14298.0,United Kingdom
569739,23268,SET OF 2 CERAMIC CHRISTMAS REINDEER,12,2011-10-06 10:48:00,1.45,14911.0,EIRE
536638,22070,SMALL RED RETROSPOT MUG IN BOX ,6,2010-12-02 11:41:00,3.75,16244.0,United Kingdom
577403,22588,CARD HOLDER GINGHAM HEART,18,2011-11-20 10:15:00,2.89,13988.0,United Kingdom
551997,22424,ENAMEL BREAD BIN CREAM,1,2011-05-05 15:47:00,24.96,,United Kingdom
577318,23242,TREASURE TIN BUFFALO BILL ,6,2011-11-18 13:42:00,2.08,17675.0,United Kingdom
568878,23393,HOME SWEET HOME CUSHION COVER ,6,2011-09-29 12:34:00,3.75,14524.0,United Kingdom
537394,22962,JAM JAR WITH PINK LID,12,2010-12-06 14:00:00,0.85,13089.0,United Kingdom
555275,90129B,TURQUOISE GLASS TASSLE BAG CHARM ,1,2011-06-01 17:18:00,1.63,,United Kingdom
546681,90201B,BLACK ENAMEL FLOWER RING,6,2011-03-16 08:29:00,2.95,16297.0,United Kingdom
537038,21754,HOME BUILDING BLOCK WORD,3,2010-12-05 10:12:00,5.95,15465.0,United Kingdom
564747,21671,RED SPOT CERAMIC DRAWER KNOB,6,2011-08-28 16:09:00,1.25,14869.0,United Kingdom
581127,BANK CHARGES,Bank Charges,1,2011-12-07 12:45:00,15.0,16271.0,United Kingdom
564734,47590A,BLUE HAPPY BIRTHDAY BUNTING,4,2011-08-28 13:32:00,5.45,12484.0,Spain
565930,21485,RETROSPOT HEART HOT WATER BOTTLE,3,2011-09-08 10:32:00,4.95,12685.0,France
559862,POST,POSTAGE,4,2011-07-13 10:30:00,28.0,12782.0,Portugal
540288,22665,RECIPE BOX BLUE SKETCHBOOK DESIGN,1,2011-01-06 12:45:00,2.95,17634.0,United Kingdom
544796,85049D,BRIGHT BLUES RIBBONS ,3,2011-02-23 13:37:00,1.25,16208.0,United Kingdom
574311,85099B,JUMBO BAG RED RETROSPOT,10,2011-11-03 16:56:00,2.08,15640.0,United Kingdom
571850,85053,FRENCH ENAMEL CANDLEHOLDER,2,2011-10-19 12:54:00,2.1,14698.0,United Kingdom
560926,21428,SET3 BOOK BOX GREEN GINGHAM FLOWER ,1,2011-07-22 09:20:00,8.29,,United Kingdom
576941,23319,BOX OF 6 MINI 50'S CRACKERS,6,2011-11-17 11:34:00,2.49,12562.0,France
551650,21447,12 IVORY ROSE PEG PLACE SETTINGS,12,2011-05-03 12:02:00,1.25,13089.0,United Kingdom
577358,22993,SET OF 4 PANTRY JELLY MOULDS,2,2011-11-18 15:59:00,2.46,,United Kingdom
577743,84378,SET OF 3 HEART COOKIE CUTTERS,4,2011-11-21 13:44:00,1.45,17006.0,United Kingdom
547659,21366,MIRRORED WALL ART PHOTO FRAMES,3,2011-03-24 13:05:00,4.25,12434.0,Australia
537666,90177C,DROP DIAMANTE EARRINGS CRYSTAL,1,2010-12-07 18:36:00,2.96,,United Kingdom
574304,85199S,SMALL HANGING IVORY/RED WOOD BIRD,8,2011-11-03 16:30:00,0.42,14428.0,United Kingdom
570465,22869,NUMBER TILE COTTAGE GARDEN 1,1,2011-10-10 16:02:00,4.13,,United Kingdom
536876,85025B,EAU DE NILE HEART SHAPE PHOTO FRAME,1,2010-12-03 11:36:00,3.36,,United Kingdom
560773,22280,POCKET BAG PINK PAISELY BROWN SPOT,3,2011-07-20 16:17:00,0.83,,United Kingdom
559068,21213,PACK OF 72 SKULL CAKE CASES,2,2011-07-06 10:41:00,0.55,17841.0,United Kingdom
544681,22301,COFFEE MUG CAT + BIRD DESIGN,1,2011-02-22 16:28:00,4.96,,United Kingdom
548176,21715,GIRLS VINTAGE TIN SEASIDE BUCKET,8,2011-03-29 14:20:00,2.55,13439.0,United Kingdom
550496,22329,ROUND CONTAINER SET OF 5 RETROSPOT,1,2011-04-18 15:05:00,3.29,,United Kingdom
548323,84568,GIRLS ALPHABET IRON ON PATCHES ,288,2011-03-30 13:00:00,0.21,15424.0,United Kingdom
542221,72807A,SET/3 ROSE CANDLE IN JEWELLED BOX,2,2011-01-26 12:40:00,4.25,14978.0,United Kingdom
580983,84032A,CHARLIE+LOLA PINK HOT WATER BOTTLE,1,2011-12-06 16:26:00,3.29,,United Kingdom
576696,84836,ZINC METAL HEART DECORATION,6,2011-11-16 12:26:00,1.25,16669.0,United Kingdom
543802,22551,PLASTERS IN TIN SPACEBOY,1,2011-02-13 12:03:00,1.65,13742.0,United Kingdom
571243,22617,BAKING SET SPACEBOY DESIGN,3,2011-10-14 15:26:00,4.95,14595.0,United Kingdom
547398,20712,JUMBO BAG WOODLAND ANIMALS,5,2011-03-22 16:55:00,4.13,,United Kingdom
544928,DOT,DOTCOM POSTAGE,1,2011-02-24 18:07:00,189.91,,United Kingdom
556330,22704,WRAP RED APPLES ,25,2011-06-10 11:29:00,0.42,17797.0,United Kingdom
579196,23096,PETIT TRAY CHIC,1,2011-11-28 15:54:00,3.29,14096.0,United Kingdom
536974,21915,RED  HARMONICA IN BOX ,12,2010-12-03 13:59:00,1.25,12682.0,France
541711,21424,WOODLAND STORAGE BOX LARGE ,24,2011-01-21 11:18:00,2.55,14646.0,Netherlands
564817,21194,PINK  HONEYCOMB PAPER FAN,14,2011-08-30 12:02:00,4.13,,United Kingdom
575728,23076,ICE CREAM SUNDAE LIP GLOSS,24,2011-11-10 19:40:00,1.25,14911.0,EIRE
547359,21928,JUMBO BAG SCANDINAVIAN BLUE PAISLEY,2,2011-03-22 12:27:00,1.95,15719.0,United Kingdom
546136,85054,FRENCH ENAMEL POT W LID,1,2011-03-09 16:32:00,5.79,,United Kingdom
571714,22798,ANTIQUE GLASS DRESSING TABLE POT,1,2011-10-18 17:00:00,5.79,,United Kingdom
580367,22129,PARTY CONES CANDY DECORATION,4,2011-12-02 16:39:00,2.46,,United Kingdom
579152,22077,6 RIBBONS RUSTIC CHARM,12,2011-11-28 13:26:00,1.95,12479.0,Germany
562421,21402,RED  EGG  SPOON,24,2011-08-04 16:41:00,0.12,15241.0,United Kingdom
544685,22898,CHILDRENS APRON APPLES DESIGN,8,2011-02-22 17:13:00,1.95,13285.0,United Kingdom
577542,21619,4 VANILLA BOTANICAL CANDLES,4,2011-11-20 14:33:00,1.25,13565.0,United Kingdom
557749,21829,DINOSAUR KEYRINGS ASSORTED,36,2011-06-22 12:44:00,0.21,13477.0,United Kingdom
540646,20654,FIRST CLASS LUGGAGE TAG ,1,2011-01-10 14:32:00,0.85,,United Kingdom
537196,84987,SET OF 36 TEATIME PAPER DOILIES,1,2010-12-05 13:55:00,1.45,15426.0,United Kingdom
542999,22719,GUMBALL MONOCHROME COAT RACK,1,2011-02-02 12:16:00,2.46,,United Kingdom
562733,22314,OFFICE MUG WARMER CHOC+BLUE,6,2011-08-09 10:20:00,2.95,14626.0,United Kingdom
579491,21494,ROTATING LEAVES T-LIGHT HOLDER,1,2011-11-29 15:23:00,1.25,14723.0,United Kingdom
571107,23534,WALL ART STOP FOR TEA ,3,2011-10-13 16:17:00,5.95,13858.0,United Kingdom
578055,85172,HYACINTH BULB T-LIGHT CANDLES,64,2011-11-22 15:00:00,0.42,13986.0,United Kingdom
543487,22801,ANTIQUE GLASS PEDESTAL BOWL,4,2011-02-09 10:25:00,3.75,13319.0,United Kingdom
555866,22210,WOOD STAMP SET BEST WISHES,12,2011-06-07 14:38:00,0.83,16841.0,United Kingdom
570458,21248,DOOR HANGER  MUM + DADS ROOM,2,2011-10-10 15:39:00,1.45,14535.0,United Kingdom
570646,23123,COCKTAIL SWORDS 50 PIECES,12,2011-10-11 12:49:00,0.83,12824.0,United Kingdom
574950,22687,DOORMAT CHRISTMAS VILLAGE,1,2011-11-08 09:29:00,16.63,,United Kingdom
581436,22726,ALARM CLOCK BAKELIKE GREEN,4,2011-12-08 16:18:00,3.75,17491.0,United Kingdom
550517,22087,PAPER BUNTING WHITE LACE,12,2011-04-19 08:17:00,2.95,14352.0,United Kingdom
574742,46000S,POLYESTER FILLER PAD 40x40cm,2,2011-11-06 16:13:00,1.45,,United Kingdom
550203,21033,JUMBO BAG CHARLIE AND LOLA TOYS,1,2011-04-15 10:37:00,4.13,,United Kingdom
580771,23151,ZINC SWEETHEART SOAP DISH,4,2011-12-06 10:58:00,0.79,16015.0,United Kingdom
545188,22398,MAGNETS PACK OF 4 SWALLOWS,4,2011-02-28 15:19:00,1.25,14056.0,United Kingdom
545408,22720,SET OF 3 CAKE TINS PANTRY DESIGN ,24,2011-03-02 12:10:00,4.25,15067.0,United Kingdom
577078,22112,CHOCOLATE HOT WATER BOTTLE,1,2011-11-17 15:17:00,10.79,,United Kingdom
568059,22941,CHRISTMAS LIGHTS 10 REINDEER,2,2011-09-23 12:58:00,8.5,13097.0,United Kingdom
538524,22717,CARD DOG AND BALL ,1,2010-12-13 09:35:00,0.85,,United Kingdom
550331,17107D,"FLOWER FAIRY,5 SUMMER B'DRAW LINERS",2,2011-04-17 13:43:00,2.55,15555.0,United Kingdom
581498,22961,JAM MAKING SET PRINTED,4,2011-12-09 10:26:00,3.29,,United Kingdom
572562,21481,FAWN BLUE HOT WATER BOTTLE,4,2011-10-25 09:07:00,3.75,13481.0,United Kingdom
573632,23355,HOT WATER BOTTLE KEEP CALM,4,2011-10-31 15:36:00,4.95,15329.0,United Kingdom
537154,82494L,WOODEN FRAME ANTIQUE WHITE ,6,2010-12-05 13:05:00,2.95,15808.0,United Kingdom
540154,85178,VICTORIAN SEWING KIT,1,2011-01-05 11:30:00,2.51,,United Kingdom
552831,48194,DOORMAT HEARTS,2,2011-05-11 14:12:00,7.95,13052.0,United Kingdom
559816,21534,DAIRY MAID LARGE MILK JUG,1,2011-07-12 16:11:00,4.13,,United Kingdom
541596,20975,12 PENCILS SMALL TUBE RED RETROSPOT,5,2011-01-19 16:19:00,0.65,17602.0,United Kingdom
554961,22429,ENAMEL MEASURING JUG CREAM,1,2011-05-27 15:19:00,8.29,,United Kingdom
538296,85123A,WHITE HANGING HEART T-LIGHT HOLDER,6,2010-12-10 13:06:00,2.95,13148.0,United Kingdom
579508,23484,HEART TRELLIS TRIPLE T-LIGHT HOLDER,1,2011-11-29 16:33:00,5.79,,United Kingdom
573109,23343,JUMBO BAG VINTAGE CHRISTMAS ,20,2011-10-27 15:19:00,2.08,15144.0,United Kingdom
563195,23295,SET OF 12 MINI LOAF BAKING CASES,1,2011-08-12 16:36:00,2.46,,United Kingdom
537765,22296,HEART IVORY TRELLIS LARGE,1,2010-12-08 12:08:00,1.65,14606.0,United Kingdom
545660,22969,HOMEMADE JAM SCENTED CANDLES,12,2011-03-04 14:28:00,1.45,17191.0,United Kingdom
547103,85174,S/4 CACTI CANDLES,2,2011-03-21 10:54:00,4.95,15218.0,United Kingdom
541875,21786,POLKADOT RAIN HAT ,24,2011-01-24 10:01:00,0.42,16558.0,United Kingdom
581439,22489,PACK OF 12 TRADITIONAL CRAYONS,2,2011-12-08 16:30:00,0.83,,United Kingdom
563498,22076,6 RIBBONS EMPIRE  ,12,2011-08-16 16:17:00,1.65,17719.0,United Kingdom
547050,22332,SKULLS PARTY BAG + STICKER SET,10,2011-03-20 12:02:00,1.65,17795.0,United Kingdom
552662,21944,KITTENS DESIGN FLANNEL,1,2011-05-10 15:04:00,1.63,,United Kingdom
556243,20661,BLUE POLKADOT PURSE ,1,2011-06-09 16:07:00,2.46,,United Kingdom
544392,84997D,PINK 3 PIECE POLKADOT CUTLERY SET,72,2011-02-18 11:54:00,3.75,14680.0,United Kingdom
547841,84978,HANGING HEART JAR T-LIGHT HOLDER,6,2011-03-27 11:02:00,1.25,16923.0,United Kingdom
547788,22839,3 TIER CAKE TIN GREEN AND CREAM,1,2011-03-25 12:00:00,29.13,,United Kingdom
542619,21136,PAINTED METAL PEARS ASSORTED,8,2011-01-30 15:54:00,1.69,13869.0,United Kingdom
579512,23350,ROLL WRAP VINTAGE SPOT ,1,2011-11-29 16:47:00,2.46,,United Kingdom
546896,22035,VINTAGE CARAVAN GREETING CARD ,3,2011-03-17 18:24:00,0.83,,United Kingdom
567661,23198,PANTRY MAGNETIC  SHOPPING LIST,1,2011-09-21 15:06:00,1.45,13959.0,United Kingdom
554270,22293,HANGING CHICK GREEN DECORATION,24,2011-05-23 13:05:00,1.45,15046.0,United Kingdom
568346,84032B,CHARLIE + LOLA RED HOT WATER BOTTLE,3,2011-09-26 15:28:00,3.29,14096.0,United Kingdom
546981,22971,QUEENS GUARD COFFEE MUG,6,2011-03-18 12:21:00,2.55,14066.0,United Kingdom
577751,22167, OVAL WALL MIRROR DIAMANTE ,1,2011-11-21 14:34:00,9.95,12904.0,United Kingdom
543800,21078,SET/20 STRAWBERRY PAPER NAPKINS ,2,2011-02-13 11:36:00,0.85,17282.0,United Kingdom
574041,15036,ASSORTED COLOURS SILK FAN,24,2011-11-02 13:05:00,0.83,15805.0,United Kingdom
543804,22178,VICTORIAN GLASS HANGING T-LIGHT,6,2011-02-13 12:17:00,1.25,16434.0,United Kingdom
572301,23411, TRELLIS COAT RACK,1,2011-10-23 14:41:00,4.95,16794.0,United Kingdom
576924,22617,BAKING SET SPACEBOY DESIGN,6,2011-11-17 10:53:00,4.95,17419.0,United Kingdom
579885,22801,ANTIQUE GLASS PEDESTAL BOWL,1,2011-11-30 17:37:00,3.75,15444.0,United Kingdom
550106,22626,BLACK KITCHEN SCALES,1,2011-04-14 12:31:00,8.5,13772.0,United Kingdom
537240,47369A,PINK GREEN EMBROIDERY COSMETIC BAG,1,2010-12-06 10:08:00,5.91,,United Kingdom
540248,82580,BATHROOM METAL SIGN,6,2011-01-05 15:57:00,0.55,15034.0,United Kingdom
553767,22630,DOLLY GIRL LUNCH BOX,1,2011-05-19 10:46:00,2.46,,United Kingdom
547563,23077,DOUGHNUT LIP GLOSS ,40,2011-03-24 08:56:00,1.25,15651.0,United Kingdom
542002,22663,JUMBO BAG DOLLY GIRL DESIGN,20,2011-01-25 10:57:00,1.65,14298.0,United Kingdom
538849,84970L,SINGLE HEART ZINC T-LIGHT HOLDER,12,2010-12-14 13:31:00,0.95,14415.0,United Kingdom
561870,22720,SET OF 3 CAKE TINS PANTRY DESIGN ,6,2011-07-31 11:45:00,4.95,14911.0,EIRE
537050,22659,LUNCH BOX I LOVE LONDON,3,2010-12-05 11:10:00,1.95,14800.0,United Kingdom
567816,48194,DOORMAT HEARTS,2,2011-09-22 12:34:00,8.25,17243.0,United Kingdom
557410,23300,GARDENERS KNEELING PAD CUP OF TEA ,1,2011-06-20 11:36:00,1.65,14701.0,United Kingdom
565231,22699,ROSES REGENCY TEACUP AND SAUCER ,2,2011-09-02 09:26:00,5.79,,United Kingdom
556572,22661,CHARLOTTE BAG DOLLY GIRL DESIGN,100,2011-06-13 13:25:00,0.72,15311.0,United Kingdom
558455,22457,NATURAL SLATE HEART CHALKBOARD ,6,2011-06-29 13:58:00,2.95,14327.0,United Kingdom
564342,23297,SET 40 HEART SHAPE PETIT FOUR CASES,6,2011-08-24 14:53:00,1.65,16340.0,United Kingdom
544455,21260,FIRST AID TIN,6,2011-02-20 13:18:00,3.25,13097.0,United Kingdom
575500,22677,FRENCH BLUE METAL DOOR SIGN 2,10,2011-11-10 09:57:00,1.25,16003.0,United Kingdom
561507,21055,TOOL BOX SOFT TOY ,2,2011-07-27 14:21:00,8.95,12397.0,Belgium
542603,22860,EASTER TIN CHICKS PINK DAISY,6,2011-01-30 12:09:00,1.65,16985.0,United Kingdom
577061,23320,GIANT 50'S CHRISTMAS CRACKER,12,2011-11-17 14:40:00,2.89,14911.0,EIRE
562792,22398,MAGNETS PACK OF 4 SWALLOWS,5,2011-08-09 14:18:00,0.39,17634.0,United Kingdom
575517,21154,RED RETROSPOT OVEN GLOVE ,4,2011-11-10 10:49:00,1.25,14562.0,United Kingdom
564760,22457,NATURAL SLATE HEART CHALKBOARD ,2,2011-08-30 10:47:00,5.79,,United Kingdom
572301,23417,BATHROOM HOOK,1,2011-10-23 14:41:00,1.65,16794.0,United Kingdom
540357,22343,PARTY PIZZA DISH RED RETROSPOT,48,2011-01-06 15:14:00,0.21,13093.0,United Kingdom
543820,22520,CHILDS GARDEN TROWEL BLUE ,1,2011-02-13 16:05:00,0.85,16084.0,United Kingdom
540848,90214A,"LETTER ""A"" BLING KEY RING",2,2011-01-12 09:26:00,0.85,,United Kingdom
548670,22722,SET OF 6 SPICE TINS PANTRY DESIGN,1,2011-04-01 15:37:00,3.95,15356.0,United Kingdom
562377,22629,SPACEBOY LUNCH BOX ,1,2011-08-04 15:04:00,1.95,14535.0,United Kingdom
577504,22621,TRADITIONAL KNITTING NANCY,2,2011-11-20 12:36:00,1.65,14159.0,United Kingdom
568792,23174,REGENCY SUGAR BOWL GREEN,4,2011-09-29 09:53:00,4.15,18192.0,United Kingdom
576062,21506,"FANCY FONT BIRTHDAY CARD, ",12,2011-11-13 15:30:00,0.42,12867.0,United Kingdom
570009,23350,ROLL WRAP VINTAGE SPOT ,12,2011-10-07 09:38:00,1.25,14138.0,United Kingdom
569836,23310,BUBBLEGUM RING ASSORTED,36,2011-10-06 13:06:00,0.42,12910.0,United Kingdom
575475,22595,GINGHAM HEART DECORATION,12,2011-11-09 16:03:00,0.85,17702.0,United Kingdom
562258,21242,RED RETROSPOT PLATE ,12,2011-08-03 15:28:00,1.69,16348.0,United Kingdom
578080,23213,STAR WREATH DECORATION WITH BELL,12,2011-11-22 16:28:00,1.25,15634.0,United Kingdom
542890,84849D,HOT BATHS SOAP HOLDER,2,2011-02-01 13:25:00,1.69,15311.0,United Kingdom
561870,84879,ASSORTED COLOUR BIRD ORNAMENT,8,2011-07-31 11:45:00,1.69,14911.0,EIRE
554151,22433,WATERING CAN GREEN DINOSAUR,2,2011-05-23 11:07:00,1.95,14049.0,United Kingdom
570218,22734,SET OF 6 RIBBONS VINTAGE CHRISTMAS,12,2011-10-09 12:20:00,2.89,16873.0,United Kingdom
573866,22220,CAKE STAND LOVEBIRD 2 TIER WHITE,2,2011-11-01 12:06:00,9.95,17495.0,United Kingdom
563404,20711,JUMBO BAG TOYS ,20,2011-08-16 11:04:00,2.08,16303.0,United Kingdom
542719,21967,PACK OF 12 SKULL TISSUES,2,2011-01-31 14:18:00,0.29,17619.0,United Kingdom
545216,84406B,CREAM CUPID HEARTS COAT HANGER,1,2011-02-28 16:50:00,8.29,,United Kingdom
567427,22900,SET 2 TEA TOWELS I LOVE LONDON ,1,2011-09-20 11:34:00,3.25,,United Kingdom
537955,22382,LUNCH BAG SPACEBOY DESIGN ,1,2010-12-09 11:28:00,1.65,16782.0,United Kingdom
C550614,22635,CHILDS BREAKFAST SET DOLLY GIRL ,-1,2011-04-19 12:40:00,9.95,13735.0,United Kingdom
C569655,23302,KNEELING MAT HOUSEWORK  DESIGN,-1,2011-10-05 12:58:00,1.65,14534.0,United Kingdom
552866,21668,RED STRIPE CERAMIC DRAWER KNOB,6,2011-05-11 17:36:00,1.25,,United Kingdom
566451,22460,EMBOSSED GLASS TEALIGHT HOLDER,2,2011-09-12 16:14:00,1.25,18069.0,United Kingdom
554986,23254,CHILDRENS CUTLERY DOLLY GIRL ,1,2011-05-29 12:35:00,4.15,14451.0,United Kingdom
576617,22425,ENAMEL COLANDER CREAM,1,2011-11-15 16:57:00,9.96,,United Kingdom
538877,22069,BROWN  PIRATE TREASURE CHEST ,3,2010-12-14 15:29:00,4.21,,United Kingdom
544837,22265,EASTER DECORATION NATURAL CHICK,4,2011-02-24 10:29:00,0.65,15910.0,United Kingdom
563915,23023,RIDGED BONNE JAM JAR T-LIGHT HOLDER,6,2011-08-21 13:24:00,1.65,14224.0,United Kingdom
539737,82600,NO SINGING METAL SIGN,1,2010-12-21 15:19:00,4.21,,United Kingdom
556825,22212,FOUR HOOK  WHITE LOVEBIRDS,1,2011-06-15 10:24:00,4.13,,United Kingdom
579284,21498,RED RETROSPOT WRAP ,50,2011-11-29 10:52:00,0.36,15061.0,United Kingdom
537823,22559,SEASIDE FLYING DISC,1,2010-12-08 14:25:00,2.51,,United Kingdom
568048,22689,DOORMAT MERRY CHRISTMAS RED ,2,2011-09-23 12:36:00,8.25,14911.0,EIRE
556503,21080,SET/20 RED RETROSPOT PAPER NAPKINS ,12,2011-06-13 08:44:00,0.85,13517.0,United Kingdom
549522,22203,MILK PAN RED RETROSPOT,4,2011-04-08 15:34:00,3.75,16873.0,United Kingdom
553235,23207,LUNCH BAG ALPHABET DESIGN,10,2011-05-16 11:13:00,1.65,13018.0,United Kingdom
546389,48129,DOORMAT TOPIARY,2,2011-03-11 13:56:00,7.95,16801.0,United Kingdom
579196,20914,SET/5 RED RETROSPOT LID GLASS BOWLS,3,2011-11-28 15:54:00,5.79,14096.0,United Kingdom
558240,82600,NO SINGING METAL SIGN,2,2011-06-27 15:27:00,4.13,,United Kingdom
542994,21498,RED RETROSPOT WRAP ,25,2011-02-02 12:03:00,0.42,17230.0,United Kingdom
572517,22142,CHRISTMAS CRAFT WHITE FAIRY ,6,2011-10-24 14:47:00,1.45,15068.0,United Kingdom
553941,82484,WOOD BLACK BOARD ANT WHITE FINISH,2,2011-05-20 10:37:00,7.95,14334.0,United Kingdom
556259,84596B,SMALL DOLLY MIX DESIGN ORANGE BOWL,16,2011-06-09 17:53:00,0.42,12721.0,France
562031,22679,FRENCH BLUE METAL DOOR SIGN 4,5,2011-08-01 17:37:00,1.25,16984.0,United Kingdom
546562,22801,ANTIQUE GLASS PEDESTAL BOWL,4,2011-03-15 10:45:00,3.75,16293.0,United Kingdom
572853,22693,GROW A FLYTRAP OR SUNFLOWER IN TIN,24,2011-10-26 12:28:00,1.25,17712.0,United Kingdom
560772,84876B,GREEN HEART COMPACT MIRROR,1,2011-07-20 16:12:00,2.46,,United Kingdom
562767,22847,BREAD BIN DINER STYLE IVORY,1,2011-08-09 10:47:00,16.95,13769.0,United Kingdom
543461,22939,APRON APPLE DELIGHT,1,2011-02-08 13:35:00,10.79,,United Kingdom
566938,22436,12 COLOURED PARTY BALLOONS,20,2011-09-15 15:48:00,0.65,14557.0,United Kingdom
546656,22094,RED RETROSPOT TISSUE BOX,1,2011-03-15 14:19:00,2.46,,United Kingdom
566612,47594B,SCOTTIES DESIGN WASHBAG,5,2011-09-13 17:16:00,1.95,16229.0,United Kingdom
543547,20970,PINK FLORAL FELTCRAFT SHOULDER BAG,1,2011-02-09 16:57:00,3.75,17358.0,United Kingdom
553850,85123A,WHITE HANGING HEART T-LIGHT HOLDER,12,2011-05-19 12:59:00,2.95,18075.0,United Kingdom
568428,23237,SET OF 4 KNICK KNACK TINS LEAF,1,2011-09-27 11:27:00,4.15,14419.0,United Kingdom
542613,21383,PACK OF 12 STICKY BUNNIES,9,2011-01-30 14:36:00,0.65,17431.0,United Kingdom
558904,23200,JUMBO BAG PEARS,7,2011-07-04 16:18:00,2.08,,United Kingdom
566590,22970,LONDON BUS COFFEE MUG,6,2011-09-13 14:51:00,2.55,14032.0,United Kingdom
544040,20971,PINK BLUE FELT CRAFT TRINKET BOX,2,2011-02-15 11:40:00,1.25,14701.0,United Kingdom
567076,85071C,"CHARLIE+LOLA""EXTREMELY BUSY"" SIGN",24,2011-09-16 12:27:00,0.39,15505.0,United Kingdom
564557,23243,SET OF TEA COFFEE SUGAR TINS PANTRY,2,2011-08-25 19:55:00,4.95,17576.0,United Kingdom
540154,22963,JAM JAR WITH GREEN LID,1,2011-01-05 11:30:00,1.66,,United Kingdom
579419,23580,SNACK TRAY HAPPY FOREST  ,8,2011-11-29 13:01:00,1.95,12471.0,Germany
565784,90019C,SILVER BLACK ORBIT BRACELET,2,2011-09-06 16:02:00,4.95,15089.0,United Kingdom
567202,22751,FELTCRAFT PRINCESS OLIVIA DOLL,4,2011-09-19 10:36:00,3.75,13325.0,United Kingdom
574470,23506,MINI PLAYING CARDS SPACEBOY ,6,2011-11-04 11:56:00,0.42,12748.0,United Kingdom
558571,22551,PLASTERS IN TIN SPACEBOY,24,2011-06-30 14:46:00,1.65,17017.0,United Kingdom
542906,22722,SET OF 6 SPICE TINS PANTRY DESIGN,1,2011-02-01 15:12:00,8.29,,United Kingdom
549556,22999,TRAVEL CARD WALLET RETRO PETALS,2,2011-04-10 12:53:00,0.42,17372.0,United Kingdom
560434,21576,LETS GO SHOPPING COTTON TOTE BAG,1,2011-07-18 15:56:00,1.63,,United Kingdom
568648,22727,ALARM CLOCK BAKELIKE RED ,20,2011-09-28 11:49:00,3.75,16672.0,United Kingdom
562418,22090,PAPER BUNTING RETROSPOT,6,2011-08-04 16:34:00,2.95,16572.0,United Kingdom
567211,23423,PANTRY 3 HOOK ROLLING PIN HANGER,2,2011-09-19 11:02:00,3.75,14159.0,United Kingdom
559506,22149,FELTCRAFT 6 FLOWER FRIENDS,1,2011-07-08 15:17:00,4.13,,United Kingdom
559337,22355,CHARLOTTE BAG SUKI DESIGN,3,2011-07-07 16:27:00,1.63,,United Kingdom
581238,22952,60 CAKE CASES VINTAGE CHRISTMAS,3,2011-12-08 10:53:00,1.25,,United Kingdom
581219,21289,LARGE STRIPES CHOCOLATE GIFT BAG,1,2011-12-08 09:28:00,1.25,,United Kingdom
577869,22151,PLACE SETTING WHITE HEART,4,2011-11-22 11:34:00,0.42,13268.0,United Kingdom
562517,22457,NATURAL SLATE HEART CHALKBOARD ,2,2011-08-05 12:27:00,2.95,15719.0,United Kingdom
571670,84596F,SMALL MARSHMALLOWS PINK BOWL,16,2011-10-18 13:12:00,0.42,12611.0,Italy
574921,22138,BAKING SET 9 PIECE RETROSPOT ,24,2011-11-07 16:36:00,4.25,16070.0,United Kingdom
562878,23209,LUNCH BAG VINTAGE DOILY ,1,2011-08-10 10:45:00,1.65,16241.0,United Kingdom
580283,20840,FRENCH FLORAL CUSHION COVER ,24,2011-12-02 13:20:00,0.85,16133.0,United Kingdom
557937,23024,LARGE BONNE JAM JAR  T-LIGHT HOLDER,1,2011-06-23 15:30:00,5.79,,United Kingdom
545477,85053,FRENCH ENAMEL CANDLEHOLDER,5,2011-03-03 11:07:00,2.1,14573.0,United Kingdom
538636,22624,IVORY KITCHEN SCALES,2,2010-12-13 13:50:00,8.5,14639.0,United Kingdom
563090,23236,STORAGE TIN VINTAGE DOILY ,6,2011-08-11 17:00:00,2.89,16186.0,United Kingdom
559991,21363,HOME SMALL WOOD LETTERS,1,2011-07-14 12:29:00,4.95,14527.0,United Kingdom
545895,17096,ASSORTED LAQUERED INCENSE HOLDERS,13,2011-03-07 17:14:00,0.42,,United Kingdom
560504,22851,SET 20 NAPKINS FAIRY CAKES DESIGN ,24,2011-07-19 11:47:00,0.85,13081.0,United Kingdom
552963,22067,CHOC TRUFFLE GOLD TRINKET POT ,10,2011-05-12 12:57:00,1.65,16743.0,United Kingdom
564758,22969,HOMEMADE JAM SCENTED CANDLES,1,2011-08-30 10:39:00,3.29,,United Kingdom
539464,84247E,PACK/12 XMAS FUN CARD,1,2010-12-19 11:35:00,2.95,17913.0,United Kingdom
542794,21977,PACK OF 60 PINK PAISLEY CAKE CASES,1,2011-02-01 10:56:00,1.25,,United Kingdom
558860,84842,HELLO SAILOR BATHROOM SET,2,2011-07-04 12:18:00,3.75,17975.0,United Kingdom
548616,22621,TRADITIONAL KNITTING NANCY,24,2011-04-01 11:48:00,1.45,18263.0,United Kingdom
549564,22969,HOMEMADE JAM SCENTED CANDLES,12,2011-04-10 14:16:00,1.45,18129.0,United Kingdom
554671,22621,TRADITIONAL KNITTING NANCY,12,2011-05-25 15:47:00,1.65,14009.0,United Kingdom
558063,22925,BLUE GIANT GARDEN THERMOMETER,1,2011-06-24 15:28:00,5.95,16395.0,United Kingdom
569081,22579,WOODEN TREE CHRISTMAS SCANDINAVIAN,24,2011-09-30 11:54:00,0.29,13972.0,United Kingdom
580675,22111,SCOTTIE DOG HOT WATER BOTTLE,6,2011-12-05 14:35:00,4.95,15640.0,United Kingdom
564666,22815,CARD PSYCHEDELIC APPLES,12,2011-08-26 14:51:00,0.42,12492.0,Germany
544202,22211,WOOD STAMP SET FLOWERS,1,2011-02-17 10:29:00,3.29,,United Kingdom
576329,16237,SLEEPING CAT ERASERS,1,2011-11-14 15:22:00,0.42,,United Kingdom
579456,22163,HEART STRING MEMO HOLDER HANGING,2,2011-11-29 14:20:00,0.79,13428.0,United Kingdom
552857,22678,FRENCH BLUE METAL DOOR SIGN 3,1,2011-05-11 15:34:00,2.46,,United Kingdom
574034,85170D,SET/6 PINK BIRD T-LIGHT CANDLES,2,2011-11-02 12:45:00,2.1,17841.0,United Kingdom
565067,85183B,CHARLIE & LOLA WASTEPAPER BIN FLORA,4,2011-08-31 17:16:00,1.25,15856.0,United Kingdom
546236,22477,WATERING CAN GARDEN MARKER,10,2011-03-10 12:48:00,1.25,12370.0,Cyprus
574086,23084,RABBIT NIGHT LIGHT,48,2011-11-03 08:39:00,1.79,15651.0,United Kingdom
C569114,22607,WOODEN ROUNDERS GARDEN SET ,-1,2011-09-30 12:50:00,9.95,14911.0,EIRE
543815,21896,POTTING SHED TWINE,2,2011-02-13 15:18:00,2.1,17255.0,United Kingdom
559806,21380,WOODEN HAPPY BIRTHDAY GARLAND,24,2011-07-12 14:26:00,2.95,13311.0,United Kingdom
581411,22727,ALARM CLOCK BAKELIKE RED ,16,2011-12-08 14:15:00,3.75,17554.0,United Kingdom
541860,22782,SET 3 WICKER STORAGE BASKETS ,4,2011-01-23 15:45:00,9.95,13963.0,United Kingdom
578082,23150,IVORY SWEETHEART SOAP DISH,6,2011-11-22 16:33:00,2.49,12775.0,Netherlands
576255,23060,HEART BEADED TRELLIS DECORATION,5,2011-11-14 14:09:00,2.08,15993.0,United Kingdom
564078,20677,PINK POLKADOT BOWL,16,2011-08-22 15:43:00,1.25,17083.0,United Kingdom
581141,22744,MAKE YOUR OWN MONSOON CARD KIT,12,2011-12-07 13:35:00,0.79,14132.0,United Kingdom
538080,22791,T-LIGHT GLASS FLUTED ANTIQUE,24,2010-12-09 14:28:00,1.25,17646.0,United Kingdom
559863,21041,RED RETROSPOT OVEN GLOVE DOUBLE,2,2011-07-13 10:33:00,2.95,15039.0,United Kingdom
557008,85159B,"WHITE TEA,COFFEE,SUGAR JARS",1,2011-06-16 11:38:00,1.95,16729.0,United Kingdom
539984,21790,VINTAGE SNAP CARDS,12,2010-12-23 14:58:00,0.85,14911.0,EIRE
562387,84251B,"GREETING CARD, STICKY GORDON",12,2011-08-04 15:51:00,0.19,13402.0,United Kingdom
536412,22988,SOLDIERS EGG CUP ,6,2010-12-01 11:49:00,1.25,17920.0,United Kingdom
540418,22466,FAIRY TALE COTTAGE NIGHTLIGHT,1,2011-01-07 11:04:00,4.21,,United Kingdom
560035,21278,VINTAGE KITCHEN PRINT PUDDINGS,6,2011-07-14 13:41:00,2.55,17706.0,United Kingdom
560773,20754,RETROSPOT RED WASHING UP GLOVES,1,2011-07-20 16:17:00,4.13,,United Kingdom
556244,23084,RABBIT NIGHT LIGHT,7,2011-06-09 16:08:00,2.08,15867.0,United Kingdom
579003,23313,VINTAGE CHRISTMAS BUNTING,15,2011-11-28 08:48:00,4.95,14741.0,United Kingdom
576189,23103,JINGLE BELL HEART DECORATION,4,2011-11-14 11:33:00,1.65,14684.0,United Kingdom
569898,22174,PHOTO CUBE,1,2011-10-06 16:08:00,3.29,,United Kingdom
563928,21621,VINTAGE UNION JACK BUNTING,2,2011-08-21 15:17:00,8.5,17059.0,United Kingdom
567899,23432,PRETTY HANGING QUILTED HEARTS,12,2011-09-22 16:26:00,0.83,14911.0,EIRE
C566970,22960,JAM MAKING SET WITH JARS,-2,2011-09-16 08:51:00,4.25,13993.0,United Kingdom
580399,84030E,ENGLISH ROSE HOT WATER BOTTLE,1,2011-12-04 11:45:00,4.25,13471.0,United Kingdom
558808,22386,JUMBO BAG PINK POLKADOT,1,2011-07-04 11:10:00,4.13,,United Kingdom
572657,23343,JUMBO BAG VINTAGE CHRISTMAS ,50,2011-10-25 12:27:00,2.08,15615.0,United Kingdom
548987,23178,JAM CLOCK MAGNET,2,2011-04-05 12:50:00,2.89,14535.0,United Kingdom
567211,85123A,WHITE HANGING HEART T-LIGHT HOLDER,2,2011-09-19 11:02:00,2.95,14159.0,United Kingdom
550477,21156,RETROSPOT CHILDRENS APRON,3,2011-04-18 14:01:00,1.95,17338.0,United Kingdom
553375,85183B,CHARLIE & LOLA WASTEPAPER BIN FLORA,12,2011-05-16 14:53:00,1.25,14911.0,EIRE
570690,22372,AIRLINE BAG VINTAGE WORLD CHAMPION ,1,2011-10-11 16:37:00,8.29,,United Kingdom
580502,23535,WALL ART BICYCLE SAFETY,3,2011-12-04 13:15:00,5.95,16931.0,United Kingdom
541871,21210,SET OF 72 RETROSPOT PAPER  DOILIES,1,2011-01-24 09:41:00,2.92,,United Kingdom
562429,22697,GREEN REGENCY TEACUP AND SAUCER,10,2011-08-04 17:23:00,2.95,13767.0,United Kingdom
541219,21931,JUMBO STORAGE BAG SUKI,1,2011-01-14 14:06:00,4.13,,United Kingdom
568189,21136,PAINTED METAL PEARS ASSORTED,24,2011-09-25 14:36:00,1.69,14757.0,United Kingdom
568703,22398,MAGNETS PACK OF 4 SWALLOWS,12,2011-09-28 15:21:00,0.39,12748.0,United Kingdom
578472,22726,ALARM CLOCK BAKELIKE GREEN,8,2011-11-24 12:40:00,3.75,12476.0,Germany
552702,20886,BOX OF 9 PEBBLE CANDLES,1,2011-05-10 16:00:00,4.13,,United Kingdom
560504,22606,WOODEN SKITTLES GARDEN SET,2,2011-07-19 11:47:00,15.95,13081.0,United Kingdom
563404,22147,FELTCRAFT BUTTERFLY HEARTS,12,2011-08-16 11:04:00,1.45,16303.0,United Kingdom
549023,20616,CHERRY BLOSSOM PASSPORT COVER,1,2011-04-05 16:27:00,1.63,,United Kingdom
566647,20676,RED RETROSPOT BOWL,6,2011-09-14 11:21:00,1.25,18001.0,United Kingdom
557612,21703,BAG 125g SWIRLY MARBLES,96,2011-06-21 12:40:00,0.36,14460.0,United Kingdom
544434,22625,RED KITCHEN SCALES,1,2011-02-18 16:12:00,16.63,,United Kingdom
555630,23282,FOLDING BUTTERFLY MIRROR IVORY ,12,2011-06-06 12:04:00,0.83,14732.0,United Kingdom
581219,23464,VINTAGE ZINC WATERING CAN SMALL,1,2011-12-08 09:28:00,10.0,,United Kingdom
551686,22089,PAPER BUNTING VINTAGE PAISLEY,3,2011-05-03 12:53:00,2.95,13668.0,United Kingdom
550470,22993,SET OF 4 PANTRY JELLY MOULDS,1,2011-04-18 13:49:00,2.46,,United Kingdom
546367,47566,PARTY BUNTING,50,2011-03-11 11:38:00,4.15,15513.0,United Kingdom
558864,23285,PINK VINTAGE SPOT BEAKER,8,2011-07-04 12:38:00,0.85,,EIRE
576771,23264,SET OF 3 WOODEN SLEIGH DECORATIONS,12,2011-11-16 13:19:00,1.25,13285.0,United Kingdom
574281,22402,MAGNETS PACK OF 4 VINTAGE COLLAGE,12,2011-11-03 14:47:00,0.39,14856.0,United Kingdom
C553851,21539,RED RETROSPOT BUTTER DISH,-1,2011-05-19 13:04:00,4.95,15811.0,United Kingdom
557938,84032B,CHARLIE + LOLA RED HOT WATER BOTTLE,1,2011-06-23 15:35:00,3.29,,United Kingdom
538177,21810,CHRISTMAS HANGING STAR WITH BELL,1,2010-12-10 09:51:00,2.51,,United Kingdom
537666,22792,FLUTED ANTIQUE CANDLE HOLDER,2,2010-12-07 18:36:00,1.66,,United Kingdom
580963,21731,RED TOADSTOOL LED NIGHT LIGHT,12,2011-12-06 14:49:00,1.65,14868.0,United Kingdom
549972,22665,RECIPE BOX BLUE SKETCHBOOK DESIGN,6,2011-04-13 14:27:00,2.95,13408.0,United Kingdom
558540,22191,IVORY DINER WALL CLOCK,6,2011-06-30 12:15:00,8.5,17706.0,United Kingdom
539434,22498,WOODEN REGATTA BUNTING,2,2010-12-17 14:41:00,12.72,,United Kingdom
556912,23256,CHILDRENS CUTLERY SPACEBOY ,1,2011-06-15 13:26:00,4.15,15005.0,United Kingdom
538626,22491,PACK OF 12 COLOURED PENCILS,6,2010-12-13 12:57:00,0.85,17338.0,United Kingdom
550467,84944,SET OF 6 KASHMIR FOLKART BAUBLES,2,2011-04-18 13:36:00,4.25,18009.0,United Kingdom
569533,20973,12 PENCIL SMALL TUBE WOODLAND,3,2011-10-04 15:21:00,0.65,16374.0,United Kingdom
558904,21199,PINK  HEART CONFETTI IN TUBE,1,2011-07-04 16:18:00,0.83,,United Kingdom
538354,22558,CLOTHES PEGS RETROSPOT PACK 24 ,12,2010-12-10 15:45:00,1.49,16873.0,United Kingdom
537192,22667,RECIPE BOX RETROSPOT ,1,2010-12-05 13:42:00,2.95,16402.0,United Kingdom
580983,21015,DARK BIRD HOUSE TREE DECORATION,9,2011-12-06 16:26:00,0.83,,United Kingdom
537447,22568,FELTCRAFT CUSHION OWL,8,2010-12-07 09:21:00,3.75,13963.0,United Kingdom
575875,22819,"BIRTHDAY CARD, RETRO SPOT",1,2011-11-11 13:06:00,0.42,,United Kingdom
569790,23328,SET 6 SCHOOL MILK BOTTLES IN CRATE,1,2011-10-06 11:42:00,3.75,15910.0,United Kingdom
559418,22413,METAL SIGN TAKE IT OR LEAVE IT ,6,2011-07-08 11:36:00,2.95,12681.0,France
558919,22386,JUMBO BAG PINK POLKADOT,10,2011-07-05 09:56:00,2.08,15078.0,United Kingdom
557742,84970S,HANGING HEART ZINC T-LIGHT HOLDER,36,2011-06-22 11:46:00,0.85,14911.0,EIRE
566446,17084P,DRAGONS BLOOD INCENSE,1,2011-09-12 15:40:00,0.42,,United Kingdom
558774,22498,WOODEN REGATTA BUNTING,1,2011-07-04 10:17:00,4.96,,United Kingdom
538836,84997C,BLUE 3 PIECE POLKADOT CUTLERY SET,1,2010-12-14 13:09:00,3.75,12748.0,United Kingdom
563195,23345, DOLLY GIRL BEAKER,1,2011-08-12 16:36:00,2.46,,United Kingdom
537889,22922,FRIDGE MAGNETS US DINER ASSORTED,12,2010-12-09 10:04:00,0.85,13319.0,United Kingdom
574840,90059E,DIAMANTE HAIR GRIP PACK/2 RUBY,1,2011-11-07 11:41:00,1.65,12748.0,United Kingdom
537666,22941,CHRISTMAS LIGHTS 10 REINDEER,1,2010-12-07 18:36:00,16.98,,United Kingdom
539497,20975,12 PENCILS SMALL TUBE RED RETROSPOT,24,2010-12-20 10:41:00,0.65,12944.0,United Kingdom
546972,35970,ZINC FOLKART SLEIGH BELLS,2,2011-03-18 12:04:00,4.13,,United Kingdom
557615,21928,JUMBO BAG SCANDINAVIAN BLUE PAISLEY,20,2011-06-21 13:24:00,2.08,15498.0,United Kingdom
575369,21457,2 PICTURE BOOK EGGS EASTER DUCKS,12,2011-11-09 15:09:00,1.25,16655.0,United Kingdom
574298,85131D,BEADED CRYSTAL HEART PINK ON STICK,1,2011-11-03 15:56:00,0.83,,United Kingdom
579777,23334,IVORY WICKER HEART SMALL,7,2011-11-30 15:13:00,1.25,,United Kingdom
547895,22475,SKULL DESIGN TV DINNER TRAY,3,2011-03-28 10:52:00,4.95,18118.0,United Kingdom
574250,84596F,SMALL MARSHMALLOWS PINK BOWL,2,2011-11-03 13:09:00,0.42,17634.0,United Kingdom
541811,21931,JUMBO STORAGE BAG SUKI,3,2011-01-21 15:01:00,4.13,,United Kingdom
579399,22470,HEART OF WICKER LARGE,2,2011-11-29 12:09:00,2.95,13137.0,United Kingdom
563614,21058,PARTY INVITES WOODLAND,48,2011-08-18 08:51:00,0.85,12415.0,Australia
536988,22694,WICKER STAR ,1,2010-12-03 15:05:00,2.1,17238.0,United Kingdom
564530,22365,DOORMAT RESPECTABLE HOUSE,1,2011-08-25 14:57:00,0.0,,United Kingdom
555240,22690,DOORMAT HOME SWEET HOME BLUE ,1,2011-06-01 13:07:00,7.95,15039.0,United Kingdom
563384,23332,IVORY WICKER HEART LARGE,10,2011-08-16 10:52:00,1.65,17315.0,United Kingdom
545568,22167, OVAL WALL MIRROR DIAMANTE ,2,2011-03-03 16:22:00,8.29,,United Kingdom
578074,22151,PLACE SETTING WHITE HEART,2,2011-11-22 16:06:00,0.42,17590.0,United Kingdom
575875,70007,HI TEC ALPINE HAND WARMER,2,2011-11-11 13:06:00,3.29,,United Kingdom
563444,22423,REGENCY CAKESTAND 3 TIER,1,2011-08-16 13:50:00,12.75,16033.0,United Kingdom
552234,22333,RETROSPOT PARTY BAG + STICKER SET,4,2011-05-06 16:01:00,3.29,,United Kingdom
539053,22939,APRON APPLE DELIGHT,2,2010-12-15 16:32:00,4.95,16725.0,United Kingdom
541827,22805,BLUE DRAWER KNOB ACRYLIC EDWARDIAN,1,2011-01-21 17:05:00,2.46,,United Kingdom
543300,20676,RED RETROSPOT BOWL,12,2011-02-07 11:42:00,1.25,13334.0,United Kingdom
559062,21096,SET/6 FRUIT SALAD  PAPER PLATES,24,2011-07-06 10:09:00,0.39,13253.0,United Kingdom
570129,23285,PINK VINTAGE SPOT BEAKER,8,2011-10-07 13:34:00,0.85,12885.0,United Kingdom
580367,84970S,HANGING HEART ZINC T-LIGHT HOLDER,8,2011-12-02 16:39:00,2.08,,United Kingdom
564754,22165,"DIAMANTE HEART SHAPED WALL MIRROR, ",1,2011-08-30 10:29:00,10.79,,United Kingdom
580729,23568,EGG CUP HENRIETTA HEN CREAM ,1,2011-12-05 17:24:00,2.46,,United Kingdom
565806,22844,VINTAGE CREAM DOG FOOD CONTAINER,2,2011-09-07 10:51:00,8.5,15594.0,United Kingdom
555397,23171,REGENCY TEA PLATE GREEN ,1,2011-06-02 17:26:00,3.29,,United Kingdom
550323,22902,TOTE BAG I LOVE LONDON,24,2011-04-17 12:57:00,2.1,13692.0,United Kingdom
540681,84251C,"GREETING CARD, TWO SISTERS.",1,2011-01-10 16:25:00,0.43,,United Kingdom
537240,22544,MINI JIGSAW SPACEBOY,1,2010-12-06 10:08:00,0.85,,United Kingdom
536592,84032B,CHARLIE + LOLA RED HOT WATER BOTTLE,1,2010-12-01 17:06:00,3.36,,United Kingdom
544323,21977,PACK OF 60 PINK PAISLEY CAKE CASES,2,2011-02-17 15:51:00,1.25,,United Kingdom
560103,22646,CERAMIC STRAWBERRY CAKE MONEY BANK,4,2011-07-14 18:44:00,1.45,17837.0,United Kingdom
543251,22841,ROUND CAKE TIN VINTAGE GREEN,2,2011-02-04 14:51:00,7.95,14194.0,United Kingdom
556252,20754,RETROSPOT RED WASHING UP GLOVES,12,2011-06-09 16:44:00,2.1,16779.0,United Kingdom
573369,84978,HANGING HEART JAR T-LIGHT HOLDER,5,2011-10-30 13:19:00,1.25,16049.0,United Kingdom
560580,21340,CLASSIC METAL BIRDCAGE PLANT HOLDER,4,2011-07-19 15:23:00,9.95,14088.0,United Kingdom
548014,22720,SET OF 3 CAKE TINS PANTRY DESIGN ,3,2011-03-29 11:29:00,4.95,17719.0,United Kingdom
552640,72800E,4 IVORY DINNER CANDLES SILVER FLOCK,1,2011-05-10 13:19:00,2.55,17841.0,United Kingdom
545060,22413,METAL SIGN TAKE IT OR LEAVE IT ,2,2011-02-27 13:47:00,2.95,15547.0,United Kingdom
580295,22910,PAPER CHAIN KIT VINTAGE CHRISTMAS,1,2011-12-02 13:49:00,2.95,17841.0,United Kingdom
557409,22916,HERB MARKER THYME,12,2011-06-20 11:34:00,0.65,15410.0,United Kingdom
548612,22917,HERB MARKER ROSEMARY,6,2011-04-01 11:34:00,0.65,13137.0,United Kingdom
572923,16161P,WRAP ENGLISH ROSE ,25,2011-10-27 08:35:00,0.42,15948.0,United Kingdom
571280,22796,PHOTO FRAME 3 CLASSIC HANGING,1,2011-10-16 13:08:00,9.95,18122.0,United Kingdom
571669,22110,BIRD HOUSE HOT WATER BOTTLE,3,2011-10-18 13:11:00,2.55,17758.0,United Kingdom
554157,23207,LUNCH BAG ALPHABET DESIGN,1,2011-05-23 11:33:00,1.65,18283.0,United Kingdom
553148,84563A,PINK & WHITE BREAKFAST TRAY,4,2011-05-13 14:09:00,2.95,,Hong Kong
566571,23355,HOT WATER BOTTLE KEEP CALM,4,2011-09-13 12:49:00,4.95,17037.0,United Kingdom
540255,85032D,YULETIDE IMAGES GIFT WRAP SET,1,2011-01-05 16:50:00,1.66,,United Kingdom
537642,84559a,3D SHEET OF DOG STICKERS,1,2010-12-07 15:33:00,1.69,,United Kingdom
552313,23050,RECYCLED ACAPULCO MAT GREEN,2,2011-05-08 16:03:00,8.25,13139.0,United Kingdom
566396,22697,GREEN REGENCY TEACUP AND SAUCER,24,2011-09-12 12:51:00,2.55,14292.0,United Kingdom
537054,22812,PACK 3 BOXES CHRISTMAS PANNETONE,4,2010-12-05 11:40:00,1.95,16931.0,United Kingdom
556093,22361,GLASS JAR DAISY FRESH COTTON WOOL,1,2011-06-08 15:26:00,5.79,,United Kingdom
568701,22617,BAKING SET SPACEBOY DESIGN,3,2011-09-28 15:07:00,4.95,13924.0,United Kingdom
570246,71496B,A4 WALL TIDY RED FLOWERS,2,2011-10-09 16:22:00,0.53,16921.0,United Kingdom
579777,84406B,CREAM CUPID HEARTS COAT HANGER,1,2011-11-30 15:13:00,8.29,,United Kingdom
563705,82581,TOILET METAL SIGN,12,2011-08-18 14:33:00,0.55,17736.0,United Kingdom
580725,22075,6 RIBBONS ELEGANT CHRISTMAS ,24,2011-12-05 17:13:00,0.39,15932.0,United Kingdom
577542,20971,PINK BLUE FELT CRAFT TRINKET BOX,2,2011-11-20 14:33:00,1.25,13565.0,United Kingdom
581101,23404,HOME SWEET HOME BLACKBOARD,2,2011-12-07 11:48:00,4.95,17835.0,United Kingdom
580140,22748,POPPY'S PLAYHOUSE KITCHEN,6,2011-12-02 09:19:00,2.1,14895.0,United Kingdom
580160,23298,SPOTTY BUNTING,3,2011-12-02 10:47:00,4.95,12700.0,France
580727,23126,FELTCRAFT GIRL AMELIE KIT,1,2011-12-05 17:17:00,10.79,14096.0,United Kingdom
554160,23084,RABBIT NIGHT LIGHT,1,2011-05-23 11:49:00,2.08,17841.0,United Kingdom
549524,23182,TOILET SIGN OCCUPIED OR VACANT,1,2011-04-08 15:42:00,2.46,,United Kingdom
542542,21115,ROSE CARAVAN DOORSTOP,4,2011-01-28 14:37:00,6.75,12431.0,Australia
545901,17109D,FLOWER FAIRY INCENSE BOUQUET,5,2011-03-07 17:52:00,1.69,15834.0,United Kingdom
536876,20975,12 PENCILS SMALL TUBE RED RETROSPOT,5,2010-12-03 11:36:00,1.28,,United Kingdom
578065,22714,CARD BIRTHDAY COWBOY,2,2011-11-22 15:41:00,0.83,,United Kingdom
542433,22440,BALLOON WATER BOMB PACK OF 35,20,2011-01-28 10:45:00,0.42,12726.0,France
563931,23298,SPOTTY BUNTING,12,2011-08-21 15:49:00,4.95,14895.0,United Kingdom
553830,21403,BLUE EGG  SPOON,24,2011-05-19 11:32:00,0.12,17871.0,United Kingdom
551460,22173,,27,2011-04-28 16:05:00,0.0,,United Kingdom
573890,20717,STRAWBERRY SHOPPER BAG,1,2011-11-01 13:49:00,1.25,12748.0,United Kingdom
559693,85078,SCANDINAVIAN 3 HEARTS NAPKIN RING,2,2011-07-11 16:21:00,1.63,,United Kingdom
537236,21531,RED RETROSPOT SUGAR JAM BOWL,24,2010-12-06 09:52:00,2.1,16858.0,United Kingdom
544681,77101A,UNION FLAG WINDSOCK,1,2011-02-22 16:28:00,2.46,,United Kingdom
542511,22423,REGENCY CAKESTAND 3 TIER,6,2011-01-28 12:07:00,12.75,15527.0,United Kingdom
570258,22776,SWEETHEART 3 TIER CAKE STAND ,1,2011-10-10 09:56:00,19.96,,United Kingdom
563744,21394,RED POLKADOT BEAKER ,48,2011-08-19 09:35:00,0.39,13266.0,United Kingdom
553343,23091,ZINC HERB GARDEN CONTAINER,3,2011-05-16 12:35:00,6.25,16642.0,United Kingdom
574170,22607,WOODEN ROUNDERS GARDEN SET ,1,2011-11-03 11:43:00,9.95,16221.0,United Kingdom
562688,22150,3 STRIPEY MICE FELTCRAFT,4,2011-08-08 13:53:00,1.95,13869.0,United Kingdom
539471,22988,SOLDIERS EGG CUP ,12,2010-12-19 14:16:00,1.25,17358.0,United Kingdom
553860,23147,SINGLE ANTIQUE ROSE HOOK IVORY,2,2011-05-19 13:57:00,1.45,17841.0,United Kingdom
553935,82583,HOT BATHS METAL SIGN,12,2011-05-20 10:32:00,2.1,15856.0,United Kingdom
550298,22997,TRAVEL CARD WALLET UNION JACK,4,2011-04-15 16:11:00,0.42,17346.0,United Kingdom
557878,20727,LUNCH BAG  BLACK SKULL.,4,2011-06-23 13:13:00,1.65,16940.0,United Kingdom
576200,23312,VINTAGE CHRISTMAS GIFT SACK,1,2011-11-14 12:14:00,4.15,15572.0,United Kingdom
540551,21065,BOOM BOX SPEAKER GIRLS,1,2011-01-10 09:43:00,3.36,,United Kingdom
564962,85184C,SET 4 VALENTINE DECOUPAGE HEART BOX,1,2011-08-31 14:35:00,2.95,17777.0,United Kingdom
568696,22224,WHITE LOVEBIRD LANTERN,6,2011-09-28 14:56:00,2.95,13842.0,United Kingdom
552235,21929,JUMBO BAG PINK VINTAGE PAISLEY,20,2011-05-06 16:17:00,2.08,15194.0,United Kingdom
555728,35004G,SET OF 3 GOLD FLYING DUCKS,1,2011-06-06 16:41:00,6.35,17252.0,United Kingdom
541838,21733,RED HANGING HEART T-LIGHT HOLDER,10,2011-01-23 10:43:00,2.95,12916.0,United Kingdom
570458,71459,HANGING JAM JAR T-LIGHT HOLDERS,12,2011-10-10 15:39:00,0.85,14535.0,United Kingdom
556243,85123A,WHITE HANGING HEART T-LIGHT HOLDER,1,2011-06-09 16:07:00,5.79,,United Kingdom
580048,22086,PAPER CHAIN KIT 50'S CHRISTMAS ,2,2011-12-01 12:53:00,2.95,12748.0,United Kingdom
577497,23365,SET 12 COLOUR PENCILS LOVE LONDON,7,2011-11-20 12:22:00,0.65,17555.0,United Kingdom
574663,82486,3 DRAWER ANTIQUE WHITE WOOD CABINET,2,2011-11-06 12:04:00,8.95,13527.0,United Kingdom
578833,22297,HEART IVORY TRELLIS SMALL,1,2011-11-25 15:23:00,2.46,,United Kingdom
548210,22697,GREEN REGENCY TEACUP AND SAUCER,1,2011-03-29 17:23:00,2.95,14606.0,United Kingdom
574707,22692,DOORMAT WELCOME TO OUR HOME,10,2011-11-06 14:08:00,7.08,17107.0,United Kingdom
540550,22956,36 FOIL HEART CAKE CASES,6,2011-01-10 09:11:00,2.1,12539.0,Spain
578233,21481,FAWN BLUE HOT WATER BOTTLE,2,2011-11-23 12:20:00,3.75,14049.0,United Kingdom
548404,21877,HOME SWEET HOME MUG,12,2011-03-31 09:38:00,1.25,16398.0,United Kingdom
567821,48116,DOORMAT MULTICOLOUR STRIPE,1,2011-09-22 12:45:00,8.25,14659.0,United Kingdom
554655,23175,REGENCY MILK JUG PINK ,4,2011-05-25 13:35:00,3.25,12924.0,United Kingdom
580916,22512,DOORSTOP RACING CAR DESIGN,1,2011-12-06 13:45:00,0.79,13685.0,United Kingdom
574826,21212,PACK OF 72 RETROSPOT CAKE CASES,1,2011-11-07 10:58:00,0.55,15870.0,United Kingdom
560394,22174,PHOTO CUBE,6,2011-07-18 13:35:00,1.65,14390.0,United Kingdom
573576,85170D,SET/6 PINK BIRD T-LIGHT CANDLES,1,2011-10-31 14:09:00,4.13,14096.0,United Kingdom
547195,21086,SET/6 RED SPOTTY PAPER CUPS,24,2011-03-21 12:42:00,0.65,17204.0,United Kingdom
547083,85094,CANDY SPOT EGG WARMER RABBIT,11,2011-03-20 15:21:00,0.19,15452.0,United Kingdom
545188,48184,DOORMAT ENGLISH ROSE ,1,2011-02-28 15:19:00,7.95,14056.0,United Kingdom
553383,22412,METAL SIGN NEIGHBOURHOOD WITCH ,18,2011-05-16 15:48:00,2.1,18230.0,United Kingdom
577358,23398,HANGING HEART BONHEUR,1,2011-11-18 15:59:00,2.08,,United Kingdom
548612,22851,SET 20 NAPKINS FAIRY CAKES DESIGN ,1,2011-04-01 11:34:00,0.85,13137.0,United Kingdom
C551841,22719,GUMBALL MONOCHROME COAT RACK,-4,2011-05-04 13:40:00,1.06,15311.0,United Kingdom
564187,21931,JUMBO STORAGE BAG SUKI,3,2011-08-23 15:24:00,2.08,15005.0,United Kingdom
557055,22326,ROUND SNACK BOXES SET OF4 WOODLAND ,18,2011-06-16 14:45:00,2.95,12621.0,Germany
569897,22147,FELTCRAFT BUTTERFLY HEARTS,1,2011-10-06 16:01:00,1.45,17813.0,United Kingdom
572550,23245,SET OF 3 REGENCY CAKE TINS,2,2011-10-24 17:06:00,10.79,,United Kingdom
573576,84997A,CHILDRENS CUTLERY POLKADOT GREEN ,1,2011-10-31 14:09:00,8.29,14096.0,United Kingdom
547788,84884A,ANT WHITE WIRE HEART SPIRAL,1,2011-03-25 12:00:00,8.29,,United Kingdom
572923,22271,FELTCRAFT DOLL ROSIE,6,2011-10-27 08:35:00,2.95,15948.0,United Kingdom
580151,22617,BAKING SET SPACEBOY DESIGN,1,2011-12-02 10:21:00,4.95,17811.0,United Kingdom
550953,84549,CROCHET WHITE RABBIT KEYRING ,2,2011-04-21 16:17:00,3.29,,United Kingdom
559552,21232,STRAWBERRY CERAMIC TRINKET BOX,3,2011-07-10 16:29:00,1.25,16014.0,United Kingdom
573551,23355,HOT WATER BOTTLE KEEP CALM,4,2011-10-31 13:35:00,4.95,15044.0,United Kingdom
C559030,23240,SET OF 4 KNICK KNACK TINS DOILEY ,-2,2011-07-05 14:51:00,4.15,16571.0,United Kingdom
564976,22456,NATURAL SLATE CHALKBOARD LARGE ,6,2011-08-31 15:49:00,4.95,17315.0,United Kingdom
563257,37449,CERAMIC CAKE STAND + HANGING CAKES,2,2011-08-15 12:07:00,9.95,13799.0,United Kingdom
581492,21508,VINTAGE KID DOLLY CARD ,1,2011-12-09 10:03:00,0.83,,United Kingdom
572550,21619,4 VANILLA BOTANICAL CANDLES,1,2011-10-24 17:06:00,3.29,,United Kingdom
573576,35649,VINTAGE BEAD COSMETIC BAG ,1,2011-10-31 14:09:00,2.46,14096.0,United Kingdom
550196,22900, SET 2 TEA TOWELS I LOVE LONDON ,5,2011-04-15 10:09:00,3.25,14796.0,United Kingdom
551721,22652,TRAVEL SEWING KIT,4,2011-05-03 16:49:00,1.65,14711.0,United Kingdom
556482,22644,CERAMIC CHERRY CAKE MONEY BANK,12,2011-06-12 13:04:00,1.45,17242.0,United Kingdom
575216,84380,SET OF 3 BUTTERFLY COOKIE CUTTERS,12,2011-11-09 11:04:00,1.45,13384.0,United Kingdom
576513,84029E,RED WOOLLY HOTTIE WHITE HEART.,2,2011-11-15 12:10:00,4.25,14715.0,United Kingdom
570871,22470,HEART OF WICKER LARGE,3,2011-10-12 16:36:00,5.79,,United Kingdom
537240,72817,SET OF 2 CHRISTMAS DECOUPAGE CANDLE,2,2010-12-06 10:08:00,1.66,,United Kingdom
557442,21913,VINTAGE SEASIDE JIGSAW PUZZLES,2,2011-06-20 12:53:00,3.75,14808.0,United Kingdom
573311,M,Manual,8,2011-10-28 16:45:00,0.39,14071.0,United Kingdom
564841,21239,PINK  POLKADOT CUP,2,2011-08-30 13:42:00,1.63,,United Kingdom
573576,20986,BLUE CALCULATOR RULER,1,2011-10-31 14:09:00,2.46,14096.0,United Kingdom
571305,23351,ROLL WRAP 50'S CHRISTMAS,1,2011-10-17 09:55:00,2.46,,United Kingdom
543396,22457,NATURAL SLATE HEART CHALKBOARD ,18,2011-02-08 10:28:00,2.95,15189.0,United Kingdom
561209,23191,BUNDLE OF 3 RETRO NOTE BOOKS,1,2011-07-25 16:57:00,3.29,,United Kingdom
540977,85131A,BEADED PEARL HEART WHITE ON STICK,1,2011-01-12 15:01:00,0.85,,United Kingdom
550471,15036,ASSORTED COLOURS SILK FAN,3,2011-04-18 13:52:00,1.63,,United Kingdom
576676,23174,REGENCY SUGAR BOWL GREEN,4,2011-11-16 12:03:00,4.15,16855.0,United Kingdom
536532,21166,COOK WITH WINE METAL SIGN ,12,2010-12-01 13:24:00,1.95,12433.0,Norway
552232,22998,TRAVEL CARD WALLET KEEP CALM,4,2011-05-06 15:54:00,0.83,,United Kingdom
578347,23424,GINGHAM RECIPE BOOK BOX,2,2011-11-24 09:26:00,10.79,,United Kingdom
547964,22649,STRAWBERRY FAIRY CAKE TEAPOT,1,2011-03-28 15:45:00,10.79,,United Kingdom
576704,23355,HOT WATER BOTTLE KEEP CALM,2,2011-11-16 12:29:00,4.95,14527.0,United Kingdom
580509,21892,TRADITIONAL WOODEN CATCH CUP GAME ,12,2011-12-04 13:45:00,1.25,12719.0,France
575844,21724,PANDA AND BUNNIES STICKER SHEET,1,2011-11-11 12:04:00,0.85,,United Kingdom
565919,21871,SAVE THE PLANET MUG,1,2011-09-07 16:48:00,3.29,,United Kingdom
558709,15036,ASSORTED COLOURS SILK FAN,24,2011-07-01 13:02:00,0.83,17338.0,United Kingdom
577034,21070,VINTAGE BILLBOARD MUG ,36,2011-11-17 13:16:00,1.06,12847.0,United Kingdom
541423,21849,SILVER DIAMANTE PEN IN GIFT BOX,3,2011-01-17 17:54:00,1.63,,United Kingdom
545074,21181,PLEASE ONE PERSON METAL SIGN,48,2011-02-28 09:28:00,1.85,17655.0,United Kingdom
540362,21166,COOK WITH WINE METAL SIGN ,2,2011-01-06 15:42:00,1.95,13656.0,United Kingdom
545043,22695,WICKER WREATH SMALL,2,2011-02-27 11:05:00,1.45,16407.0,United Kingdom
565675,23173,REGENCY TEAPOT ROSES ,12,2011-09-06 09:51:00,8.15,15513.0,United Kingdom
581584,85038,6 CHOCOLATE LOVE HEART T-LIGHTS,48,2011-12-09 12:25:00,1.85,13777.0,United Kingdom
577057,23282,FOLDING BUTTERFLY MIRROR IVORY ,1,2011-11-17 14:26:00,0.83,12748.0,United Kingdom
569897,23339,EGG FRYING PAN BLUE ,2,2011-10-06 16:01:00,2.08,17813.0,United Kingdom
556827,23082,SET 6 PAPER TABLE LANTERN HEARTS ,6,2011-06-15 10:29:00,3.75,15134.0,United Kingdom
566591,21931,JUMBO STORAGE BAG SUKI,10,2011-09-13 14:53:00,2.08,16036.0,United Kingdom
579167,21530,DAIRY MAID TOASTRACK,2,2011-11-28 14:06:00,0.79,16800.0,United Kingdom
536841,22077,6 RIBBONS RUSTIC CHARM,12,2010-12-02 18:27:00,1.65,16150.0,United Kingdom
544772,22433,WATERING CAN GREEN DINOSAUR,1,2011-02-23 11:12:00,4.13,,United Kingdom
566059,POST,POSTAGE,1,2011-09-08 15:22:00,18.0,12569.0,Germany
539760,84030E,ENGLISH ROSE HOT WATER BOTTLE,3,2010-12-21 17:16:00,4.25,17400.0,United Kingdom
537047,22601,CHRISTMAS RETROSPOT ANGEL WOOD,5,2010-12-05 11:02:00,0.85,13069.0,United Kingdom
577469,21977,PACK OF 60 PINK PAISLEY CAKE CASES,6,2011-11-20 11:25:00,0.55,15009.0,United Kingdom
563189,22912,YELLOW COAT RACK PARIS FASHION,3,2011-08-12 15:22:00,4.95,12682.0,France
573020,22633,HAND WARMER UNION JACK,12,2011-10-27 12:37:00,2.1,14842.0,United Kingdom
564744,82600,NO SINGING METAL SIGN,12,2011-08-28 15:25:00,2.1,13778.0,United Kingdom
570488,20725,LUNCH BAG RED RETROSPOT,2,2011-10-10 17:12:00,4.13,14096.0,United Kingdom
569871,23535,BICYCLE SAFTEY WALL ART,4,2011-10-06 15:04:00,5.95,13089.0,United Kingdom
569899,35970,ZINC FOLKART SLEIGH BELLS,12,2011-10-06 16:15:00,1.69,13940.0,United Kingdom
536528,84985A,SET OF 72 GREEN PAPER DOILIES,1,2010-12-01 13:17:00,1.45,15525.0,United Kingdom
560118,82482,WOODEN PICTURE FRAME WHITE FINISH,12,2011-07-15 10:21:00,2.55,16818.0,United Kingdom
555924,22321,BIRD DECORATION RED RETROSPOT,1,2011-06-07 17:12:00,1.63,,United Kingdom
571745,22952,60 CAKE CASES VINTAGE CHRISTMAS,24,2011-10-19 10:48:00,0.55,14911.0,EIRE
562129,21770,OPEN CLOSED METAL SIGN,2,2011-08-03 09:09:00,4.95,13186.0,United Kingdom
568719,22037,ROBOT BIRTHDAY CARD,2,2011-09-28 16:19:00,0.83,,United Kingdom
567701,22186,RED STAR CARD HOLDER,24,2011-09-22 09:36:00,1.95,17172.0,United Kingdom
540468,22322,BIRD DECORATION GREEN POLKADOT,9,2011-01-07 13:55:00,0.81,,United Kingdom
545399,21212,PACK OF 72 RETROSPOT CAKE CASES,24,2011-03-02 11:48:00,0.55,14934.0,Channel Islands
539739,21257,VICTORIAN SEWING BOX MEDIUM,2,2010-12-21 15:19:00,16.13,,United Kingdom
563382,21621,VINTAGE UNION JACK BUNTING,2,2011-08-16 10:50:00,8.5,18221.0,United Kingdom
579508,22492,MINI PAINT SET VINTAGE ,2,2011-11-29 16:33:00,1.63,,United Kingdom
578270,22138,BAKING SET 9 PIECE RETROSPOT ,6,2011-11-23 13:39:00,10.79,14096.0,United Kingdom
581098,23326,HANGING MINI COLOURED BOTTLES,48,2011-12-07 11:42:00,0.63,14911.0,EIRE
566251,85049E,SCANDINAVIAN REDS RIBBONS,4,2011-09-11 12:13:00,1.25,12841.0,United Kingdom
544091,21669,BLUE STRIPE CERAMIC DRAWER KNOB,12,2011-02-16 08:37:00,1.25,14897.0,United Kingdom
572335,22585,PACK OF 6 BIRDY GIFT TAGS,12,2011-10-24 10:27:00,1.25,14493.0,United Kingdom
568207,22155,STAR DECORATION RUSTIC,48,2011-09-25 15:34:00,0.42,15150.0,United Kingdom
536576,85174,S/4 CACTI CANDLES,16,2010-12-01 16:11:00,4.25,13777.0,United Kingdom
544088,85035C,ROSE 3 WICK MORRIS BOX CANDLE,1,2011-02-15 17:18:00,4.25,,United Kingdom
550651,22522,CHILDS GARDEN FORK BLUE ,2,2011-04-19 16:52:00,0.85,15436.0,United Kingdom
580687,22553,PLASTERS IN TIN SKULLS,24,2011-12-05 15:38:00,1.65,16379.0,United Kingdom
565424,23174,REGENCY SUGAR BOWL GREEN,4,2011-09-04 12:24:00,4.15,15215.0,United Kingdom
569374,85129C,BEADED CRYSTAL HEART BLUE SMALL,1,2011-10-03 16:14:00,2.46,,United Kingdom
561661,22924,FRIDGE MAGNETS LA VIE EN ROSE,6,2011-07-28 16:21:00,0.85,12743.0,Unspecified
558777,22196,SMALL HEART MEASURING SPOONS,1,2011-07-04 10:23:00,1.63,,United Kingdom
553017,21430,SET/3 RED GINGHAM ROSE STORAGE BOX,2,2011-05-12 19:01:00,3.75,12757.0,Portugal
536464,22952,60 CAKE CASES VINTAGE CHRISTMAS,2,2010-12-01 12:23:00,0.55,17968.0,United Kingdom
549100,22174,PHOTO CUBE,2,2011-04-06 11:14:00,4.13,,United Kingdom
571441,23197,SKETCHBOOK MAGNETIC SHOPPING LIST,4,2011-10-17 13:31:00,3.29,14096.0,United Kingdom
540505,21733,RED HANGING HEART T-LIGHT HOLDER,6,2011-01-09 11:05:00,2.95,17095.0,United Kingdom
562276,22090,PAPER BUNTING RETROSPOT,6,2011-08-04 10:23:00,2.95,17735.0,United Kingdom
568709,23343,JUMBO BAG VINTAGE CHRISTMAS ,2,2011-09-28 15:42:00,2.08,15036.0,United Kingdom
539088,85123A,WHITE HANGING HEART T-LIGHT HOLDER,32,2010-12-16 09:45:00,2.55,13093.0,United Kingdom
537390,21730,GLASS STAR FROSTED T-LIGHT HOLDER,14,2010-12-06 13:47:00,4.95,16658.0,United Kingdom
544672,22386,JUMBO BAG PINK POLKADOT,100,2011-02-22 15:45:00,1.65,14646.0,Netherlands
567529,23355,HOT WATER BOTTLE KEEP CALM,4,2011-09-21 09:22:00,4.95,18236.0,United Kingdom
548169,22667,RECIPE BOX RETROSPOT ,36,2011-03-29 13:48:00,2.55,14680.0,United Kingdom
575875,23536,WALL ART VILLAGE SHOW ,1,2011-11-11 13:06:00,12.46,,United Kingdom
571239,23254,CHILDRENS CUTLERY DOLLY GIRL ,4,2011-10-14 14:54:00,4.15,12744.0,Singapore
571713,22585,PACK OF 6 BIRDY GIFT TAGS,1,2011-10-18 16:58:00,2.46,,United Kingdom
557319,22558,CLOTHES PEGS RETROSPOT PACK 24 ,12,2011-06-20 08:23:00,1.65,15076.0,United Kingdom
568095,23281,FOLDING BUTTERFLY MIRROR RED  ,12,2011-09-23 14:49:00,0.83,14911.0,EIRE
554158,21498,RED RETROSPOT WRAP ,25,2011-05-23 11:44:00,0.42,15563.0,United Kingdom
539324,22074,6 RIBBONS SHIMMERING PINKS ,1,2010-12-16 19:51:00,1.65,14985.0,United Kingdom
563440,21208,PASTEL COLOUR HONEYCOMB FAN,12,2011-08-16 13:12:00,0.39,13189.0,United Kingdom
539718,21508,VINTAGE KID DOLLY CARD ,1,2010-12-21 13:06:00,0.85,,United Kingdom
553235,16156S,WRAP PINK FAIRY CAKES ,25,2011-05-16 11:13:00,0.42,13018.0,United Kingdom
541282,21116,OWL DOORSTOP,1,2011-01-17 12:31:00,4.95,17690.0,United Kingdom
581469,22068,BLACK PIRATE TREASURE CHEST,2,2011-12-08 19:28:00,0.39,14606.0,United Kingdom
577746,22340,NOEL GARLAND PAINTED ZINC ,24,2011-11-21 14:17:00,0.39,15274.0,United Kingdom
570197,22371,AIRLINE BAG VINTAGE TOKYO 78,1,2011-10-07 15:45:00,4.25,13755.0,United Kingdom
576099,23162,REGENCY TEA STRAINER,8,2011-11-14 10:28:00,3.75,13021.0,United Kingdom
547670,21668,RED STRIPE CERAMIC DRAWER KNOB,1,2011-03-24 13:41:00,1.25,16769.0,United Kingdom
545162,85014B,RED RETROSPOT UMBRELLA,6,2011-02-28 13:35:00,5.95,16187.0,United Kingdom
537648,20724,RED RETROSPOT CHARLOTTE BAG,10,2010-12-07 15:48:00,0.85,12839.0,United Kingdom
559993,22609,PENS ASSORTED SPACEBALL,36,2011-07-14 12:42:00,0.19,14716.0,United Kingdom
540995,20653,CHERRY BLOSSOM LUGGAGE TAG,1,2011-01-13 09:30:00,0.83,,United Kingdom
550158,21155,RED RETROSPOT PEG BAG,6,2011-04-14 15:39:00,2.55,13989.0,United Kingdom
551857,22960,JAM MAKING SET WITH JARS,6,2011-05-04 15:33:00,4.25,13037.0,United Kingdom
554016,22977,DOLLY GIRL CHILDRENS EGG CUP,6,2011-05-20 13:14:00,1.25,13243.0,United Kingdom
544647,22970,LONDON BUS COFFEE MUG,36,2011-02-22 12:13:00,2.1,14060.0,United Kingdom
581219,23307,SET OF 60 PANTRY DESIGN CAKE CASES ,7,2011-12-08 09:28:00,1.25,,United Kingdom
578147,47471,RAINBOW PEGS PHOTO CLIP STRING,1,2011-11-23 11:09:00,0.65,12748.0,United Kingdom
580695,22971,QUEENS GUARD COFFEE MUG,1,2011-12-05 16:03:00,2.55,13230.0,United Kingdom
539982,84997D,PINK 3 PIECE POLKADOT CUTLERY SET,4,2010-12-23 14:40:00,3.75,15311.0,United Kingdom
546108,20974,12 PENCILS SMALL TUBE SKULL,2,2011-03-09 12:35:00,0.65,15529.0,United Kingdom
559301,85062,PEARL CRYSTAL PUMPKIN T-LIGHT HLDR,12,2011-07-07 12:41:00,1.65,13842.0,United Kingdom
573585,85061W,WHITE JEWELLED HEART DECORATION,1,2011-10-31 14:41:00,1.63,,United Kingdom
551817,22082,RIBBON REEL STRIPES DESIGN ,10,2011-05-04 11:50:00,1.65,17974.0,United Kingdom
541830,22945,CHRISTMAS METAL TAGS ASSORTED ,1,2011-01-21 17:09:00,10.79,,United Kingdom
569202,22107,PIZZA PLATE IN BOX,3,2011-09-30 17:22:00,3.29,,United Kingdom
545327,21380,WOODEN HAPPY BIRTHDAY GARLAND,6,2011-03-01 15:16:00,2.95,13166.0,United Kingdom
555835,21411,GINGHAM HEART  DOORSTOP RED,1,2011-06-07 12:34:00,4.25,14525.0,United Kingdom
548202,22956,36 FOIL HEART CAKE CASES,6,2011-03-29 16:36:00,2.1,16980.0,United Kingdom
579492,23084,RABBIT NIGHT LIGHT,48,2011-11-29 15:23:00,1.79,12670.0,France
562571,85062,PEARL CRYSTAL PUMPKIN T-LIGHT HLDR,6,2011-08-07 12:21:00,1.65,13782.0,United Kingdom
556489,23093,SMALL PARISIENNE HEART PHOTO FRAME ,2,2011-06-12 13:59:00,2.49,14704.0,United Kingdom
580405,22902,TOTE BAG I LOVE LONDON,12,2011-12-04 12:02:00,2.1,14720.0,United Kingdom
539452,84050,PINK HEART SHAPE EGG FRYING PAN,72,2010-12-17 17:06:00,1.25,15856.0,United Kingdom
565396,85204,HANGING WOOD AND FELT FLOWER,3,2011-09-02 16:39:00,0.42,,United Kingdom
538370,21259,VICTORIAN SEWING BOX SMALL ,2,2010-12-12 11:06:00,5.95,16923.0,United Kingdom
540033,21498,RED RETROSPOT WRAP ,25,2011-01-04 14:12:00,0.42,13680.0,United Kingdom
541794,22329,ROUND CONTAINER SET OF 5 RETROSPOT,1,2011-01-21 13:21:00,1.65,17238.0,United Kingdom
572918,22158,3 HEARTS HANGING DECORATION RUSTIC,4,2011-10-26 16:43:00,2.95,14379.0,United Kingdom
576172,23355,HOT WATER BOTTLE KEEP CALM,24,2011-11-14 11:00:00,4.15,15482.0,United Kingdom
537391,22956,36 FOIL HEART CAKE CASES,6,2010-12-06 13:53:00,2.1,16550.0,United Kingdom
546754,84992,72 SWEETHEART FAIRY CAKE CASES,480,2011-03-16 13:13:00,0.4,13027.0,United Kingdom
543660,22379,RECYCLING BAG RETROSPOT ,1,2011-02-11 10:40:00,4.13,,United Kingdom
551982,22980,PANTRY SCRUBBING BRUSH,4,2011-05-05 13:56:00,1.65,15023.0,United Kingdom
543802,20914,SET/5 RED RETROSPOT LID GLASS BOWLS,1,2011-02-13 12:03:00,2.95,13742.0,United Kingdom
574915,22333,RETROSPOT PARTY BAG + STICKER SET,8,2011-11-07 16:17:00,1.65,16779.0,United Kingdom
553036,21914,BLUE HARMONICA IN BOX ,36,2011-05-13 08:09:00,1.25,15129.0,United Kingdom
564437,21985,PACK OF 12 HEARTS DESIGN TISSUES ,24,2011-08-25 12:10:00,0.29,13320.0,United Kingdom
559465,20728,LUNCH BAG CARS BLUE,50,2011-07-08 13:26:00,1.65,14680.0,United Kingdom
558906,23158,SET OF 5 LUCKY CAT MAGNETS ,5,2011-07-04 16:35:00,2.08,15555.0,United Kingdom
538367,85071A,BLUE CHARLIE+LOLA PERSONAL DOORSIGN,2,2010-12-12 10:48:00,2.95,14800.0,United Kingdom
539036,21110,LARGE CAKE TOWEL PINK SPOTS,24,2010-12-15 14:35:00,1.95,14913.0,United Kingdom
541784,22970,LONDON BUS COFFEE MUG,6,2011-01-21 12:37:00,2.55,17277.0,United Kingdom
558760,21928,JUMBO BAG SCANDINAVIAN BLUE PAISLEY,3,2011-07-03 12:38:00,2.08,16918.0,United Kingdom
569046,23129,HEART SHAPED HOLLY WREATH,8,2011-09-30 10:48:00,4.15,14422.0,United Kingdom
577077,23583,LUNCH BAG PAISLEY PARK  ,4,2011-11-17 15:16:00,1.65,17799.0,United Kingdom
570807,22624,IVORY KITCHEN SCALES,2,2011-10-12 12:44:00,8.5,13704.0,United Kingdom
562273,22485,SET OF 2 WOODEN MARKET CRATES,2,2011-08-04 09:55:00,12.75,12502.0,Spain
553831,22968,ROSE COTTAGE KEEPSAKE BOX ,6,2011-05-19 11:36:00,9.95,14442.0,Channel Islands
544044,48188,DOORMAT WELCOME PUPPIES,1,2011-02-15 12:05:00,7.95,14659.0,United Kingdom
537434,21231,SWEETHEART CERAMIC TRINKET BOX,2,2010-12-06 16:57:00,2.51,,United Kingdom
540462,22667,RECIPE BOX RETROSPOT ,6,2011-01-07 12:45:00,2.95,16779.0,United Kingdom
536409,90199C,5 STRAND GLASS NECKLACE CRYSTAL,3,2010-12-01 11:45:00,6.35,17908.0,United Kingdom
566215,21844,RED RETROSPOT MUG,12,2011-09-09 15:11:00,2.95,14895.0,United Kingdom
574310,20973,12 PENCIL SMALL TUBE WOODLAND,12,2011-11-03 16:56:00,0.65,13467.0,United Kingdom
539744,82600,NO SINGING METAL SIGN,1,2010-12-21 15:21:00,4.21,,United Kingdom
567096,35815P,"ACRYLIC JEWEL SNOWFLAKE, PINK",35,2011-09-16 13:13:00,0.38,15099.0,United Kingdom
577701,21890,S/6 WOODEN SKITTLES IN COTTON BAG,3,2011-11-21 12:11:00,3.25,13673.0,United Kingdom
570856,79321,CHILLI LIGHTS,4,2011-10-12 15:01:00,5.75,13464.0,United Kingdom
576914,22961,JAM MAKING SET PRINTED,12,2011-11-17 10:09:00,1.45,15124.0,United Kingdom
576600,85014A,BLACK/BLUE POLKADOT UMBRELLA,2,2011-11-15 15:08:00,5.95,18181.0,United Kingdom
555566,21327,SKULLS WRITING SET ,3,2011-06-05 15:19:00,1.65,14659.0,United Kingdom
545014,22197,SMALL POPCORN HOLDER,12,2011-02-25 13:15:00,0.85,18223.0,United Kingdom
572055,22781,GUMBALL MAGAZINE RACK,1,2011-10-20 12:34:00,7.65,17346.0,United Kingdom
571101,23315,IVORY REFECTORY CLOCK,2,2011-10-13 15:49:00,9.95,16570.0,United Kingdom
553343,84795B,SUNSET CHECK HAMMOCK,2,2011-05-16 12:35:00,7.95,16642.0,United Kingdom
561799,23155,KNICKERBOCKERGLORY MAGNET ASSORTED ,12,2011-07-29 13:46:00,0.83,15776.0,United Kingdom
554933,22949,36 DOILIES DOLLY GIRL,3,2011-05-27 13:26:00,1.45,13232.0,United Kingdom
541711,22449,SILK PURSE BABUSHKA PINK,12,2011-01-21 11:18:00,3.35,14646.0,Netherlands
570197,20728,LUNCH BAG CARS BLUE,2,2011-10-07 15:45:00,1.65,13755.0,United Kingdom
571676,82580,BATHROOM METAL SIGN,1,2011-10-18 13:29:00,0.55,16910.0,United Kingdom
576618,23012,GLASS APOTHECARY BOTTLE PERFUME,2,2011-11-15 17:00:00,8.29,,United Kingdom
553890,23172,REGENCY TEA PLATE PINK,1,2011-05-19 16:32:00,3.29,,United Kingdom
574029,23437, 50'S CHRISTMAS GIFT BAG LARGE,24,2011-11-02 12:34:00,1.25,12955.0,United Kingdom
566482,20728,LUNCH BAG CARS BLUE,10,2011-09-13 09:43:00,1.65,16609.0,United Kingdom
557569,22636,CHILDS BREAKFAST SET CIRCUS PARADE,4,2011-06-21 10:46:00,8.5,12474.0,Germany
563100,35471D,SET OF 3 BIRD LIGHT PINK FEATHER ,24,2011-08-12 09:57:00,0.39,12381.0,Norway
540154,22322,BIRD DECORATION GREEN POLKADOT,6,2011-01-05 11:30:00,0.81,,United Kingdom
550474,21381,MINI WOODEN HAPPY BIRTHDAY GARLAND,2,2011-04-18 13:58:00,3.29,,United Kingdom
559693,10133,COLOURING PENCILS BROWN TUBE,1,2011-07-11 16:21:00,0.83,,United Kingdom
538566,22477,WATERING CAN GARDEN MARKER,1,2010-12-13 11:21:00,2.51,,United Kingdom
568712,22595,GINGHAM HEART DECORATION,1,2011-09-28 15:50:00,0.85,17841.0,United Kingdom
552769,22295,HEART FILIGREE DOVE LARGE,2,2011-05-11 11:47:00,1.65,16241.0,United Kingdom
539320,22897,OVEN MITT APPLES DESIGN,10,2010-12-16 19:16:00,1.45,14911.0,EIRE
567805,22147,FELTCRAFT BUTTERFLY HEARTS,6,2011-09-22 12:15:00,1.45,12854.0,United Kingdom
563942,84510A,SET OF 4 ENGLISH ROSE COASTERS,10,2011-08-22 09:53:00,1.25,15801.0,United Kingdom
568367,22421,LIPSTICK PEN FUSCHIA,12,2011-09-26 15:51:00,0.42,15755.0,United Kingdom
C576968,23035,DRAWER KNOB CERAMIC IVORY,-3,2011-11-17 11:51:00,1.45,13668.0,United Kingdom
561610,21889,WOODEN BOX OF DOMINOES,12,2011-07-28 12:28:00,1.25,16076.0,United Kingdom
547058,21415,CLAM SHELL SMALL ,6,2011-03-20 12:44:00,2.1,14232.0,United Kingdom
553925,84596G,SMALL CHOCOLATES PINK BOWL,16,2011-05-20 09:38:00,0.42,15370.0,United Kingdom
539468,21181,PLEASE ONE PERSON METAL SIGN,12,2010-12-19 13:31:00,2.1,15044.0,United Kingdom
553356,85099C,JUMBO  BAG BAROQUE BLACK WHITE,10,2011-05-16 14:05:00,2.08,14038.0,United Kingdom
574834,22726,ALARM CLOCK BAKELIKE GREEN,4,2011-11-07 11:30:00,3.75,13139.0,United Kingdom
556929,23084,RABBIT NIGHT LIGHT,24,2011-06-15 15:12:00,1.79,15611.0,United Kingdom
544094,21086,SET/6 RED SPOTTY PAPER CUPS,12,2011-02-16 09:11:00,0.65,15810.0,United Kingdom
541219,22834,HAND WARMER BABUSHKA DESIGN,6,2011-01-14 14:06:00,1.63,,United Kingdom
548405,22788,BROCANTE COAT RACK,2,2011-03-31 09:48:00,9.95,17088.0,United Kingdom
548451,21912,VINTAGE SNAKES & LADDERS,3,2011-03-31 11:25:00,3.75,17365.0,United Kingdom
560445,21539,RED RETROSPOT BUTTER DISH,54,2011-07-19 09:08:00,4.25,14156.0,EIRE
579093,22907,PACK OF 20 NAPKINS PANTRY DESIGN,12,2011-11-28 10:54:00,0.85,13081.0,United Kingdom
578092,22367,CHILDRENS APRON SPACEBOY DESIGN,8,2011-11-22 17:19:00,1.95,16811.0,United Kingdom
579509,23040,PAPER LANTERN 9 POINT SNOW STAR ,3,2011-11-29 16:44:00,5.75,12963.0,United Kingdom
549185,71459,HANGING JAM JAR T-LIGHT HOLDER,12,2011-04-07 09:35:00,0.85,18272.0,United Kingdom
578942,22909,SET OF 20 VINTAGE CHRISTMAS NAPKINS,1,2011-11-27 13:29:00,0.85,17288.0,United Kingdom
555406,48173C,DOORMAT BLACK FLOCK ,2,2011-06-02 19:50:00,7.95,17231.0,United Kingdom
557496,21948,SET OF 6 CAKE CHOPSTICKS,10,2011-06-20 15:19:00,2.46,,United Kingdom
561125,47590B,PINK HAPPY BIRTHDAY BUNTING,3,2011-07-25 12:58:00,5.45,17364.0,United Kingdom
559042,22668,PINK BABY BUNTING,1,2011-07-05 15:34:00,5.79,,United Kingdom
559988,22435,SET OF 9 HEART SHAPED BALLOONS,2,2011-07-14 12:17:00,1.25,15402.0,United Kingdom
560534,22991,GIRAFFE WOODEN RULER,12,2011-07-19 12:10:00,1.95,14911.0,EIRE
559032,22170,PICTURE FRAME WOOD TRIPLE PORTRAIT,12,2011-07-05 14:53:00,5.95,17511.0,United Kingdom
561873,22149,FELTCRAFT 6 FLOWER FRIENDS,40,2011-07-31 11:48:00,1.85,13316.0,United Kingdom
542794,21107,CREAM SLICE FLANNEL PINK SPOT ,1,2011-02-01 10:56:00,5.79,,United Kingdom
538631,22189,CREAM HEART CARD HOLDER,12,2010-12-13 13:27:00,3.95,13408.0,United Kingdom
581166,22744,MAKE YOUR OWN MONSOON CARD KIT,3,2011-12-07 14:43:00,0.79,15525.0,United Kingdom
568901,22429,ENAMEL MEASURING JUG CREAM,6,2011-09-29 13:22:00,4.25,15050.0,United Kingdom
555841,84596F,SMALL MARSHMALLOWS PINK BOWL,2,2011-06-07 12:47:00,0.42,14583.0,United Kingdom
572056,POST,POSTAGE,1,2011-10-20 12:40:00,35.0,17402.0,United Kingdom
575846,23245,SET OF 3 REGENCY CAKE TINS,3,2011-11-11 12:07:00,4.95,17364.0,United Kingdom
581538,22899,CHILDREN'S APRON DOLLY GIRL ,2,2011-12-09 11:34:00,2.1,14446.0,United Kingdom
541018,21955,DOORMAT UNION JACK GUNS AND ROSES,1,2011-01-13 12:03:00,7.95,14978.0,United Kingdom
555916,22607,WOODEN ROUNDERS GARDEN SET ,3,2011-06-07 16:16:00,9.95,14958.0,United Kingdom
561395,22549,PICTURE DOMINOES,12,2011-07-27 10:29:00,1.45,13999.0,United Kingdom
542096,21447,12 IVORY ROSE PEG PLACE SETTINGS,2,2011-01-25 12:52:00,1.25,17236.0,United Kingdom
540848,22641,SET OF 4 NAPKIN CHARMS INSTRUMENT,1,2011-01-12 09:26:00,1.66,,United Kingdom
562933,21246,RED RETROSPOT BIG BOWL,1,2011-08-10 16:51:00,4.13,,United Kingdom
557146,23306,SET OF 36 DOILIES PANTRY DESIGN,12,2011-06-17 10:44:00,1.45,17139.0,United Kingdom
568235,21703,BAG 125g SWIRLY MARBLES,36,2011-09-26 11:39:00,0.42,13410.0,United Kingdom
572030,37495,FAIRY CAKE BIRTHDAY CANDLE SET,4,2011-10-20 11:51:00,3.75,14923.0,United Kingdom
569741,21577,SAVE THE PLANET COTTON TOTE BAG,6,2011-10-06 10:52:00,2.25,14626.0,United Kingdom
575767,22971,QUEENS GUARD COFFEE MUG,3,2011-11-11 11:11:00,2.55,17348.0,United Kingdom
573397,22161,HEART DECORATION RUSTIC HANGING ,6,2011-10-30 15:19:00,0.19,15547.0,United Kingdom
537419,21591,COSY HOUR CIGAR BOX MATCHES ,24,2010-12-06 15:14:00,1.25,13495.0,United Kingdom
C571919,23354,6 GIFT TAGS 50'S CHRISTMAS ,-36,2011-10-19 16:08:00,0.83,17350.0,United Kingdom
569864,21212,PACK OF 72 RETROSPOT CAKE CASES,24,2011-10-06 14:45:00,0.55,14533.0,United Kingdom
570672,23241,TREASURE TIN GYMKHANA DESIGN,6,2011-10-11 14:52:00,2.08,12536.0,France
546913,85123A,WHITE HANGING HEART T-LIGHT HOLDER,3,2011-03-17 20:18:00,2.95,15861.0,United Kingdom
569968,23322,LARGE WHITE HEART OF WICKER,2,2011-10-06 18:56:00,2.95,17921.0,United Kingdom
570225,22746,POPPY'S PLAYHOUSE LIVINGROOM ,1,2011-10-09 13:15:00,2.1,16595.0,United Kingdom
574046,23321,SMALL WHITE HEART OF WICKER,3,2011-11-02 13:19:00,1.65,15743.0,United Kingdom
574677,22798,ANTIQUE GLASS DRESSING TABLE POT,2,2011-11-06 12:32:00,2.95,16445.0,United Kingdom
538035,22470,HEART OF WICKER LARGE,5,2010-12-09 13:03:00,2.95,16065.0,United Kingdom
563439,20727,LUNCH BAG  BLACK SKULL.,19,2011-08-16 13:05:00,4.96,,United Kingdom
552949,21907,I'M ON HOLIDAY METAL SIGN,9,2011-05-12 12:01:00,2.1,16033.0,United Kingdom
575003,21217,RED RETROSPOT ROUND CAKE TINS,3,2011-11-08 11:09:00,9.95,15950.0,United Kingdom
540364,22362,GLASS JAR PEACOCK BATH SALTS,1,2011-01-06 16:03:00,2.95,14505.0,United Kingdom
541421,90186A,AMETHYST HOOP EARRING FLORAL LEAF,1,2011-01-17 17:44:00,2.9,,United Kingdom
569202,21744,SNOWFLAKE PORTABLE TABLE LIGHT ,1,2011-09-30 17:22:00,2.46,,United Kingdom
537865,21670,BLUE SPOT CERAMIC DRAWER KNOB,18,2010-12-08 16:34:00,1.25,16011.0,United Kingdom
564962,22350,ILLUSTRATED CAT BOWL ,1,2011-08-31 14:35:00,2.55,17777.0,United Kingdom
567306,22635,CHILDS BREAKFAST SET DOLLY GIRL ,24,2011-09-19 13:32:00,8.5,12752.0,Norway
559881,71459,HANGING JAM JAR T-LIGHT HOLDER,12,2011-07-13 11:33:00,0.85,16899.0,United Kingdom
567671,22457,NATURAL SLATE HEART CHALKBOARD ,1,2011-09-21 15:34:00,5.79,,United Kingdom
575640,23535,WALL ART BICYCLE SAFETY,1,2011-11-10 14:01:00,5.95,13148.0,United Kingdom
555397,17084N,FAIRY DREAMS INCENSE ,1,2011-06-02 17:26:00,0.42,,United Kingdom
543120,20685,DOORMAT RED RETROSPOT,1,2011-02-03 13:53:00,7.95,13668.0,United Kingdom
557266,37448,CERAMIC CAKE DESIGN SPOTTED MUG,1,2011-06-19 11:14:00,1.49,14878.0,United Kingdom
551893,85174,S/4 CACTI CANDLES,16,2011-05-05 10:07:00,4.25,17675.0,United Kingdom
539212,84880,WHITE WIRE EGG HOLDER,3,2010-12-16 12:20:00,5.95,17146.0,United Kingdom
578293,22972,CHILDREN'S SPACEBOY MUG,12,2011-11-23 14:36:00,1.65,15640.0,United Kingdom
562593,85184C,SET 4 VALENTINE DECOUPAGE HEART BOX,2,2011-08-07 15:43:00,2.95,16549.0,United Kingdom
576687,21034,REX CASH+CARRY JUMBO SHOPPER,1,2011-11-16 12:13:00,0.95,13558.0,United Kingdom
577502,23371,SET 36 COLOUR PENCILS SPACEBOY ,16,2011-11-20 12:34:00,1.25,12598.0,France
567478,22960,JAM MAKING SET WITH JARS,6,2011-09-20 13:21:00,4.25,12584.0,Italy
558909,85099C,JUMBO  BAG BAROQUE BLACK WHITE,100,2011-07-05 09:10:00,1.79,13408.0,United Kingdom
541253,22931,BAKING MOULD HEART WHITE CHOCOLATE,1,2011-01-16 13:51:00,2.55,17841.0,United Kingdom
556108,84796B,BLUE SAVANNAH PICNIC HAMPER FOR 2,1,2011-06-08 17:59:00,8.29,,United Kingdom
578833,23283,DOORMAT VINTAGE LEAF,1,2011-11-25 15:23:00,15.79,,United Kingdom
580983,22644,CERAMIC CHERRY CAKE MONEY BANK,1,2011-12-06 16:26:00,3.29,,United Kingdom
536570,21781,MA CAMPAGNE CUTLERY BOX,2,2010-12-01 15:35:00,14.95,14496.0,United Kingdom
576176,84879,ASSORTED COLOUR BIRD ORNAMENT,8,2011-11-14 11:04:00,1.69,16936.0,United Kingdom
574170,22947,WOODEN ADVENT CALENDAR RED,2,2011-11-03 11:43:00,7.95,16221.0,United Kingdom
537423,22600,CHRISTMAS RETROSPOT STAR WOOD,24,2010-12-06 15:34:00,0.85,14215.0,United Kingdom
580983,22566,FELTCRAFT HAIRBAND PINK AND PURPLE,1,2011-12-06 16:26:00,1.63,,United Kingdom
575919,23182,TOILET SIGN OCCUPIED OR VACANT,48,2011-11-11 17:00:00,0.83,15311.0,United Kingdom
551719,22383,LUNCH BAG SUKI DESIGN ,1,2011-05-03 16:09:00,4.13,,United Kingdom
573553,21876,POTTERING MUG,3,2011-10-31 13:48:00,3.29,,United Kingdom
556636,22037,ROBOT BIRTHDAY CARD,2,2011-06-13 15:30:00,0.83,,United Kingdom
558749,85132C,CHARLIE AND LOLA FIGURES TINS,2,2011-07-03 10:28:00,1.95,16326.0,United Kingdom
545078,21232,STRAWBERRY CERAMIC TRINKET BOX,1,2011-02-28 10:15:00,2.46,,United Kingdom
557622,23239,SET OF 4 KNICK KNACK TINS POPPIES,1,2011-06-21 14:15:00,4.15,17960.0,United Kingdom
560385,22557,PLASTERS IN TIN VINTAGE PAISLEY ,1,2011-07-18 12:53:00,1.65,14583.0,United Kingdom
573291,23032,DRAWER KNOB CRACKLE GLAZE IVORY,12,2011-10-28 14:51:00,1.65,16554.0,United Kingdom
577174,22087,PAPER BUNTING WHITE LACE,6,2011-11-18 10:58:00,2.95,17841.0,United Kingdom
547248,35095B,RED VICTORIAN FABRIC OVAL BOX,1,2011-03-22 09:23:00,0.83,,United Kingdom
559510,23208,LUNCH BAG VINTAGE LEAF DESIGN,10,2011-07-08 15:29:00,1.65,14961.0,United Kingdom
537237,22110,BIRD HOUSE HOT WATER BOTTLE,1,2010-12-06 09:58:00,7.62,,United Kingdom
555924,21238,RED RETROSPOT CUP,1,2011-06-07 17:12:00,1.63,,United Kingdom
541827,21801,CHRISTMAS TREE DECORATION WITH BELL,5,2011-01-21 17:05:00,0.42,,United Kingdom
571411,21756,BATH BUILDING BLOCK WORD,1,2011-10-17 12:33:00,6.25,17858.0,United Kingdom
552874,21559,STRAWBERRY LUNCH BOX WITH CUTLERY,6,2011-05-12 09:40:00,2.55,12621.0,Germany
540954,22381,TOY TIDY PINK POLKADOT,4,2011-01-12 13:19:00,2.1,14606.0,United Kingdom
580730,23521,WALL ART CAT AND BIRD ,1,2011-12-05 17:28:00,5.79,,United Kingdom
554280,85099F,JUMBO BAG STRAWBERRY,10,2011-05-23 13:35:00,2.08,14817.0,United Kingdom
545683,22189,CREAM HEART CARD HOLDER,2,2011-03-06 11:50:00,3.95,14903.0,United Kingdom
559302,22776,SWEETHEART CAKESTAND 3 TIER,1,2011-07-07 12:47:00,9.95,14527.0,United Kingdom
561466,84508A,CAMOUFLAGE DESIGN TEDDY,1,2011-07-27 12:50:00,2.55,17243.0,United Kingdom
569361,23263,SET OF 3 WOODEN HEART DECORATIONS,12,2011-10-03 14:59:00,1.25,16183.0,United Kingdom
538508,22531,MAGIC DRAWING SLATE CIRCUS PARADE  ,4,2010-12-12 13:32:00,0.42,15998.0,United Kingdom
580396,23188,VINTAGE  2 METRE FOLDING RULER,1,2011-12-04 11:00:00,1.65,13838.0,United Kingdom
561617,23035,DRAWER KNOB CERAMIC IVORY,12,2011-07-28 13:05:00,1.45,18237.0,United Kingdom
547786,85123A,WHITE HANGING HEART T-LIGHT HOLDER,1,2011-03-25 11:44:00,2.95,14587.0,United Kingdom
567508,23031,DRAWER KNOB CRACKLE GLAZE PINK,12,2011-09-20 14:50:00,1.65,17724.0,United Kingdom
547578,22892,SET OF SALT AND PEPPER TOADSTOOLS,12,2011-03-24 10:38:00,1.25,13089.0,United Kingdom
575739,37447,CERAMIC CAKE DESIGN SPOTTED PLATE,3,2011-11-11 09:05:00,3.29,,United Kingdom
571937,21402,RED  EGG  SPOON,24,2011-10-20 09:28:00,0.12,14911.0,EIRE
556094,84378,SET OF 3 HEART COOKIE CUTTERS,1,2011-06-08 15:26:00,3.29,,United Kingdom
545978,21457,2 PICTURE BOOK EGGS EASTER DUCKS,6,2011-03-08 12:19:00,1.25,13975.0,United Kingdom
568901,84879,ASSORTED COLOUR BIRD ORNAMENT,16,2011-09-29 13:22:00,1.69,15050.0,United Kingdom
579445,22699,ROSES REGENCY TEACUP AND SAUCER ,24,2011-11-29 13:41:00,2.55,15206.0,United Kingdom
581492,20971,PINK BLUE FELT CRAFT TRINKET BOX,2,2011-12-09 10:03:00,2.46,,United Kingdom
539958,70007,HI TEC ALPINE HAND WARMER,3,2010-12-23 13:26:00,1.66,,United Kingdom
558731,20725,LUNCH BAG RED RETROSPOT,10,2011-07-01 14:53:00,1.65,13285.0,United Kingdom
548711,84991,60 TEATIME FAIRY CAKE CASES,1,2011-04-03 14:24:00,0.55,18116.0,United Kingdom
536381,22083,PAPER CHAIN KIT RETROSPOT,1,2010-12-01 09:41:00,2.95,15311.0,United Kingdom
546406,85116,BLACK CANDELABRA T-LIGHT HOLDER,1,2011-03-11 16:21:00,1.63,,United Kingdom
540821,47593B,SCOTTIE DOGS BABY BIB,1,2011-01-11 13:16:00,0.85,,United Kingdom
578949,23000,TRAVEL CARD WALLET TRANSPORT,1,2011-11-27 14:30:00,0.42,14954.0,United Kingdom
570872,23115,RED APPLES CHOPPING BOARD   ,1,2011-10-12 16:40:00,10.79,,United Kingdom
547888,21791,VINTAGE HEADS AND TAILS CARD GAME ,12,2011-03-28 09:59:00,1.25,13368.0,United Kingdom
538529,82482,WOODEN PICTURE FRAME WHITE FINISH,6,2010-12-13 10:24:00,2.55,14290.0,United Kingdom
537764,20716,PARTY FOOD SHOPPER BAG,1,2010-12-08 12:06:00,1.25,16893.0,United Kingdom
539738,37340,MULTICOLOUR SPRING FLOWER MUG,1,2010-12-21 15:19:00,8.47,,United Kingdom
563691,82578,KITCHEN METAL SIGN,25,2011-08-18 12:53:00,0.55,13668.0,United Kingdom
568782,22596,CHRISTMAS STAR WISH LIST CHALKBOARD,24,2011-09-29 08:53:00,1.25,13985.0,United Kingdom
577174,23266,SET OF 3 WOODEN STOCKING DECORATION,1,2011-11-18 10:58:00,1.25,17841.0,United Kingdom
552687,22023,EMPIRE BIRTHDAY CARD,1,2011-05-10 15:09:00,0.83,,United Kingdom
567193,21908,CHOCOLATE THIS WAY METAL SIGN,12,2011-09-19 09:27:00,2.1,18094.0,United Kingdom
558475,21561,DINOSAUR LUNCH BOX WITH CUTLERY,2,2011-06-29 15:58:00,4.96,,United Kingdom
581023,23437, 50'S CHRISTMAS GIFT BAG LARGE,1,2011-12-07 10:35:00,2.46,,United Kingdom
575177,22670,FRENCH WC SIGN BLUE METAL,1,2011-11-08 18:41:00,2.46,,United Kingdom
544885,82494L,WOODEN FRAME ANTIQUE WHITE ,6,2011-02-24 11:38:00,2.95,14243.0,United Kingdom
565579,23247,BISCUIT TIN 50'S CHRISTMAS,1,2011-09-05 12:35:00,2.89,18283.0,United Kingdom
544598,21320,GLASS CHALICE GREEN  LARGE ,1,2011-02-21 18:10:00,4.96,,United Kingdom
576112,22578,WOODEN STAR CHRISTMAS SCANDINAVIAN,24,2011-11-14 10:34:00,0.29,14902.0,United Kingdom
553224,22652,TRAVEL SEWING KIT,6,2011-05-16 10:40:00,1.65,17228.0,United Kingdom
553141,47593B,SCOTTIE DOGS BABY BIB,2,2011-05-13 13:01:00,0.39,15907.0,United Kingdom
571064,21617,4 LILY  BOTANICAL DINNER CANDLES,1,2011-10-13 14:48:00,1.25,17181.0,United Kingdom
568645,22662,LUNCH BAG DOLLY GIRL DESIGN,20,2011-09-28 11:38:00,1.65,12656.0,France
548992,22892,SET OF SALT AND PEPPER TOADSTOOLS,12,2011-04-05 13:52:00,1.25,13089.0,United Kingdom
563404,21481,FAWN BLUE HOT WATER BOTTLE,12,2011-08-16 11:04:00,2.95,16303.0,United Kingdom
566816,21481,FAWN BLUE HOT WATER BOTTLE,36,2011-09-15 10:53:00,3.39,12731.0,France
575922,23042,PAPER LANTERN 7 POINT SNOW STAR,10,2011-11-11 17:10:00,6.65,15681.0,United Kingdom
544317,47566,PARTY BUNTING,2,2011-02-17 14:51:00,4.95,18138.0,United Kingdom
581492,84946,ANTIQUE SILVER T-LIGHT GLASS,18,2011-12-09 10:03:00,2.46,,United Kingdom
568491,22993,SET OF 4 PANTRY JELLY MOULDS,3,2011-09-27 11:58:00,1.25,15443.0,United Kingdom
552835,21977,PACK OF 60 PINK PAISLEY CAKE CASES,24,2011-05-11 14:17:00,0.55,17664.0,United Kingdom
541119,84378,SET OF 3 HEART COOKIE CUTTERS,12,2011-01-14 08:16:00,1.25,16493.0,United Kingdom
547964,22502,PICNIC BASKET WICKER SMALL,1,2011-03-28 15:45:00,10.79,,United Kingdom
571883,21811,HANGING HEART WITH BELL,3,2011-10-19 13:58:00,0.39,14704.0,United Kingdom
565328,23341,PINK DINER WALL CLOCK,4,2011-09-02 13:50:00,8.5,14004.0,United Kingdom
574956,48187,DOORMAT NEW ENGLAND,2,2011-11-08 09:54:00,8.25,16732.0,United Kingdom
556416,85099B,JUMBO BAG RED RETROSPOT,2,2011-06-10 12:19:00,2.08,15527.0,United Kingdom
576329,23319,BOX OF 6 MINI 50'S CRACKERS,1,2011-11-14 15:22:00,4.96,,United Kingdom
559330,21495,SKULLS AND CROSSBONES WRAP,25,2011-07-07 15:44:00,0.42,17696.0,United Kingdom
547936,22699,ROSES REGENCY TEACUP AND SAUCER ,2,2011-03-28 14:23:00,2.95,15874.0,United Kingdom
541979,22424,ENAMEL BREAD BIN CREAM,1,2011-01-24 14:54:00,12.75,14911.0,EIRE
565730,23329,DECORATIVE WICKER HEART LARGE,8,2011-09-06 12:02:00,1.65,14715.0,United Kingdom
544684,22183,CAKE STAND VICTORIAN FILIGREE MED,1,2011-02-22 16:32:00,5.79,,United Kingdom
546429,16207A,PINK STRAWBERRY HANDBAG ,2,2011-03-13 15:25:00,2.95,17611.0,United Kingdom
568094,23208,LUNCH BAG VINTAGE LEAF DESIGN,10,2011-09-23 14:43:00,1.65,15807.0,United Kingdom
559494,22697,GREEN REGENCY TEACUP AND SAUCER,1,2011-07-08 13:54:00,5.79,,United Kingdom
544778,21693,SMALL HAMMERED SILVER CANDLEPOT ,3,2011-02-23 12:03:00,2.95,14978.0,United Kingdom
567756,22893,MINI CAKE STAND T-LIGHT HOLDER,120,2011-09-22 10:52:00,0.42,12678.0,France
573937,48138,DOORMAT UNION FLAG,2,2011-11-02 10:40:00,8.25,15830.0,United Kingdom
562459,22624,IVORY KITCHEN SCALES,4,2011-08-05 11:17:00,7.65,16029.0,United Kingdom
556915,85227,SET OF 6 3D KIT CARDS FOR KIDS,1,2011-06-15 13:35:00,0.85,15036.0,United Kingdom
538353,35924,HANGING FAIRY CAKE DECORATION,144,2010-12-10 15:31:00,1.69,13798.0,United Kingdom
539226,21791,VINTAGE HEADS AND TAILS CARD GAME ,12,2010-12-16 13:05:00,1.25,14309.0,United Kingdom
565396,22129,PARTY CONES CANDY DECORATION,5,2011-09-02 16:39:00,2.46,,United Kingdom
569968,23356,LOVE HOT WATER BOTTLE,1,2011-10-06 18:56:00,5.95,17921.0,United Kingdom
561894,22986,WRAP GINGHAM ROSE ,25,2011-07-31 15:00:00,0.42,14456.0,United Kingdom
564199,23136,IVORY WIRE SWEETHEART LETTER TRAY,2,2011-08-23 17:31:00,3.75,13263.0,United Kingdom
560293,21166,COOK WITH WINE METAL SIGN ,1,2011-07-18 10:20:00,4.13,,United Kingdom
568719,35954,SMALL FOLKART STAR CHRISTMAS DEC,16,2011-09-28 16:19:00,0.31,,United Kingdom
539653,84030E,ENGLISH ROSE HOT WATER BOTTLE,2,2010-12-20 16:50:00,4.25,13564.0,United Kingdom
578155,21034,REX CASH+CARRY JUMBO SHOPPER,2,2011-11-23 11:32:00,0.95,12748.0,United Kingdom
576618,21107,CREAM SLICE FLANNEL PINK SPOT ,2,2011-11-15 17:00:00,5.79,,United Kingdom
544153,47590A,BLUE HAPPY BIRTHDAY BUNTING,1,2011-02-16 12:11:00,5.45,15356.0,United Kingdom
541696,84951B,SET OF 4 BLACK LOVEBIRD COASTERS,4,2011-01-20 18:08:00,1.63,,United Kingdom
578065,21888,BINGO SET,1,2011-11-22 15:41:00,7.46,,United Kingdom
564820,22116,METAL SIGN HIS DINNER IS SERVED,1,2011-08-30 12:16:00,1.63,,United Kingdom
552193,22926,IVORY GIANT GARDEN THERMOMETER,2,2011-05-06 14:22:00,5.95,15114.0,United Kingdom
570872,47578A,ENGLISH ROSE SMALL SCENTED FLOWER,1,2011-10-12 16:40:00,1.63,,United Kingdom
572874,22747,POPPY'S PLAYHOUSE BATHROOM,12,2011-10-26 13:28:00,2.1,13408.0,United Kingdom
575623,35953,FOLKART STAR CHRISTMAS DECORATIONS,72,2011-11-10 13:14:00,0.39,14064.0,United Kingdom
555925,15036,ASSORTED COLOURS SILK FAN,8,2011-06-07 17:13:00,1.63,,United Kingdom
570488,90086,CRYSTAL FROG PHONE CHARM,1,2011-10-10 17:12:00,1.63,14096.0,United Kingdom
565151,22799,SWEETHEART WIRE FRUIT BOWL,1,2011-09-01 14:29:00,8.5,16923.0,United Kingdom
555115,23205,CHARLOTTE BAG VINTAGE ALPHABET ,3,2011-05-31 14:58:00,2.46,,United Kingdom
552508,21669,BLUE STRIPE CERAMIC DRAWER KNOB,1,2011-05-09 16:27:00,3.29,,United Kingdom
553545,20712,JUMBO BAG WOODLAND ANIMALS,8,2011-05-17 15:37:00,4.13,,United Kingdom
557886,20713,JUMBO BAG OWLS,1,2011-06-23 13:39:00,2.08,17799.0,United Kingdom
568949,20711,JUMBO BAG TOYS ,2,2011-09-29 15:13:00,4.13,,United Kingdom
540468,21257,VICTORIAN SEWING BOX MEDIUM,1,2011-01-07 13:55:00,16.13,,United Kingdom
580752,22899,CHILDREN'S APRON DOLLY GIRL ,6,2011-12-06 09:56:00,2.1,12478.0,Greece
543826,21455,PAINTED YELLOW WOODEN DAISY,3,2011-02-14 09:41:00,0.83,,United Kingdom
570374,23354,6 GIFT TAGS 50'S CHRISTMAS ,5,2011-10-10 12:34:00,0.83,14719.0,United Kingdom
571508,23206,LUNCH BAG APPLE DESIGN,1,2011-10-17 15:27:00,4.13,,United Kingdom
558124,22382,LUNCH BAG SPACEBOY DESIGN ,10,2011-06-27 10:17:00,1.65,12493.0,France
558451,21817,,-80,2011-06-29 13:41:00,0.0,,United Kingdom
566073,22193,RED DINER WALL CLOCK,1,2011-09-08 19:58:00,8.5,14562.0,United Kingdom
570467,22974,CHILDRENS DOLLY GIRL MUG,12,2011-10-10 16:06:00,1.65,12607.0,USA
568781,23173,REGENCY TEAPOT ROSES ,36,2011-09-29 08:28:00,8.15,14952.0,United Kingdom
571328,85183B,CHARLIE & LOLA WASTEPAPER BIN FLORA,12,2011-10-17 11:27:00,1.25,12473.0,Germany
557639,22742,MAKE YOUR OWN PLAYTIME CARD KIT,1,2011-06-21 16:13:00,2.95,12933.0,United Kingdom
577150,22426,ENAMEL WASH BOWL CREAM,1,2011-11-18 09:48:00,8.29,,United Kingdom
558682,DOT,DOTCOM POSTAGE,1,2011-07-01 11:20:00,126.54,,United Kingdom
551351,21165,BEWARE OF THE CAT METAL SIGN ,12,2011-04-28 10:20:00,1.45,14298.0,United Kingdom
550773,21260,FIRST AID TIN,6,2011-04-20 13:15:00,3.25,17567.0,United Kingdom
556740,22999,TRAVEL CARD WALLET RETRO PETALS,10,2011-06-14 12:06:00,0.42,17346.0,United Kingdom
556777,21715,GIRLS VINTAGE TIN SEASIDE BUCKET,8,2011-06-14 12:31:00,2.55,14426.0,United Kingdom
557019,22372,AIRLINE BAG VINTAGE WORLD CHAMPION ,1,2011-06-16 12:45:00,4.25,15907.0,United Kingdom
543237,22326,ROUND SNACK BOXES SET OF4 WOODLAND ,4,2011-02-04 13:39:00,6.63,,United Kingdom
564042,23212,HEART WREATH DECORATION WITH BELL,36,2011-08-22 12:52:00,1.25,15443.0,United Kingdom
562114,20723,STRAWBERRY CHARLOTTE BAG,2,2011-08-02 16:14:00,1.63,,United Kingdom
564661,22750,FELTCRAFT PRINCESS LOLA DOLL,4,2011-08-26 14:45:00,3.75,12948.0,United Kingdom
553476,23298,SPOTTY BUNTING,3,2011-05-17 11:41:00,4.95,14221.0,United Kingdom
580727,22966,GINGERBREAD MAN COOKIE CUTTER,1,2011-12-05 17:17:00,2.46,14096.0,United Kingdom
546979,22851,SET 20 NAPKINS FAIRY CAKES DESIGN ,96,2011-03-18 12:18:00,0.72,16256.0,United Kingdom
544931,37447,CERAMIC CAKE DESIGN SPOTTED PLATE,12,2011-02-24 18:59:00,1.49,13501.0,Switzerland
561113,16156S,WRAP PINK FAIRY CAKES ,25,2011-07-25 12:09:00,0.42,17841.0,United Kingdom
580730,23183,MOTHER'S KITCHEN SPOON REST ,2,2011-12-05 17:28:00,7.46,,United Kingdom
551982,22149,FELTCRAFT 6 FLOWER FRIENDS,3,2011-05-05 13:56:00,2.1,15023.0,United Kingdom
578270,71459,HANGING JAM JAR T-LIGHT HOLDERS,8,2011-11-23 13:39:00,1.66,14096.0,United Kingdom
555566,20725,LUNCH BAG RED RETROSPOT,5,2011-06-05 15:19:00,1.65,14659.0,United Kingdom
564141,22978,PANTRY ROLLING PIN,2,2011-08-23 11:47:00,3.75,17841.0,United Kingdom
570499,22139,RETROSPOT TEA SET CERAMIC 11 PC ,3,2011-10-11 09:19:00,4.95,12772.0,Portugal
575516,21232,STRAWBERRY CERAMIC TRINKET POT,12,2011-11-10 10:45:00,1.25,17340.0,United Kingdom
540821,85034C,3 ROSE MORRIS BOXED CANDLES,4,2011-01-11 13:16:00,3.36,,United Kingdom
560090,22501,PICNIC BASKET WICKER LARGE,1,2011-07-14 16:46:00,9.95,,United Kingdom
573345,21136,PAINTED METAL PEARS ASSORTED,1,2011-10-30 12:14:00,1.69,17609.0,United Kingdom
581439,23356,LOVE HOT WATER BOTTLE,1,2011-12-08 16:30:00,12.46,,United Kingdom
560115,23091,ZINC HERB GARDEN CONTAINER,1,2011-07-15 10:05:00,6.25,17841.0,United Kingdom
561900,22029,SPACEBOY BIRTHDAY CARD,12,2011-07-31 15:31:00,0.42,16655.0,United Kingdom
578548,84347,ROTATING SILVER ANGELS T-LIGHT HLDR,1,2011-11-24 15:02:00,2.55,17345.0,United Kingdom
562233,22430,ENAMEL WATERING CAN CREAM,1,2011-08-03 14:54:00,4.95,14972.0,United Kingdom
572242,22601,CHRISTMAS RETROSPOT ANGEL WOOD,12,2011-10-21 15:36:00,0.85,15677.0,United Kingdom
574714,22091,EMPIRE TISSUE BOX,5,2011-11-06 14:29:00,0.39,15427.0,United Kingdom
549984,21670,BLUE SPOT CERAMIC DRAWER KNOB,12,2011-04-13 15:57:00,1.25,15147.0,United Kingdom
549431,22773,GREEN DRAWER KNOB ACRYLIC EDWARDIAN,18,2011-04-08 12:17:00,1.25,15874.0,United Kingdom
552572,79321,CHILLI LIGHTS,24,2011-05-10 12:11:00,4.95,14680.0,United Kingdom
580903,23169,CLASSIC GLASS COOKIE JAR,3,2011-12-06 12:56:00,4.15,14606.0,United Kingdom
574941,23319,BOX OF 6 MINI 50'S CRACKERS,78,2011-11-07 17:42:00,5.95,,United Kingdom
563933,21784,SHOE SHINE BOX ,2,2011-08-21 15:54:00,9.95,16536.0,United Kingdom
578531,84876B,GREEN HEART COMPACT MIRROR,1,2011-11-24 14:40:00,1.25,17364.0,United Kingdom
565836,22621,TRADITIONAL KNITTING NANCY,48,2011-09-07 11:41:00,1.45,17511.0,United Kingdom
559055,21238,RED RETROSPOT CUP,6,2011-07-05 17:09:00,1.63,,United Kingdom
548614,10135,COLOURING PENCILS BROWN TUBE,4,2011-04-01 11:47:00,1.25,14419.0,United Kingdom
563620,47567B,TEA TIME KITCHEN APRON,3,2011-08-18 10:06:00,5.95,13014.0,United Kingdom
543478,21175,GIN + TONIC DIET METAL SIGN,48,2011-02-08 15:38:00,2.08,13798.0,United Kingdom
537250,20676,RED RETROSPOT BOWL,8,2010-12-06 10:43:00,1.25,12708.0,Germany
550712,22964,3 PIECE SPACEBOY COOKIE CUTTER SET,6,2011-04-20 11:06:00,2.1,15159.0,United Kingdom
580527,23206,LUNCH BAG APPLE DESIGN,1,2011-12-04 15:19:00,1.65,13736.0,United Kingdom
571123,21791,VINTAGE HEADS AND TAILS CARD GAME ,12,2011-10-14 09:35:00,1.25,14856.0,United Kingdom
536587,22743,MAKE YOUR OWN FLOWERPOWER CARD KIT,6,2010-12-01 16:33:00,2.95,14142.0,United Kingdom
576063,23174,REGENCY SUGAR BOWL GREEN,6,2011-11-13 15:37:00,4.15,15502.0,United Kingdom
579885,35648,VINTAGE BEAD PINK PURSE ,4,2011-11-30 17:37:00,0.83,15444.0,United Kingdom
537391,22952,60 CAKE CASES VINTAGE CHRISTMAS,8,2010-12-06 13:53:00,0.55,16550.0,United Kingdom
568135,20725,LUNCH BAG RED RETROSPOT,3,2011-09-23 17:04:00,4.13,,United Kingdom
541566,22345,PARTY PIZZA DISH BLUE POLKADOT,24,2011-01-19 11:50:00,0.21,17722.0,United Kingdom
573359,22355,CHARLOTTE BAG SUKI DESIGN,3,2011-10-30 12:48:00,0.85,14178.0,United Kingdom
581266,21628,TRIANGULAR POUFFE VINTAGE ,1,2011-12-08 11:25:00,14.95,12621.0,Germany
559834,22445,PENCIL CASE LIFE IS BEAUTIFUL,6,2011-07-13 10:02:00,2.95,12576.0,Poland
572669,23307,SET OF 60 PANTRY DESIGN CAKE CASES ,1,2011-10-25 13:10:00,0.55,16549.0,United Kingdom
570019,22662,LUNCH BAG DOLLY GIRL DESIGN,1,2011-10-07 10:13:00,1.65,17841.0,United Kingdom
538198,21638,ASSORTED TUTTI FRUTTI NOTEBOOK,6,2010-12-10 11:01:00,2.1,17827.0,United Kingdom
573116,23511,EMBROIDERED RIBBON REEL EMILY ,1,2011-10-27 15:49:00,2.08,14525.0,United Kingdom
552232,23156,SET OF 5 MINI GROCERY MAGNETS,1,2011-05-06 15:54:00,4.13,,United Kingdom
562772,21875,KINGS CHOICE MUG,12,2011-08-09 12:07:00,1.25,13097.0,United Kingdom
571508,21889,WOODEN BOX OF DOMINOES,2,2011-10-17 15:27:00,2.46,,United Kingdom
538890,22718,CARD CAT AND TREE ,24,2010-12-14 16:39:00,0.42,12867.0,United Kingdom
578541,23116,VEGETABLE GARDEN CHOPPING BOARD,2,2011-11-24 15:01:00,4.95,14277.0,France
548358,22136,LOVE HEART SOCK HANGER,12,2011-03-30 15:29:00,1.65,15832.0,United Kingdom
555631,21931,JUMBO STORAGE BAG SUKI,3,2011-06-06 12:06:00,2.08,18118.0,United Kingdom
563917,23310,BUBBLEGUM RING ASSORTED,72,2011-08-21 13:46:00,0.42,14572.0,United Kingdom
552734,21535,RED RETROSPOT SMALL MILK JUG,6,2011-05-11 10:49:00,2.55,17428.0,United Kingdom
567926,84877D,found,1,2011-09-22 17:27:00,0.0,,United Kingdom
571438,22269,EGG CUP NATURAL CHICKEN,16,2011-10-17 13:25:00,0.39,15066.0,United Kingdom
569563,23288,GREEN VINTAGE SPOT BEAKER,16,2011-10-05 09:46:00,0.85,12481.0,Germany
556685,22481,BLACK TEA TOWEL CLASSIC DESIGN,12,2011-06-14 10:00:00,1.25,14503.0,United Kingdom
547918,22219,LOVEBIRD HANGING DECORATION WHITE ,12,2011-03-28 12:49:00,0.85,15249.0,United Kingdom
567507,22139,RETROSPOT TEA SET CERAMIC 11 PC ,1,2011-09-20 14:46:00,10.79,,United Kingdom
563502,22960,JAM MAKING SET WITH JARS,6,2011-08-17 08:50:00,4.25,12722.0,France
578510,20723,STRAWBERRY CHARLOTTE BAG,3,2011-11-24 13:25:00,0.85,14056.0,United Kingdom
549885,22499,WOODEN UNION JACK BUNTING,6,2011-04-12 15:32:00,5.95,17204.0,United Kingdom
558117,22195,LARGE HEART MEASURING SPOONS,1,2011-06-27 09:11:00,3.29,,United Kingdom
566018,21535,RED RETROSPOT SMALL MILK JUG,2,2011-09-08 12:42:00,2.55,13137.0,United Kingdom
578633,21507,ELEPHANT BIRTHDAY CARD ,12,2011-11-24 16:31:00,0.42,16616.0,United Kingdom
554682,84949,SILVER HANGING T-LIGHT HOLDER,4,2011-05-25 16:08:00,1.65,14085.0,United Kingdom
576386,22147,FELTCRAFT BUTTERFLY HEARTS,70,2011-11-15 09:42:00,1.25,13777.0,United Kingdom
542221,22090,PAPER BUNTING RETROSPOT,4,2011-01-26 12:40:00,2.95,14978.0,United Kingdom
578736,23158,SET OF 5 LUCKY CAT MAGNETS ,12,2011-11-25 11:33:00,2.08,12681.0,France
552234,22244,3 HOOK HANGER MAGIC GARDEN,1,2011-05-06 16:01:00,4.13,,United Kingdom
538942,85169A,IVORY LOVE BIRD CANDLE,24,2010-12-15 11:14:00,0.42,17346.0,United Kingdom
541523,21718,RED METAL BEACH SPADE ,2,2011-01-19 10:09:00,1.25,17708.0,United Kingdom
539263,21481,FAWN BLUE HOT WATER BOTTLE,6,2010-12-16 14:36:00,2.95,16560.0,United Kingdom
541811,47566b,TEA TIME PARTY BUNTING,1,2011-01-21 15:01:00,8.29,,United Kingdom
536876,72586,SET OF 6 HALLOWEEN GHOST T-LIGHTS,1,2010-12-03 11:36:00,0.85,,United Kingdom
544278,22614,PACK OF 12 SPACEBOY TISSUES,24,2011-02-17 12:01:00,0.29,15382.0,United Kingdom
565994,21528,DAIRY MAID TRADITIONAL TEAPOT ,1,2011-09-08 11:46:00,6.95,13244.0,United Kingdom
545897,21246,RED RETROSPOT BIG BOWL,1,2011-03-07 17:22:00,4.13,,United Kingdom
537467,85049C,ROMANTIC PINKS RIBBONS ,2,2010-12-07 10:36:00,1.25,16059.0,United Kingdom
537829,22083,PAPER CHAIN KIT RETROSPOT,12,2010-12-08 14:46:00,2.95,15498.0,United Kingdom
553060,85066,CREAM SWEETHEART MINI CHEST,2,2011-05-13 10:44:00,12.75,15826.0,United Kingdom
564838,21578,WOODLAND DESIGN  COTTON TOTE BAG,1,2011-08-30 12:43:00,4.96,,United Kingdom
555525,21930,JUMBO STORAGE BAG SKULLS,10,2011-06-05 11:40:00,2.08,14709.0,United Kingdom
578065,23394,POSTE FRANCE CUSHION COVER,1,2011-11-22 15:41:00,10.79,,United Kingdom
558892,15058C,ICE CREAM DESIGN GARDEN PARASOL,10,2011-07-04 15:46:00,3.95,17581.0,United Kingdom
553879,20725,LUNCH BAG RED RETROSPOT,10,2011-05-19 15:15:00,1.65,15791.0,United Kingdom
545227,84968C,SET OF 16 VINTAGE PISTACHIO CUTLERY,2,2011-03-01 09:35:00,12.75,12428.0,Finland
555276,82482,WOODEN PICTURE FRAME WHITE FINISH,4,2011-06-01 17:28:00,5.79,,United Kingdom
573287,85019B,BLOSSOM  IMAGES NOTEBOOK SET,24,2011-10-28 14:42:00,1.25,14194.0,United Kingdom
562269,22076,6 RIBBONS EMPIRE  ,3,2011-08-03 16:35:00,1.65,14056.0,United Kingdom
548511,22328,ROUND SNACK BOXES SET OF 4 FRUITS ,1,2011-03-31 15:43:00,2.95,14056.0,United Kingdom
560635,22839,3 TIER CAKE TIN GREEN AND CREAM,1,2011-07-20 10:51:00,14.95,12521.0,Germany
580831,22619,SET OF 6 SOLDIER SKITTLES,4,2011-12-06 11:39:00,3.75,14418.0,United Kingdom
561656,48194,DOORMAT HEARTS,2,2011-07-28 16:03:00,7.95,17071.0,United Kingdom
571779,22434,BALLOON PUMP WITH 10 BALLOONS,1,2011-10-19 11:27:00,1.95,12748.0,United Kingdom
555851,23103,JINGLE BELL HEART DECORATION,1,2011-06-07 13:37:00,1.65,13050.0,United Kingdom
575867,22507,MEMO BOARD RETROSPOT  DESIGN,2,2011-11-11 12:44:00,4.95,15034.0,United Kingdom
576650,22712,CARD DOLLY GIRL ,12,2011-11-16 10:34:00,0.42,14286.0,United Kingdom
537057,22898,CHILDRENS APRON APPLES DESIGN,1,2010-12-05 11:49:00,1.95,15351.0,United Kingdom
580986,22713,CARD I LOVE LONDON ,12,2011-12-06 16:34:00,0.42,12650.0,France
562046,22334,DINOSAUR PARTY BAG + STICKER SET,8,2011-08-02 10:34:00,1.65,12378.0,Switzerland
567294,23129,HEART SHAPED HOLLY WREATH,4,2011-09-19 12:06:00,4.15,13774.0,United Kingdom
560603,21116,OWL DOORSTOP,3,2011-07-20 08:59:00,4.95,18180.0,United Kingdom
580705,23295,SET OF 12 MINI LOAF BAKING CASES,8,2011-12-05 16:28:00,0.83,12683.0,France
569521,23328,SET 6 SCHOOL MILK BOTTLES IN CRATE,1,2011-10-04 14:33:00,3.75,16474.0,United Kingdom
537638,22807,SET OF 6 T-LIGHTS TOADSTOOLS,1,2010-12-07 15:28:00,5.91,,United Kingdom
569246,84755,COLOUR GLASS T-LIGHT HOLDER HANGING,8,2011-10-03 09:57:00,1.24,14096.0,United Kingdom
539434,21352,EUCALYPTUS & PINECONE  WREATH,1,2010-12-17 14:41:00,5.91,,United Kingdom
554842,22749,FELTCRAFT PRINCESS CHARLOTTE DOLL,4,2011-05-26 18:17:00,3.75,14740.0,United Kingdom
580771,22757,LARGE RED BABUSHKA NOTEBOOK ,2,2011-12-06 10:58:00,0.39,16015.0,United Kingdom
576503,23356,LOVE HOT WATER BOTTLE,3,2011-11-15 11:56:00,5.95,17540.0,United Kingdom
566913,23311,VINTAGE CHRISTMAS STOCKING ,6,2011-09-15 14:07:00,2.55,17602.0,United Kingdom
543374,21232,STRAWBERRY CERAMIC TRINKET BOX,12,2011-02-07 15:05:00,1.25,16945.0,United Kingdom
571554,35970,ZINC FOLKART SLEIGH BELLS,1,2011-10-18 09:13:00,4.13,,United Kingdom
563268,48194,DOORMAT HEARTS,2,2011-08-15 12:47:00,7.95,13940.0,United Kingdom
576827,21787,RAIN PONCHO RETROSPOT,720,2011-11-16 14:28:00,0.85,12901.0,United Kingdom
550184,84375,SET OF 20 KIDS COOKIE CUTTERS,1,2011-04-14 18:02:00,2.1,17601.0,United Kingdom
C541863,20711,JUMBO BAG TOYS ,-4,2011-01-23 16:08:00,1.65,13798.0,United Kingdom
553684,22698,PINK REGENCY TEACUP AND SAUCER,24,2011-05-18 13:55:00,2.55,16389.0,United Kingdom
561710,22435,SET OF 9 HEART SHAPED BALLOONS,1,2011-07-29 11:45:00,1.25,13827.0,United Kingdom
560841,23153,ZINC SWEETHEART WIRE LETTER RACK,4,2011-07-21 12:25:00,3.39,14298.0,United Kingdom
574062,22681,FRENCH BLUE METAL DOOR SIGN 6,20,2011-11-02 14:30:00,1.25,17675.0,United Kingdom
576828,22561,WOODEN SCHOOL COLOURING SET,1,2011-11-16 14:36:00,1.65,,United Kingdom
561217,21889,WOODEN BOX OF DOMINOES,1,2011-07-25 17:09:00,2.46,,United Kingdom
569383,48185,DOORMAT FAIRY CAKE,10,2011-10-03 16:46:00,7.08,15159.0,United Kingdom
539451,22423,REGENCY CAKESTAND 3 TIER,1,2010-12-17 16:59:00,25.49,,United Kingdom
576617,22701,PINK DOG BOWL,2,2011-11-15 16:57:00,2.46,,United Kingdom
547772,21689,SILVER VANILLA  FLOWER CANDLE POT,1,2011-03-25 11:34:00,3.75,17979.0,United Kingdom
571446,23174,REGENCY SUGAR BOWL GREEN,48,2011-10-17 13:46:00,4.15,14911.0,EIRE
559693,85086A,CANDY SPOT HEART DECORATION,1,2011-07-11 16:21:00,0.83,,United Kingdom
554545,23158,SET OF 5 LUCKY CAT MAGNETS ,12,2011-05-25 09:35:00,2.08,13102.0,United Kingdom
576617,22941,CHRISTMAS LIGHTS 10 REINDEER,1,2011-11-15 16:57:00,16.63,,United Kingdom
544200,85173,SET/6 FROG PRINCE T-LIGHT CANDLES,6,2011-02-17 10:08:00,2.55,12494.0,France
556477,21679,SKULLS  STICKERS,12,2011-06-12 12:20:00,0.85,12841.0,United Kingdom
576644,22414,DOORMAT NEIGHBOURHOOD WITCH ,1,2011-11-16 10:01:00,14.13,,United Kingdom
556088,22378,WALL TIDY RETROSPOT ,1,2011-06-08 15:24:00,4.96,,United Kingdom
551776,22924,FRIDGE MAGNETS LA VIE EN ROSE,6,2011-05-04 11:23:00,0.85,13268.0,United Kingdom
C574483,22426,ENAMEL WASH BOWL CREAM,-4,2011-11-04 12:48:00,3.75,14359.0,United Kingdom
551194,20726,LUNCH BAG WOODLAND,2,2011-04-27 11:12:00,1.65,14606.0,United Kingdom
537242,85123A,WHITE HANGING HEART T-LIGHT HOLDER,6,2010-12-06 10:19:00,2.95,14748.0,United Kingdom
537400,82494L,WOODEN FRAME ANTIQUE WHITE ,6,2010-12-06 14:36:00,2.95,17191.0,United Kingdom
577549,22382,LUNCH BAG SPACEBOY DESIGN ,1,2011-11-20 15:00:00,1.65,17841.0,United Kingdom
549525,22848,BREAD BIN DINER STYLE PINK,1,2011-04-08 15:44:00,33.29,,United Kingdom
581123,23203,JUMBO BAG VINTAGE DOILY ,10,2011-12-07 12:34:00,2.08,15750.0,United Kingdom
C560564,22326,ROUND SNACK BOXES SET OF4 WOODLAND ,-1,2011-07-19 13:42:00,2.95,12468.0,Germany
548893,22961,JAM MAKING SET PRINTED,1,2011-04-04 15:54:00,3.29,,United Kingdom
574704,84969,BOX OF 6 ASSORTED COLOUR TEASPOONS,4,2011-11-06 14:02:00,4.25,15696.0,United Kingdom
552684,20717,STRAWBERRY SHOPPER BAG,1,2011-05-10 15:09:00,2.46,,United Kingdom
574103,23311,VINTAGE CHRISTMAS STOCKING ,6,2011-11-03 10:30:00,2.55,13636.0,United Kingdom
580137,22921,HERB MARKER CHIVES ,1,2011-12-01 19:54:00,0.65,17566.0,United Kingdom
581377,23076,ICE CREAM SUNDAE LIP GLOSS,24,2011-12-08 12:44:00,1.25,14138.0,United Kingdom
543777,20941,FROG CANDLE,1,2011-02-11 16:20:00,1.25,15406.0,United Kingdom
559424,21714,CITRONELLA CANDLE GARDEN POT,18,2011-07-08 12:14:00,1.25,18121.0,United Kingdom
567892,23170,REGENCY TEA PLATE ROSES ,12,2011-09-22 15:51:00,1.65,15394.0,United Kingdom
547357,22178,VICTORIAN GLASS HANGING T-LIGHT,12,2011-03-22 12:15:00,1.25,17613.0,United Kingdom
545188,20914,SET/5 RED RETROSPOT LID GLASS BOWLS,3,2011-02-28 15:19:00,2.95,14056.0,United Kingdom
545156,22537,MAGIC DRAWING SLATE DINOSAUR,24,2011-02-28 13:27:00,0.42,13509.0,United Kingdom
570660,22720,SET OF 3 CAKE TINS PANTRY DESIGN ,32,2011-10-11 14:18:00,4.25,14866.0,United Kingdom
570237,23033,DRAWER KNOB CERAMIC RED,1,2011-10-09 14:48:00,1.45,13212.0,United Kingdom
561715,21871,SAVE THE PLANET MUG,12,2011-07-29 12:03:00,1.25,13102.0,United Kingdom
574777,21175,GIN + TONIC DIET METAL SIGN,12,2011-11-07 10:23:00,2.55,17761.0,United Kingdom
565850,22460,EMBOSSED GLASS TEALIGHT HOLDER,6,2011-09-07 12:55:00,1.25,14530.0,United Kingdom
539314,22822,CREAM WALL PLANTER HEART SHAPED,2,2010-12-16 18:20:00,5.95,13874.0,United Kingdom
545999,48138,DOORMAT UNION FLAG,4,2011-03-08 14:44:00,7.95,13089.0,United Kingdom
578233,21485,RETROSPOT HEART HOT WATER BOTTLE,2,2011-11-23 12:20:00,4.95,14049.0,United Kingdom
568163,22907,PACK OF 20 NAPKINS PANTRY DESIGN,4,2011-09-25 12:34:00,0.85,14540.0,United Kingdom
554353,48138,DOORMAT UNION FLAG,10,2011-05-24 09:10:00,6.75,14258.0,United Kingdom
538177,21889,WOODEN BOX OF DOMINOES,1,2010-12-10 09:51:00,2.51,,United Kingdom
547651,22431,WATERING CAN BLUE ELEPHANT,1,2011-03-24 12:11:00,1.95,16904.0,United Kingdom
577016,15056P,EDWARDIAN PARASOL PINK,2,2011-11-17 12:21:00,5.95,17095.0,United Kingdom
550208,85014b,RED RETROSPOT UMBRELLA,1,2011-04-15 10:39:00,12.46,,United Kingdom
540826,22886,NUMBER TILE VINTAGE FONT 7,12,2011-01-11 14:00:00,0.42,13102.0,United Kingdom
547800,85150,LADIES & GENTLEMEN METAL SIGN,2,2011-03-25 12:55:00,2.55,14504.0,United Kingdom
549543,21866,UNION JACK FLAG LUGGAGE TAG,1,2011-04-10 11:14:00,1.25,18118.0,United Kingdom
574672,85049E,SCANDINAVIAN REDS RIBBONS,1,2011-11-06 12:25:00,1.25,13532.0,United Kingdom
554325,37495,FAIRY CAKE BIRTHDAY CANDLE SET,4,2011-05-23 15:38:00,3.75,12621.0,Germany
553196,82484,WOOD BLACK BOARD ANT WHITE FINISH,1,2011-05-15 14:15:00,7.95,17114.0,United Kingdom
549874,84596G,SMALL CHOCOLATES PINK BOWL,24,2011-04-12 15:23:00,0.42,16919.0,United Kingdom
564092,15056N,EDWARDIAN PARASOL NATURAL,12,2011-08-23 10:24:00,5.95,13767.0,United Kingdom
549489,85146,,8,2011-04-08 15:05:00,0.0,,United Kingdom
550193,22842,BISCUIT TIN VINTAGE RED,2,2011-04-15 09:27:00,6.75,13952.0,United Kingdom
558452,21242,RED RETROSPOT PLATE ,8,2011-06-29 13:51:00,1.69,15208.0,United Kingdom
569901,22634,CHILDS BREAKFAST SET SPACEBOY ,2,2011-10-06 16:20:00,9.95,12923.0,United Kingdom
561388,23235,STORAGE TIN VINTAGE LEAF,48,2011-07-27 09:32:00,2.49,12753.0,Japan
578244,22659,LUNCH BOX I LOVE LONDON,6,2011-11-23 12:36:00,1.95,15727.0,United Kingdom
578688,20765,CHRYSANTHEMUM SKETCHBOOK ,1,2011-11-25 09:27:00,3.75,16719.0,United Kingdom
553141,20682,RED RETROSPOT CHILDRENS UMBRELLA,1,2011-05-13 13:01:00,3.25,15907.0,United Kingdom
567104,22910,PAPER CHAIN KIT VINTAGE CHRISTMAS,6,2011-09-16 13:33:00,2.95,15975.0,United Kingdom
565847,22207,FRYING PAN UNION FLAG,2,2011-09-07 12:44:00,8.29,,United Kingdom
573413,21328,BALLOONS  WRITING SET ,2,2011-10-30 16:12:00,1.65,15444.0,United Kingdom
578067,22068,BLACK PIRATE TREASURE CHEST,2,2011-11-22 15:43:00,3.29,,United Kingdom
556494,21428,SET3 BOOK BOX GREEN GINGHAM FLOWER ,1,2011-06-12 14:57:00,4.25,17802.0,United Kingdom
538153,21944,KITTENS DESIGN FLANNEL,2,2010-12-09 16:31:00,1.66,,United Kingdom
550993,23010,CIRCUS PARADE BABY GIFT SET,1,2011-04-21 19:51:00,16.95,15810.0,United Kingdom
561661,22844,VINTAGE CREAM DOG FOOD CONTAINER,2,2011-07-28 16:21:00,8.5,12743.0,Unspecified
540352,85088,CANDY SPOT HAND BAG,5,2011-01-06 14:27:00,1.66,,United Kingdom
568054,22799,SWEETHEART WIRE FRUIT BOWL,1,2011-09-23 12:50:00,8.5,16978.0,United Kingdom
572897,21494,ROTATING LEAVES T-LIGHT HOLDER,4,2011-10-26 14:42:00,5.79,,United Kingdom
571425,23198,PANTRY MAGNETIC  SHOPPING LIST,12,2011-10-17 12:41:00,1.45,14911.0,EIRE
539049,85099B,JUMBO BAG RED RETROSPOT,40,2010-12-15 16:21:00,1.95,15615.0,United Kingdom
567941,22720,SET OF 3 CAKE TINS PANTRY DESIGN ,3,2011-09-22 18:24:00,4.95,13519.0,United Kingdom
559106,23177,TREASURE ISLAND BOOK BOX,1,2011-07-06 11:10:00,2.25,15889.0,United Kingdom
539293,21166,COOK WITH WINE METAL SIGN ,12,2010-12-16 16:42:00,1.95,18223.0,United Kingdom
557265,84597B,RETRO BROWN BALL ASHTRAY ,12,2011-06-19 11:10:00,1.25,13097.0,United Kingdom
576364,85032B,BLOSSOM IMAGES GIFT WRAP SET,4,2011-11-14 17:40:00,0.65,15009.0,United Kingdom
580501,23489,VINTAGE BELLS GARLAND,6,2011-12-04 13:00:00,2.89,14546.0,United Kingdom
561473,85014A,BLACK/BLUE POLKADOT UMBRELLA,4,2011-07-27 13:17:00,5.95,15078.0,United Kingdom
571913,23511,EMBROIDERED RIBBON REEL EMILY ,6,2011-10-19 15:29:00,2.08,18210.0,United Kingdom
568158,46000S,POLYESTER FILLER PAD 40x40cm,4,2011-09-25 12:22:00,1.45,16133.0,United Kingdom
541680,21908,CHOCOLATE THIS WAY METAL SIGN,48,2011-01-20 14:18:00,1.85,14062.0,United Kingdom
559923,22714,CARD BIRTHDAY COWBOY,1,2011-07-13 16:07:00,0.83,,United Kingdom
580092,23123,COCKTAIL SWORDS 50 PIECES,12,2011-12-01 14:38:00,0.83,13969.0,United Kingdom
570690,84946,ANTIQUE SILVER T-LIGHT GLASS,3,2011-10-11 16:37:00,2.46,,United Kingdom
578746,23298,SPOTTY BUNTING,9,2011-11-25 11:36:00,10.79,,United Kingdom
541485,22516,CHILDS GARDEN RAKE BLUE,1,2011-01-18 13:05:00,2.1,18118.0,United Kingdom
572317,22307,GOLD MUG BONE CHINA TREE OF LIFE,6,2011-10-23 16:13:00,1.06,14629.0,United Kingdom
569590,23348,CHILDRENS TOY COOKING UTENSIL SET,6,2011-10-05 11:25:00,2.08,13949.0,United Kingdom
556937,22728,ALARM CLOCK BAKELIKE PINK,4,2011-06-15 16:05:00,3.75,17716.0,United Kingdom
560926,21061,PARTY INVITES FOOTBALL,10,2011-07-22 09:20:00,0.83,,United Kingdom
541511,22269,EGG CUP NATURAL CHICKEN,4,2011-01-18 16:45:00,1.25,17576.0,United Kingdom
551855,23069,EDWARDIAN PHOTO FRAME,2,2011-05-04 15:08:00,6.25,12836.0,United Kingdom
569414,22725,ALARM CLOCK BAKELIKE CHOCOLATE,4,2011-10-04 10:11:00,8.29,,United Kingdom
568782,47590A,BLUE HAPPY BIRTHDAY BUNTING,3,2011-09-29 08:53:00,5.45,13985.0,United Kingdom
552215,17096,,-41,2011-05-06 15:12:00,0.0,,United Kingdom
569415,23171,REGENCY TEA PLATE GREEN ,2,2011-10-04 10:14:00,3.29,,United Kingdom
580731,23318,BOX OF 6 MINI VINTAGE CRACKERS,1,2011-12-05 17:36:00,2.49,17383.0,United Kingdom
579518,23000,TRAVEL CARD WALLET TRANSPORT,1,2011-11-29 18:05:00,0.42,12748.0,United Kingdom
538849,22188,BLACK HEART CARD HOLDER,2,2010-12-14 13:31:00,3.95,14415.0,United Kingdom
571716,85039A,SET/4 RED MINI ROSE CANDLE IN BOWL,1,2011-10-18 17:05:00,1.63,,United Kingdom
548033,21174,POTTERING IN THE SHED METAL SIGN,12,2011-03-29 12:01:00,2.08,14441.0,United Kingdom
578036,20979,36 PENCILS TUBE RED RETROSPOT,5,2011-11-22 14:04:00,1.25,16474.0,United Kingdom
540418,20653,CHERRY BLOSSOM LUGGAGE TAG,2,2011-01-07 11:04:00,0.85,,United Kingdom
563728,22580,ADVENT CALENDAR GINGHAM SACK,1,2011-08-18 17:09:00,5.95,17045.0,United Kingdom
541133,22156,HEART DECORATION WITH PEARLS ,1,2011-01-14 10:17:00,1.63,,United Kingdom
579391,22732,3D VINTAGE CHRISTMAS STICKERS ,18,2011-11-29 12:07:00,1.25,14251.0,United Kingdom
572294,22835,HOT WATER BOTTLE I AM SO POORLY,3,2011-10-23 13:10:00,4.95,13471.0,United Kingdom
569670,21122,SET/10 PINK POLKADOT PARTY CANDLES,1,2011-10-05 13:47:00,1.25,14730.0,United Kingdom
579256,21975,PACK OF 60 DINOSAUR CAKE CASES,24,2011-11-29 08:07:00,0.55,13349.0,United Kingdom
550331,21874,GIN AND TONIC MUG,2,2011-04-17 13:43:00,1.25,15555.0,United Kingdom
540480,22722,SET OF 6 SPICE TINS PANTRY DESIGN,4,2011-01-07 15:27:00,3.95,12480.0,Germany
553229,20677,PINK POLKADOT BOWL,8,2011-05-16 10:50:00,1.25,15039.0,United Kingdom
558700,23208,LUNCH BAG VINTAGE LEAF DESIGN,1,2011-07-01 12:33:00,1.65,17920.0,United Kingdom
569374,23328,SET 6 SCHOOL MILK BOTTLES IN CRATE,2,2011-10-03 16:14:00,7.46,,United Kingdom
564726,21787,RAIN PONCHO RETROSPOT,6,2011-08-28 12:29:00,0.85,18077.0,United Kingdom
552229,84992,72 SWEETHEART FAIRY CAKE CASES,2,2011-05-06 15:40:00,1.25,,United Kingdom
579512,23424,GINGHAM RECIPE BOOK BOX,5,2011-11-29 16:47:00,10.79,,United Kingdom
548450,21169,YOU'RE CONFUSING ME METAL SIGN ,24,2011-03-31 11:20:00,1.69,15856.0,United Kingdom
540095,22195,LARGE HEART MEASURING SPOONS,3,2011-01-04 15:40:00,1.65,14553.0,United Kingdom
559014,23190,BUNDLE OF 3 SCHOOL EXERCISE BOOKS  ,12,2011-07-05 12:53:00,1.65,14262.0,United Kingdom
573633,22960,JAM MAKING SET WITH JARS,1,2011-10-31 15:48:00,8.29,,United Kingdom
549566,22772,PINK DRAWER KNOB ACRYLIC EDWARDIAN,4,2011-04-10 14:27:00,1.25,13610.0,United Kingdom
564747,85049C,ROMANTIC PINKS RIBBONS ,3,2011-08-28 16:09:00,1.25,14869.0,United Kingdom
569714,16045,POPART WOODEN PENCILS ASST,100,2011-10-05 17:28:00,0.04,18033.0,United Kingdom
574682,21479,WHITE SKULL HOT WATER BOTTLE ,3,2011-11-06 12:44:00,4.25,14963.0,United Kingdom
550821,84378,SET OF 3 HEART COOKIE CUTTERS,1,2011-04-21 08:54:00,1.25,12506.0,France
549901,84375,SET OF 20 KIDS COOKIE CUTTERS,3,2011-04-12 16:17:00,2.1,17180.0,United Kingdom
550956,84997A,CHILDRENS CUTLERY POLKADOT GREEN ,2,2011-04-21 16:37:00,4.15,17179.0,United Kingdom
576214,23159,SET OF 5 PANCAKE DAY MAGNETS,1,2011-11-14 12:49:00,2.08,15863.0,United Kingdom
567656,23223,CHRISTMAS TREE HANGING SILVER ,3,2011-09-21 14:40:00,1.63,14096.0,United Kingdom
548191,21439,BASKET OF TOADSTOOLS,1,2011-03-29 15:20:00,2.46,,United Kingdom
566647,23205,CHARLOTTE BAG VINTAGE ALPHABET ,3,2011-09-14 11:21:00,0.85,18001.0,United Kingdom
543166,85123A,WHITE HANGING HEART T-LIGHT HOLDER,6,2011-02-04 08:27:00,2.95,13488.0,United Kingdom
573426,21239,PINK  POLKADOT CUP,3,2011-10-31 10:17:00,1.63,,United Kingdom
537130,21539,RED RETROSPOT BUTTER DISH,1,2010-12-05 12:23:00,4.95,17796.0,United Kingdom
570428,21509,COWBOYS AND INDIANS BIRTHDAY CARD ,24,2011-10-10 14:02:00,0.42,15553.0,United Kingdom
553003,22921,HERB MARKER CHIVES ,2,2011-05-12 15:32:00,0.65,13263.0,United Kingdom
578032,22625,RED KITCHEN SCALES,2,2011-11-22 13:41:00,8.5,16633.0,United Kingdom
563638,21731,RED TOADSTOOL LED NIGHT LIGHT,4,2011-08-18 10:36:00,1.65,15311.0,United Kingdom
576671,23344,JUMBO BAG 50'S CHRISTMAS ,10,2011-11-16 11:55:00,2.08,14385.0,United Kingdom
C554011,21430,SET/3 RED GINGHAM ROSE STORAGE BOX,-2,2011-05-20 12:55:00,3.75,13151.0,United Kingdom
540019,22303,COFFEE MUG APPLES DESIGN,6,2011-01-04 12:18:00,2.55,12957.0,United Kingdom
537065,22243,5 HOOK HANGER RED MAGIC TOADSTOOL,12,2010-12-05 11:57:00,1.65,12567.0,France
555637,21155,RED RETROSPOT PEG BAG,6,2011-06-06 12:47:00,2.55,12535.0,France
552687,85099B,JUMBO BAG RED RETROSPOT,3,2011-05-10 15:09:00,4.13,,United Kingdom
541783,22485,SET OF 2 WOODEN MARKET CRATES,6,2011-01-21 11:55:00,12.75,16618.0,United Kingdom
579196,84032B,CHARLIE + LOLA RED HOT WATER BOTTLE,1,2011-11-28 15:54:00,3.29,14096.0,United Kingdom
569036,22410,MONEY BOX HOUSEKEEPING DESIGN,12,2011-09-30 10:44:00,1.25,18217.0,United Kingdom
559715,22531,MAGIC DRAWING SLATE CIRCUS PARADE  ,24,2011-07-12 10:47:00,0.42,14132.0,United Kingdom
568938,22720,SET OF 3 CAKE TINS PANTRY DESIGN ,1,2011-09-29 14:46:00,4.95,17220.0,United Kingdom
539453,22489,PACK OF 12 TRADITIONAL CRAYONS,1,2010-12-17 17:08:00,0.85,,United Kingdom
580612,21770,OPEN CLOSED METAL SIGN,1,2011-12-05 11:58:00,9.96,,United Kingdom
538629,22130,PARTY CONE CHRISTMAS DECORATION ,6,2010-12-13 13:10:00,0.85,17799.0,United Kingdom
563928,21136,PAINTED METAL PEARS ASSORTED,8,2011-08-21 15:17:00,1.69,17059.0,United Kingdom
545315,21865,PINK UNION JACK  PASSPORT COVER ,1,2011-03-01 14:14:00,4.13,,United Kingdom
540981,22027,TEA PARTY BIRTHDAY CARD,12,2011-01-12 15:25:00,0.42,12868.0,United Kingdom
576840,22992,REVOLVER WOODEN RULER ,3,2011-11-16 15:23:00,4.13,,United Kingdom
567211,21914,BLUE HARMONICA IN BOX ,2,2011-09-19 11:02:00,1.25,14159.0,United Kingdom
569229,23412,HEART MIRROR ANTIQUE WHITE,1,2011-10-02 14:56:00,7.5,14502.0,United Kingdom
568917,20726,LUNCH BAG WOODLAND,10,2011-09-29 14:11:00,1.65,15955.0,United Kingdom
552169,22150,3 STRIPEY MICE FELTCRAFT,4,2011-05-06 12:44:00,1.95,17800.0,United Kingdom
550458,22916,HERB MARKER THYME,2,2011-04-18 13:13:00,1.63,,United Kingdom
543740,22284,HEN HOUSE DECORATION,4,2011-02-11 13:36:00,1.65,15311.0,United Kingdom
562099,22384,LUNCH BAG PINK POLKADOT,10,2011-08-02 13:46:00,1.65,14688.0,United Kingdom
562457,22040,BOTANICAL ROSE GIFT WRAP,50,2011-08-05 11:00:00,0.42,18079.0,United Kingdom
543802,84836,ZINC METAL HEART DECORATION,2,2011-02-13 12:03:00,1.25,13742.0,United Kingdom
578949,21832,CHOCOLATE CALCULATOR,1,2011-11-27 14:30:00,1.65,14954.0,United Kingdom
553389,22792,FLUTED ANTIQUE CANDLE HOLDER,3,2011-05-16 16:37:00,1.63,,United Kingdom
562604,22780,LIGHT GARLAND BUTTERFILES PINK,4,2011-08-08 10:51:00,4.25,17611.0,United Kingdom
540821,21027,NINJA RABBIT PINK,2,2011-01-11 13:16:00,0.85,,United Kingdom
547209,21989,PACK OF 20 SKULL PAPER NAPKINS,24,2011-03-21 14:44:00,0.85,13081.0,United Kingdom
545425,85199S,SMALL HANGING IVORY/RED WOOD BIRD,9,2011-03-02 14:39:00,0.42,16792.0,United Kingdom
553067,22055,MINI CAKE STAND  HANGING STRAWBERY,6,2011-05-13 11:44:00,1.65,16871.0,United Kingdom
578022,22629,SPACEBOY LUNCH BOX ,1,2011-11-22 13:25:00,1.95,17371.0,United Kingdom
571745,23568,EGG CUP HENRIETTA HEN CREAM ,12,2011-10-19 10:48:00,1.25,14911.0,EIRE
545721,21242,RED RETROSPOT PLATE ,16,2011-03-07 10:52:00,1.69,15039.0,United Kingdom
543096,20727,LUNCH BAG  BLACK SKULL.,3,2011-02-03 11:39:00,1.65,14044.0,United Kingdom
541827,21385,IVORY HANGING DECORATION  HEART,15,2011-01-21 17:05:00,1.63,,United Kingdom
579187,21080,SET/20 RED RETROSPOT PAPER NAPKINS ,1,2011-11-28 15:31:00,1.63,,United Kingdom
538349,22570,FELTCRAFT CUSHION RABBIT,2,2010-12-10 14:59:00,7.62,,United Kingdom
578357,15036,ASSORTED COLOURS SILK FAN,12,2011-11-24 10:24:00,0.83,17228.0,United Kingdom
580103,21790,VINTAGE SNAP CARDS,1,2011-12-01 15:12:00,0.85,16242.0,United Kingdom
550992,22269,EGG CUP NATURAL CHICKEN,4,2011-04-21 19:05:00,1.25,14512.0,United Kingdom
572896,82483,WOOD 2 DRAWER CABINET WHITE FINISH,2,2011-10-26 14:41:00,6.95,12456.0,Switzerland
571461,21034,REX CASH+CARRY JUMBO SHOPPER,3,2011-10-17 14:12:00,0.95,16932.0,United Kingdom
540356,22327,ROUND SNACK BOXES SET OF 4 SKULLS,1,2011-01-06 15:12:00,6.77,,United Kingdom
541216,15056N,EDWARDIAN PARASOL NATURAL,2,2011-01-14 13:52:00,5.95,15311.0,United Kingdom
546307,84029G,,280,2011-03-10 16:22:00,0.0,,United Kingdom
546466,21466,RED FLOWER CROCHET FOOD COVER,2,2011-03-14 11:04:00,3.75,18118.0,United Kingdom
578531,22534,MAGIC DRAWING SLATE SPACEBOY ,3,2011-11-24 14:40:00,0.42,17364.0,United Kingdom
565453,23344,JUMBO BAG 50'S CHRISTMAS ,10,2011-09-04 16:05:00,2.08,15136.0,United Kingdom
C564257,22098,BOUDOIR SQUARE TISSUE BOX,-36,2011-08-24 10:45:00,0.39,16607.0,United Kingdom
556727,22625,RED KITCHEN SCALES,2,2011-06-14 11:33:00,8.5,17675.0,United Kingdom
539738,82583,HOT BATHS METAL SIGN,2,2010-12-21 15:19:00,4.21,,United Kingdom
550968,22979,PANTRY WASHING UP BRUSH,12,2011-04-21 16:59:00,1.45,14961.0,United Kingdom
568372,90082D,,-19,2011-09-26 16:54:00,0.0,,United Kingdom
537381,22603,CHRISTMAS RETROSPOT TREE WOOD,19,2010-12-06 13:13:00,0.85,14667.0,United Kingdom
578270,22508,DOORSTOP RETROSPOT HEART,1,2011-11-23 13:39:00,7.46,14096.0,United Kingdom
554694,84510A,SET OF 4 ENGLISH ROSE COASTERS,1,2011-05-25 17:06:00,2.46,,United Kingdom
554113,22424,ENAMEL BREAD BIN CREAM,1,2011-05-22 14:53:00,12.75,16700.0,United Kingdom
564342,22093,MOTORING TISSUE BOX,1,2011-08-24 14:53:00,0.39,16340.0,United Kingdom
566239,21166,COOK WITH WINE METAL SIGN ,12,2011-09-11 11:26:00,2.08,14665.0,United Kingdom
572897,23328,SET 6 SCHOOL MILK BOTTLES IN CRATE,2,2011-10-26 14:42:00,7.46,,United Kingdom
570594,23349,ROLL WRAP VINTAGE CHRISTMAS,12,2011-10-11 11:43:00,1.25,13517.0,United Kingdom
565419,23396,BUTTERFLY CUSHION COVER,4,2011-09-04 12:07:00,3.75,13808.0,United Kingdom
573130,22910,PAPER CHAIN KIT VINTAGE CHRISTMAS,10,2011-10-27 16:41:00,2.95,13969.0,United Kingdom
576672,21524,DOORMAT SPOTTY HOME SWEET HOME,10,2011-11-16 11:59:00,7.08,12731.0,France
571601,23342,MINT DINER WALL CLOCK,1,2011-10-18 10:53:00,8.5,17073.0,United Kingdom
559693,22654,DELUXE SEWING KIT ,1,2011-07-11 16:21:00,11.63,,United Kingdom
568564,22470,HEART OF WICKER LARGE,2,2011-09-27 17:03:00,2.95,17576.0,United Kingdom
536759,82486,WOOD S/3 CABINET ANT WHITE FINISH,2,2010-12-02 14:26:00,7.95,16781.0,United Kingdom
578149,21217,RED RETROSPOT ROUND CAKE TINS,2,2011-11-23 11:11:00,20.79,,United Kingdom
553014,22723,SET OF 6 HERB TINS SKETCHBOOK,2,2011-05-12 18:49:00,3.95,13451.0,United Kingdom
544634,22383,LUNCH BAG SUKI DESIGN ,5,2011-02-22 11:02:00,1.65,17994.0,United Kingdom
565849,23170,REGENCY TEA PLATE ROSES ,12,2011-09-07 12:50:00,1.65,14309.0,United Kingdom
575117,20996,JAZZ HEARTS ADDRESS BOOK,2,2011-11-08 14:22:00,0.19,12748.0,United Kingdom
550180,23078,ICE CREAM PEN LIP GLOSS ,48,2011-04-14 17:33:00,1.25,14163.0,United Kingdom
576317,23264,SET OF 3 WOODEN SLEIGH DECORATIONS,12,2011-11-14 14:57:00,1.25,15781.0,United Kingdom
576837,21126,SET OF 6 GIRLS CELEBRATION CANDLES,1,2011-11-16 15:16:00,1.25,,United Kingdom
536749,90082A,DIAMANTE BOW BROOCH GREEN COLOUR,5,2010-12-02 13:49:00,6.35,17976.0,United Kingdom
539985,22667,RECIPE BOX RETROSPOT ,24,2010-12-23 15:16:00,2.55,15856.0,United Kingdom
559672,22412,METAL SIGN NEIGHBOURHOOD WITCH ,12,2011-07-11 14:04:00,2.1,14796.0,United Kingdom
536876,22324,BLUE POLKADOT KIDS BAG,1,2010-12-03 11:36:00,4.21,,United Kingdom
577615,22584,PACK OF 6 PANETTONE GIFT BOXES,6,2011-11-21 10:22:00,2.55,12658.0,Germany
556671,22962,JAM JAR WITH PINK LID,1,2011-06-13 16:33:00,0.85,17841.0,United Kingdom
554514,22328,ROUND SNACK BOXES SET OF 4 FRUITS ,2,2011-05-24 15:58:00,2.95,,United Kingdom
541262,84950,ASSORTED COLOUR T-LIGHT HOLDER,6,2011-01-16 15:50:00,0.65,18069.0,United Kingdom
548670,21211,SET OF 72 SKULL PAPER  DOILIES,1,2011-04-01 15:37:00,1.45,15356.0,United Kingdom
571033,22550,HOLIDAY FUN LUDO,4,2011-10-13 12:46:00,3.75,14251.0,United Kingdom
580025,23482,PEARLISED IVORY HEART LARGE ,4,2011-12-01 11:53:00,1.65,15021.0,United Kingdom
562377,22211,WOOD STAMP SET FLOWERS,3,2011-08-04 15:04:00,0.83,14535.0,United Kingdom
565119,22711,WRAP CIRCUS PARADE,25,2011-09-01 11:38:00,0.42,16722.0,United Kingdom
577778,85199S,SMALL HANGING IVORY/RED WOOD BIRD,2,2011-11-21 16:10:00,0.42,16549.0,United Kingdom
560209,22539,MINI JIGSAW DOLLY GIRL,2,2011-07-15 14:05:00,0.42,15004.0,United Kingdom
566539,22866,HAND WARMER SCOTTY DOG DESIGN,6,2011-09-13 11:34:00,2.1,17228.0,United Kingdom
543542,23231,WRAP DOILEY DESIGN,25,2011-02-09 15:25:00,0.42,16607.0,United Kingdom
547223,22418,10 COLOUR SPACEBOY PEN,12,2011-03-21 15:10:00,0.85,12867.0,United Kingdom
575895,82551,LAUNDRY 15C METAL SIGN,3,2011-11-11 14:50:00,1.45,17052.0,United Kingdom
581404,23300,GARDENERS KNEELING PAD CUP OF TEA ,4,2011-12-08 13:47:00,1.65,13680.0,United Kingdom
550499,21377,SMALL CAMPHOR WOOD FIELD  MUSHROOM,1,2011-04-18 15:16:00,3.29,,United Kingdom
581219,21791,VINTAGE HEADS AND TAILS CARD GAME ,7,2011-12-08 09:28:00,2.46,,United Kingdom
540154,22196,SMALL HEART MEASURING SPOONS,3,2011-01-05 11:30:00,1.66,,United Kingdom
573373,22810,SET OF 6 T-LIGHTS SNOWMEN,1,2011-10-30 13:37:00,2.95,14684.0,United Kingdom
546855,22669,RED BABY BUNTING ,3,2011-03-17 13:58:00,2.95,18168.0,United Kingdom
540646,22819,"BIRTHDAY CARD, RETRO SPOT",5,2011-01-10 14:32:00,0.43,,United Kingdom
562106,22993,SET OF 4 PANTRY JELLY MOULDS,1,2011-08-02 15:19:00,1.25,14076.0,United Kingdom
560841,23239,SET OF 4 KNICK KNACK TINS POPPIES,12,2011-07-21 12:25:00,3.75,14298.0,United Kingdom
568057,22139,RETROSPOT TEA SET CERAMIC 11 PC ,1,2011-09-23 12:56:00,10.79,,United Kingdom
578067,21231,SWEETHEART CERAMIC TRINKET BOX,1,2011-11-22 15:43:00,2.46,,United Kingdom
556330,23082,SET 6 PAPER TABLE LANTERN HEARTS ,3,2011-06-10 11:29:00,3.75,17797.0,United Kingdom
562576,22437,SET OF 9 BLACK SKULL BALLOONS,10,2011-08-07 13:08:00,0.85,15518.0,United Kingdom
555810,85099C,JUMBO  BAG BAROQUE BLACK WHITE,10,2011-06-07 11:39:00,2.08,17091.0,United Kingdom
574250,84596G,SMALL CHOCOLATES PINK BOWL,2,2011-11-03 13:09:00,0.42,17634.0,United Kingdom
542858,84050,PINK HEART SHAPE EGG FRYING PAN,6,2011-02-01 11:40:00,1.65,17228.0,United Kingdom
549155,84828,JUNGLE POPSICLES ICE LOLLY MOULDS,3,2011-04-06 17:08:00,2.46,,United Kingdom
581439,22421,LIPSTICK PEN FUSCHIA,2,2011-12-08 16:30:00,0.83,,United Kingdom
561209,22061,LARGE CAKE STAND  HANGING STRAWBERY,1,2011-07-25 16:57:00,20.79,,United Kingdom
575875,23292,SPACEBOY CHILDRENS CUP,3,2011-11-11 13:06:00,2.46,,United Kingdom
553650,84596F,SMALL MARSHMALLOWS PINK BOWL,32,2011-05-18 11:02:00,0.42,14731.0,United Kingdom
540350,22652,TRAVEL SEWING KIT,1,2011-01-06 14:14:00,1.65,18283.0,United Kingdom
548538,90082B,,3,2011-03-31 17:36:00,0.0,,United Kingdom
575875,72122,COFFEE SCENT PILLAR CANDLE,1,2011-11-11 13:06:00,1.88,,United Kingdom
564735,23112,PARISIENNE CURIO CABINET,2,2011-08-28 13:35:00,7.5,15856.0,United Kingdom
557482,20655,QUEEN OF SKIES LUGGAGE TAG,1,2011-06-20 14:11:00,2.46,,United Kingdom
558738,22090,PAPER BUNTING RETROSPOT,12,2011-07-01 15:35:00,2.95,12922.0,United Kingdom
548164,22570,FELTCRAFT CUSHION RABBIT,1,2011-03-29 13:44:00,7.46,,United Kingdom
560937,22208,WOOD STAMP SET THANK YOU,1,2011-07-22 10:52:00,0.83,17920.0,United Kingdom
558759,21829,DINOSAUR KEYRINGS ASSORTED,36,2011-07-03 12:36:00,0.21,13148.0,United Kingdom
569026,23294,SET OF 6 SNACK LOAF BAKING CASES,8,2011-09-30 10:18:00,0.83,16101.0,United Kingdom
541999,22814,CARD PARTY GAMES ,1,2011-01-25 10:45:00,0.83,,United Kingdom
570703,84378,SET OF 3 HEART COOKIE CUTTERS,12,2011-10-12 09:50:00,1.45,14911.0,EIRE
578028,21935,SUKI  SHOULDER BAG,1,2011-11-22 13:30:00,1.65,17371.0,United Kingdom
571054,23366,SET 12 COLOURING PENCILS DOILY,1,2011-10-13 13:58:00,0.65,14234.0,United Kingdom
558371,22631,CIRCUS PARADE LUNCH BOX ,3,2011-06-28 15:44:00,3.29,,United Kingdom
558904,21468,BUTTERFLY CROCHET FOOD COVER,4,2011-07-04 16:18:00,3.29,,United Kingdom
575942,16161P,WRAP ENGLISH ROSE ,25,2011-11-13 11:44:00,0.42,15599.0,United Kingdom
C538650,21258,VICTORIAN SEWING BOX LARGE,-1,2010-12-13 15:05:00,10.95,15311.0,United Kingdom
558540,22423,REGENCY CAKESTAND 3 TIER,6,2011-06-30 12:15:00,12.75,17706.0,United Kingdom
553183,22516,CHILDS GARDEN RAKE BLUE,6,2011-05-15 12:31:00,2.1,16076.0,United Kingdom
577258,20728,LUNCH BAG CARS BLUE,1,2011-11-18 12:27:00,1.65,16764.0,United Kingdom
577518,22697,GREEN REGENCY TEACUP AND SAUCER,6,2011-11-20 13:17:00,2.95,14359.0,United Kingdom
545464,22171,3 HOOK PHOTO SHELF ANTIQUE WHITE,1,2011-03-03 09:10:00,16.63,,United Kingdom
561868,22662,LUNCH BAG DOLLY GIRL DESIGN,2,2011-07-31 11:26:00,1.65,16813.0,United Kingdom
545568,22858,EASTER TIN KEEPSAKE,1,2011-03-03 16:22:00,3.29,,United Kingdom
564141,21927,BLUE/CREAM STRIPE CUSHION COVER ,8,2011-08-23 11:47:00,1.25,17841.0,United Kingdom
564760,21899,GARAGE KEY FOB,1,2011-08-30 10:47:00,1.63,,United Kingdom
576928,22772,PINK DRAWER KNOB ACRYLIC EDWARDIAN,12,2011-11-17 11:04:00,1.25,14102.0,United Kingdom
580153,22964,3 PIECE SPACEBOY COOKIE CUTTER SET,6,2011-12-02 10:23:00,2.1,12762.0,Portugal
540551,84813,SET OF 4 DIAMOND NAPKIN RINGS,1,2011-01-10 09:43:00,8.47,,United Kingdom
569327,23078,ICE CREAM PEN LIP GLOSS ,24,2011-10-03 12:47:00,1.25,15091.0,United Kingdom
572520,84929,ASSTD FRUIT+FLOWERS FRIDGE MAGNETS,24,2011-10-24 15:05:00,0.19,13165.0,United Kingdom
547867,21986,PACK OF 12 PINK POLKADOT TISSUES,12,2011-03-27 13:56:00,0.29,13357.0,United Kingdom
578541,22845,VINTAGE CREAM CAT FOOD CONTAINER,2,2011-11-24 15:01:00,6.35,14277.0,France
563839,21907,I'M ON HOLIDAY METAL SIGN,12,2011-08-19 13:24:00,2.1,16828.0,United Kingdom
562733,22423,REGENCY CAKESTAND 3 TIER,16,2011-08-09 10:20:00,10.95,14626.0,United Kingdom
553539,22519,CHILDS GARDEN BRUSH PINK,1,2011-05-17 15:27:00,0.0,,United Kingdom
572704,22041,"RECORD FRAME 7"" SINGLE SIZE ",2,2011-10-25 14:39:00,5.79,,United Kingdom
575491,22602,RETROSPOT WOODEN HEART DECORATION,5,2011-11-09 17:47:00,0.85,15531.0,United Kingdom
548512,22084,PAPER CHAIN KIT EMPIRE,4,2011-03-31 15:54:00,2.95,14410.0,United Kingdom
576916,21928,JUMBO BAG SCANDINAVIAN BLUE PAISLEY,30,2011-11-17 10:24:00,2.08,14655.0,United Kingdom
547058,16161U,WRAP SUKI AND FRIENDS,25,2011-03-20 12:44:00,0.42,14232.0,United Kingdom
571653,35923,CANDY HEART HANGING DECORATION,96,2011-10-18 12:17:00,0.39,14298.0,United Kingdom
540848,90173,PAIR BUTTERFLY HAIR CLIPS,1,2011-01-12 09:26:00,3.81,,United Kingdom
550474,21403,BLUE EGG  SPOON,5,2011-04-18 13:58:00,0.42,,United Kingdom
541570,21212,PACK OF 72 RETROSPOT CAKE CASES,1440,2011-01-19 12:34:00,0.42,14646.0,Netherlands
550500,22615,PACK OF 12 CIRCUS PARADE TISSUES ,1,2011-04-18 15:26:00,0.83,,United Kingdom
569137,22659,LUNCH BOX I LOVE LONDON,2,2011-09-30 14:45:00,2.46,,United Kingdom
566408,23220,REINDEER HEART DECORATION GOLD,36,2011-09-12 13:43:00,0.83,16984.0,United Kingdom
580752,22037,ROBOT BIRTHDAY CARD,12,2011-12-06 09:56:00,0.42,12478.0,Greece
544887,21509,COWBOYS AND INDIANS BIRTHDAY CARD ,12,2011-02-24 11:54:00,0.42,17364.0,United Kingdom
567180,72586,SET OF 6 HALLOWEEN GHOST T-LIGHTS,5,2011-09-18 14:56:00,0.42,17802.0,United Kingdom
557976,22197,POPCORN HOLDER,100,2011-06-24 10:33:00,0.72,18118.0,United Kingdom
541843,85123A,WHITE HANGING HEART T-LIGHT HOLDER,2,2011-01-23 12:08:00,2.95,13659.0,United Kingdom
550057,21280,VINTAGE KITCHEN PRINT VEGETABLES,1,2011-04-14 12:01:00,2.55,14606.0,United Kingdom
557645,21877,HOME SWEET HOME MUG,1,2011-06-21 17:08:00,3.29,,United Kingdom
559506,22663,JUMBO BAG DOLLY GIRL DESIGN,5,2011-07-08 15:17:00,2.46,,United Kingdom
538349,22500,SET OF 2 TINS JARDIN DE PROVENCE,1,2010-12-10 14:59:00,11.02,,United Kingdom
537262,22646,CERAMIC STRAWBERRY CAKE MONEY BANK,1,2010-12-06 11:26:00,1.45,15039.0,United Kingdom
556776,23203,JUMBO BAG DOILEY PATTERNS,1,2011-06-14 12:24:00,2.08,14730.0,United Kingdom
537254,22130,PARTY CONE CHRISTMAS DECORATION ,6,2010-12-06 11:01:00,0.85,15898.0,United Kingdom
576618,22646,CERAMIC STRAWBERRY CAKE MONEY BANK,2,2011-11-15 17:00:00,3.29,,United Kingdom
579777,22660,DOORMAT I LOVE LONDON,1,2011-11-30 15:13:00,15.79,,United Kingdom
558860,22352,LUNCH BOX WITH CUTLERY RETROSPOT ,1,2011-07-04 12:18:00,2.55,17975.0,United Kingdom
577549,22110,BIRD HOUSE HOT WATER BOTTLE,2,2011-11-20 15:00:00,2.55,17841.0,United Kingdom
563439,22910,PAPER CHAIN KIT VINTAGE CHRISTMAS,1,2011-08-16 13:05:00,6.63,,United Kingdom
558321,22668,PINK BABY BUNTING,1,2011-06-28 11:53:00,5.79,,United Kingdom
569544,84032B,CHARLIE + LOLA RED HOT WATER BOTTLE,1,2011-10-04 16:33:00,3.29,,United Kingdom
566789,22092,BLUE PAISLEY TISSUE BOX,36,2011-09-15 10:35:00,0.39,13134.0,United Kingdom
570088,20975,12 PENCILS SMALL TUBE RED RETROSPOT,1,2011-10-07 11:32:00,0.65,16764.0,United Kingdom
566438,85040A,S/4 PINK FLOWER CANDLES IN BOWL,2,2011-09-12 15:14:00,1.65,15996.0,United Kingdom
573776,22464,HANGING METAL HEART LANTERN,12,2011-11-01 10:32:00,1.65,13468.0,United Kingdom
575323,84347,ROTATING SILVER ANGELS T-LIGHT HLDR,12,2011-11-09 13:37:00,2.55,15392.0,United Kingdom
579512,21035,SET/2 RED RETROSPOT TEA TOWELS ,1,2011-11-29 16:47:00,6.63,,United Kingdom
564221,21356,TOAST ITS - FAIRY FLOWER,1,2011-08-24 09:36:00,2.46,,United Kingdom
569134,85123A,WHITE HANGING HEART T-LIGHT HOLDER,6,2011-09-30 14:07:00,2.95,15411.0,United Kingdom
578518,21916,SET 12 RETRO WHITE CHALK STICKS,2,2011-11-24 13:54:00,0.42,14606.0,United Kingdom
541516,22681,FRENCH BLUE METAL DOOR SIGN 6,1,2011-01-18 17:34:00,2.46,,United Kingdom
557326,21066,VINTAGE RED MUG,12,2011-06-20 09:50:00,1.25,14194.0,United Kingdom
537155,20674,GREEN POLKADOT BOWL,1,2010-12-05 13:05:00,1.25,12748.0,United Kingdom
574677,21063,PARTY INVITES JAZZ HEARTS,1,2011-11-06 12:32:00,0.85,16445.0,United Kingdom
569202,22580,ADVENT CALENDAR GINGHAM SACK,3,2011-09-30 17:22:00,4.13,,United Kingdom
576906,22321,BIRD DECORATION RED RETROSPOT,24,2011-11-17 09:33:00,0.85,18225.0,United Kingdom
575148,21498,RED RETROSPOT WRAP ,25,2011-11-08 15:48:00,0.42,13867.0,United Kingdom
572703,21818,GLITTER HEART DECORATION,7,2011-10-25 14:35:00,0.39,16110.0,United Kingdom
555518,20886,BOX OF 9 PEBBLE CANDLES,6,2011-06-05 10:58:00,1.95,14891.0,United Kingdom
563262,22406,MONEY BOX KINGS CHOICE DESIGN,6,2011-08-15 12:44:00,1.25,15311.0,United Kingdom
555920,48188,DOORMAT WELCOME PUPPIES,200,2011-06-07 16:35:00,4.58,18102.0,United Kingdom
550167,22197,SMALL POPCORN HOLDER,24,2011-04-14 16:38:00,0.85,14206.0,United Kingdom
559824,23321,SMALL WHITE HEART OF WICKER,5,2011-07-12 17:23:00,1.65,17576.0,United Kingdom
571905,85180B,PINK HEARTS LIGHT CHAIN ,6,2011-10-19 14:51:00,4.65,12370.0,Cyprus
578140,47591D,PINK FAIRY CAKE CHILDRENS APRON,50,2011-11-23 10:58:00,1.65,14646.0,Netherlands
551009,84510a,SET OF 4 ENGLISH ROSE COASTERS,2,2011-04-26 09:50:00,2.46,,United Kingdom
581122,22699,ROSES REGENCY TEACUP AND SAUCER ,6,2011-12-07 12:33:00,2.95,12839.0,United Kingdom
560820,22904,CALENDAR PAPER CUT DESIGN,10,2011-07-21 10:59:00,2.95,17811.0,United Kingdom
553210,71101E,STANDING FAIRY POLE SUPPORT ,48,2011-05-16 09:40:00,0.72,14016.0,EIRE
553660,22115,METAL SIGN EMPIRE TEA,6,2011-05-18 11:58:00,2.95,14620.0,United Kingdom
568828,23367,SET 12 COLOUR PENCILS SPACEBOY ,16,2011-09-29 11:31:00,0.65,15175.0,United Kingdom
580875,22915,ASSORTED BOTTLE TOP  MAGNETS ,96,2011-12-06 12:11:00,0.19,17744.0,United Kingdom
547514,72741,GRAND CHOCOLATECANDLE,9,2011-03-23 14:00:00,1.45,17486.0,United Kingdom
561209,22489,PACK OF 12 TRADITIONAL CRAYONS,3,2011-07-25 16:57:00,0.83,,United Kingdom
537209,22570,FELTCRAFT CUSHION RABBIT,1,2010-12-05 15:12:00,3.75,14606.0,United Kingdom
544495,21844,RED RETROSPOT MUG,6,2011-02-21 11:42:00,2.95,12766.0,Portugal
575331,23296,SET OF 6 TEA TIME BAKING CASES,8,2011-11-09 13:52:00,1.25,13209.0,United Kingdom
541855,21901,"KEY FOB , BACK DOOR ",2,2011-01-23 14:59:00,0.65,13742.0,United Kingdom
560864,37342,POLKADOT COFFEE CUP & SAUCER PINK,24,2011-07-21 13:54:00,0.79,14407.0,United Kingdom
566787,22469,HEART OF WICKER SMALL,5,2011-09-15 10:31:00,4.13,,United Kingdom
559070,20972,PINK CREAM FELT CRAFT TRINKET BOX ,12,2011-07-06 10:41:00,1.25,13468.0,United Kingdom
554376,21928,JUMBO BAG SCANDINAVIAN BLUE PAISLEY,4,2011-05-24 11:31:00,2.08,15719.0,United Kingdom
568212,21991,BOHEMIAN COLLAGE STATIONERY SET,2,2011-09-25 16:05:00,1.25,15154.0,United Kingdom
563098,22113,GREY HEART HOT WATER BOTTLE,8,2011-08-12 09:14:00,3.75,14911.0,EIRE
548874,22179,SET 10 LIGHTS NIGHT OWL,2,2011-04-04 15:18:00,6.75,17716.0,United Kingdom
C578832,21673,WHITE SPOT BLUE CERAMIC DRAWER KNOB,-9,2011-11-25 15:18:00,1.45,13069.0,United Kingdom
571289,21733,RED HANGING HEART T-LIGHT HOLDER,32,2011-10-16 15:27:00,2.55,15113.0,United Kingdom
572023,22573,STAR WOODEN CHRISTMAS DECORATION,12,2011-10-20 11:03:00,0.85,17764.0,United Kingdom
569372,23291,DOLLY GIRL CHILDRENS CUP,1,2011-10-03 16:04:00,2.46,,United Kingdom
574077,22114,HOT WATER BOTTLE TEA AND SYMPATHY,1,2011-11-02 15:56:00,4.25,17999.0,United Kingdom
569018,23508,MINI PLAYING CARDS DOLLY GIRL ,20,2011-09-30 09:25:00,0.42,12676.0,Sweden
564078,84997C,CHILDRENS CUTLERY POLKADOT BLUE,8,2011-08-22 15:43:00,4.15,17083.0,United Kingdom
566213,23380,PACK OF 12 VINTAGE DOILY TISSUES,24,2011-09-09 15:09:00,0.39,14895.0,United Kingdom
574079,23331,DECORATIVE WICKER HEART SMALL,3,2011-11-02 16:19:00,0.63,17595.0,United Kingdom
568949,23393,HOME SWEET HOME CUSHION COVER ,1,2011-09-29 15:13:00,10.79,,United Kingdom
546891,21354,TOAST ITS - BEST MUM,1,2011-03-17 18:18:00,2.46,,United Kingdom
544899,22278,OVERNIGHT BAG VINTAGE ROSE PAISLEY,5,2011-02-24 12:32:00,4.95,13118.0,United Kingdom
554556,22399,MAGNETS PACK OF 4 CHILDHOOD MEMORY,12,2011-05-25 10:11:00,1.25,13098.0,United Kingdom
581146,22553,PLASTERS IN TIN SKULLS,24,2011-12-07 13:53:00,1.65,17602.0,United Kingdom
573918,21733,RED HANGING HEART T-LIGHT HOLDER,2,2011-11-01 17:20:00,2.95,17576.0,United Kingdom
572897,21731,RED TOADSTOOL LED NIGHT LIGHT,7,2011-10-26 14:42:00,4.13,,United Kingdom
552265,23138,SINGLE WIRE HOOK IVORY HEART,1,2011-05-08 11:41:00,1.45,14161.0,United Kingdom
573300,22956,36 FOIL HEART CAKE CASES,1,2011-10-28 16:10:00,2.1,16049.0,United Kingdom
539722,84991,60 TEATIME FAIRY CAKE CASES,72,2010-12-21 13:45:00,0.55,14911.0,EIRE
547892,POST,POSTAGE,6,2011-03-28 10:15:00,18.0,12669.0,France
559506,21577,SAVE THE PLANET COTTON TOTE BAG,6,2011-07-08 15:17:00,1.63,,United Kingdom
562031,22863,SOAP DISH BROCANTE,4,2011-08-01 17:37:00,2.95,16984.0,United Kingdom
568650,22423,REGENCY CAKESTAND 3 TIER,2,2011-09-28 11:56:00,12.75,13505.0,Switzerland
570444,23501,KEY RING BASEBALL BOOT UNION JACK,6,2011-10-10 14:38:00,1.25,17284.0,United Kingdom
564957,22763,KEY CABINET MA CAMPAGNE,2,2011-08-31 13:55:00,9.95,15260.0,United Kingdom
573397,22130,PARTY CONE CHRISTMAS DECORATION ,6,2011-10-30 15:19:00,0.85,15547.0,United Kingdom
550359,15058C,ICE CREAM DESIGN GARDEN PARASOL,1,2011-04-18 10:41:00,7.95,17841.0,United Kingdom
554080,22555,PLASTERS IN TIN STRONGMAN,5,2011-05-22 11:42:00,1.65,16931.0,United Kingdom
554285,21094,SET/6 RED SPOTTY PAPER PLATES,5,2011-05-23 14:15:00,2.46,,United Kingdom
560694,22385,JUMBO BAG SPACEBOY DESIGN,10,2011-07-20 12:05:00,2.08,12757.0,Portugal
573870,23157,SET OF 6 NATIVITY MAGNETS ,2,2011-11-01 12:25:00,2.08,14485.0,United Kingdom
560278,23342,MINT DINER WALL CLOCK,1,2011-07-17 15:45:00,8.5,13610.0,United Kingdom
C562954,84927F,PSYCHEDELIC TILE HOOK,-5,2011-08-11 10:13:00,0.39,17429.0,United Kingdom
C536379,D,Discount,-1,2010-12-01 09:41:00,27.5,14527.0,United Kingdom
561100,20972,PINK CREAM FELT CRAFT TRINKET BOX ,12,2011-07-25 11:01:00,1.25,15289.0,United Kingdom
540768,21212,PACK OF 72 RETROSPOT CAKE CASES,24,2011-01-11 10:38:00,0.55,17428.0,United Kingdom
541530,22113,GREY HEART HOT WATER BOTTLE,4,2011-01-19 10:56:00,3.75,14769.0,United Kingdom
543108,84800L,LARGE WHITE/PINK ROSE ART FLOWER,6,2011-02-03 12:37:00,2.12,14085.0,United Kingdom
543278,20724,RED RETROSPOT CHARLOTTE BAG,100,2011-02-06 14:43:00,0.72,16745.0,United Kingdom
550636,21033,JUMBO BAG CHARLIE AND LOLA TOYS,1,2011-04-19 15:37:00,4.13,,United Kingdom
549294,22637,PIGGY BANK RETROSPOT ,1,2011-04-07 19:27:00,2.55,13230.0,United Kingdom
C575224,85099B,JUMBO BAG RED RETROSPOT,-100,2011-11-09 11:41:00,1.79,17511.0,United Kingdom
574481,23350,ROLL WRAP VINTAGE SPOT ,4,2011-11-04 12:45:00,1.25,18022.0,United Kingdom
575754,23318,BOX OF 6 MINI VINTAGE CRACKERS,3,2011-11-11 10:43:00,2.49,17295.0,United Kingdom
578067,23211,RED ROCKING HORSE HAND PAINTED,1,2011-11-22 15:43:00,2.46,,United Kingdom
570458,22961,JAM MAKING SET PRINTED,4,2011-10-10 15:39:00,1.45,14535.0,United Kingdom
560228,21162,TOXIC AREA  DOOR HANGER ,24,2011-07-15 17:29:00,0.39,17750.0,United Kingdom
579093,35953,FOLKART STAR CHRISTMAS DECORATIONS,48,2011-11-28 10:54:00,0.39,13081.0,United Kingdom
564356,20727,LUNCH BAG  BLACK SKULL.,10,2011-08-24 15:47:00,1.65,13969.0,United Kingdom
564835,15036,ASSORTED COLOURS SILK FAN,4,2011-08-30 12:31:00,1.63,,United Kingdom
538634,21485,RETROSPOT HEART HOT WATER BOTTLE,4,2010-12-13 13:28:00,4.95,14085.0,United Kingdom
545692,22555,PLASTERS IN TIN STRONGMAN,12,2011-03-06 12:58:00,1.65,17428.0,United Kingdom
566001,21872,GLAMOROUS  MUG,1,2011-09-08 11:53:00,1.25,13700.0,United Kingdom
545559,22990,COTTON APRON PANTRY DESIGN,1,2011-03-03 15:31:00,4.95,15005.0,United Kingdom
551124,47599A,PINK PARTY BAGS,24,2011-04-26 12:47:00,2.1,15738.0,United Kingdom
543188,22138,BAKING SET 9 PIECE RETROSPOT ,6,2011-02-04 11:45:00,4.95,12567.0,France
565846,21523,DOORMAT FANCY FONT HOME SWEET HOME,1,2011-09-07 12:41:00,8.25,14606.0,United Kingdom
561388,22616,PACK OF 12 LONDON TISSUES ,96,2011-07-27 09:32:00,0.29,12753.0,Japan
571227,22354,RETROSPOT PADDED SEAT CUSHION,10,2011-10-14 13:54:00,3.75,12477.0,Germany
576617,23204,CHARLOTTE BAG APPLES DESIGN,2,2011-11-15 16:57:00,1.63,,United Kingdom
561917,23146,TRIPLE HOOK ANTIQUE IVORY ROSE,1,2011-08-01 11:57:00,3.29,16904.0,United Kingdom
553182,22662,LUNCH BAG DOLLY GIRL DESIGN,10,2011-05-15 12:21:00,1.65,17107.0,United Kingdom
577497,22991,GIRAFFE WOODEN RULER,4,2011-11-20 12:22:00,1.95,17555.0,United Kingdom
544770,20712,JUMBO BAG WOODLAND ANIMALS,1,2011-02-23 11:11:00,4.13,,United Kingdom
574287,22155,STAR DECORATION RUSTIC,1,2011-11-03 15:09:00,0.42,14723.0,United Kingdom
580671,22345,PARTY PIZZA DISH BLUE POLKADOT,24,2011-12-05 14:26:00,0.19,15159.0,United Kingdom
546912,23182,TOILET SIGN OCCUPIED OR VACANT,3,2011-03-17 20:12:00,0.83,15861.0,United Kingdom
564855,22595,GINGHAM HEART DECORATION,24,2011-08-31 09:10:00,0.85,16746.0,United Kingdom
560394,85135B,BLUE DRAGONFLY HELICOPTER,1,2011-07-18 13:35:00,7.95,14390.0,United Kingdom
539451,22445,PENCIL CASE LIFE IS BEAUTIFUL,1,2010-12-17 16:59:00,5.91,,United Kingdom
555925,90175D,TIGRIS EYE CHUNKY CHARM BRACELET,1,2011-06-07 17:13:00,9.15,,United Kingdom
556932,84946,ANTIQUE SILVER T-LIGHT GLASS,3,2011-06-15 15:41:00,2.46,,United Kingdom
550337,22664,TOY TIDY DOLLY GIRL DESIGN,1,2011-04-17 15:29:00,2.1,18037.0,United Kingdom
562791,22741,FUNKY DIVA PEN,48,2011-08-09 14:18:00,0.85,17730.0,United Kingdom
566249,23298,SPOTTY BUNTING,2,2011-09-11 12:09:00,4.95,13527.0,United Kingdom
581113,20676,RED RETROSPOT BOWL,12,2011-12-07 12:19:00,1.25,14534.0,United Kingdom
575177,84378,SET OF 3 HEART COOKIE CUTTERS,2,2011-11-08 18:41:00,2.46,,United Kingdom
564172,22720,SET OF 3 CAKE TINS PANTRY DESIGN ,2,2011-08-23 14:19:00,4.95,16033.0,United Kingdom
544179,84949,SILVER HANGING T-LIGHT HOLDER,12,2011-02-16 14:44:00,1.65,17422.0,United Kingdom
544767,21558,SKULL LUNCH BOX WITH CUTLERY ,1,2011-02-23 11:10:00,4.96,,United Kingdom
539724,22504,CABIN BAG VINTAGE RETROSPOT,30,2010-12-21 13:53:00,12.75,13029.0,United Kingdom
C549452,D,Discount,-1,2011-04-08 14:17:00,1867.86,17940.0,United Kingdom
540415,22491,PACK OF 12 COLOURED PENCILS,6,2011-01-07 10:47:00,0.85,16889.0,United Kingdom
564165,84406B,CREAM CUPID HEARTS COAT HANGER,3,2011-08-23 13:35:00,4.15,13593.0,United Kingdom
544303,84991,60 TEATIME FAIRY CAKE CASES,3,2011-02-17 13:28:00,0.55,18116.0,United Kingdom
577488,22617,BAKING SET SPACEBOY DESIGN,48,2011-11-20 12:00:00,4.25,13090.0,United Kingdom
537262,22114,HOT WATER BOTTLE TEA AND SYMPATHY,1,2010-12-06 11:26:00,3.95,15039.0,United Kingdom
574304,22918,HERB MARKER PARSLEY,2,2011-11-03 16:30:00,0.65,14428.0,United Kingdom
546916,84032A,CHARLIE+LOLA PINK HOT WATER BOTTLE,6,2011-03-18 08:32:00,2.95,15695.0,United Kingdom
556478,21172,PARTY METAL SIGN ,10,2011-06-12 12:34:00,1.45,13069.0,United Kingdom
549705,22520,CHILDS GARDEN TROWEL BLUE ,1,2011-04-11 14:00:00,0.85,13668.0,United Kingdom
578705,22504,CABIN BAG VINTAGE RETROSPOT,1,2011-11-25 11:12:00,29.95,12531.0,Germany
569538,23265,SET OF 3 WOODEN TREE DECORATIONS,12,2011-10-04 15:55:00,1.25,14462.0,United Kingdom
551658,15056BL,EDWARDIAN PARASOL BLACK,1,2011-05-03 12:13:00,5.95,16746.0,United Kingdom
581125,22553,PLASTERS IN TIN SKULLS,1,2011-12-07 12:41:00,1.65,14087.0,United Kingdom
578942,22866,HAND WARMER SCOTTY DOG DESIGN,1,2011-11-27 13:29:00,2.1,17288.0,United Kingdom
563172,23295,SET OF 12 MINI LOAF BAKING CASES,16,2011-08-12 13:15:00,0.83,12399.0,Belgium
573585,23487,SWEET HEART CAKE CARRIER,1,2011-10-31 14:41:00,20.79,,United Kingdom
575681,22580,ADVENT CALENDAR GINGHAM SACK,2,2011-11-10 15:32:00,5.95,16903.0,United Kingdom
570690,35970,ZINC FOLKART SLEIGH BELLS,2,2011-10-11 16:37:00,4.13,,United Kingdom
568211,21015,DARK BIRD HOUSE TREE DECORATION,24,2011-09-25 15:59:00,0.29,13429.0,United Kingdom
552168,22438,BALLOON ART MAKE YOUR OWN FLOWERS,10,2011-05-06 12:28:00,1.95,13880.0,United Kingdom
577855,22696,WICKER WREATH LARGE,1,2011-11-22 11:18:00,1.95,15877.0,United Kingdom
578678,82580,BATHROOM METAL SIGN,1,2011-11-24 19:59:00,0.55,17841.0,United Kingdom
566408,21912,VINTAGE SNAKES & LADDERS,2,2011-09-12 13:43:00,3.75,16984.0,United Kingdom
550459,79163,BLACK CHAMPAGNE GLASS,12,2011-04-18 13:17:00,0.39,18116.0,United Kingdom
580309,23241,TREASURE TIN GYMKHANA DESIGN,6,2011-12-02 14:46:00,2.08,14503.0,United Kingdom
563909,22230,JIGSAW TREE WITH WATERING CAN,2,2011-08-21 12:36:00,0.29,15701.0,United Kingdom
567858,22384,LUNCH BAG PINK POLKADOT,2,2011-09-22 13:50:00,1.65,16813.0,United Kingdom
557850,21993,FLORAL FOLK STATIONERY SET,12,2011-06-23 10:56:00,1.25,12720.0,Germany
577078,21974,SET OF 36 PAISLEY FLOWER DOILIES,1,2011-11-17 15:17:00,2.92,,United Kingdom
542541,20724,RED RETROSPOT CHARLOTTE BAG,3,2011-01-28 14:25:00,1.63,,United Kingdom
553932,23190,BUNDLE OF 3 SCHOOL EXERCISE BOOKS  ,12,2011-05-20 10:29:00,1.65,15768.0,United Kingdom
569010,20983,12 PENCILS TALL TUBE RED RETROSPOT,96,2011-09-30 07:36:00,0.85,14156.0,EIRE
553890,22134,MINI LADLE LOVE HEART RED ,3,2011-05-19 16:32:00,0.83,,United Kingdom
541516,84952B,BLACK LOVE BIRD T-LIGHT HOLDER,2,2011-01-18 17:34:00,1.63,,United Kingdom
564713,22867,HAND WARMER BIRD DESIGN,2,2011-08-28 10:43:00,2.1,16768.0,United Kingdom
560504,23076,ICE CREAM SUNDAE LIP GLOSS,48,2011-07-19 11:47:00,1.25,13081.0,United Kingdom
570672,22902,TOTE BAG I LOVE LONDON,12,2011-10-11 14:52:00,2.1,12536.0,France
550630,79163,BLACK CHAMPAGNE GLASS,96,2011-04-19 14:49:00,0.39,14298.0,United Kingdom
541844,22555,PLASTERS IN TIN STRONGMAN,2,2011-01-23 12:19:00,1.65,16931.0,United Kingdom
577061,22550,HOLIDAY FUN LUDO,4,2011-11-17 14:40:00,3.75,14911.0,EIRE
581166,21452,TOADSTOOL MONEY BOX,1,2011-12-07 14:43:00,2.95,15525.0,United Kingdom
572313,23311,VINTAGE CHRISTMAS STOCKING ,6,2011-10-23 15:54:00,2.55,14731.0,United Kingdom
540539,20971,PINK BLUE FELT CRAFT TRINKET BOX,12,2011-01-09 14:42:00,1.25,18260.0,United Kingdom
556636,22355,CHARLOTTE BAG SUKI DESIGN,2,2011-06-13 15:30:00,1.63,,United Kingdom
578926,20969,RED FLORAL FELTCRAFT SHOULDER BAG,1,2011-11-27 12:24:00,3.75,18156.0,United Kingdom
543277,22191,IVORY DINER WALL CLOCK,1,2011-02-06 14:33:00,8.5,15808.0,United Kingdom
571899,21621,VINTAGE UNION JACK BUNTING,1,2011-10-19 14:22:00,8.5,16885.0,United Kingdom
564635,23204,CHARLOTTE BAG APPLES DESIGN,10,2011-08-26 12:41:00,0.85,15615.0,United Kingdom
546422,15034,PAPER POCKET TRAVELING FAN ,12,2011-03-13 11:38:00,0.14,15547.0,United Kingdom
574561,21811,HANGING HEART WITH BELL,11,2011-11-04 15:52:00,0.83,,United Kingdom
580520,85053,FRENCH ENAMEL CANDLEHOLDER,1,2011-12-04 14:55:00,2.1,13521.0,United Kingdom
540646,82613B,"METAL SIGN,CUPCAKE SINGLE HOOK",2,2011-01-10 14:32:00,0.85,,United Kingdom
573585,23006,TRAVEL CARD WALLET FLOWER MEADOW,6,2011-10-31 14:41:00,0.83,,United Kingdom
574907,23110,PARISIENNE KEY CABINET ,2,2011-11-07 15:33:00,5.75,17043.0,United Kingdom
558959,22766,PHOTO FRAME CORNICE,8,2011-07-05 10:54:00,2.95,16103.0,United Kingdom
559689,22209,WOOD STAMP SET HAPPY BIRTHDAY,1,2011-07-11 15:46:00,0.83,,United Kingdom
573386,22633,HAND WARMER UNION JACK,96,2011-10-30 14:27:00,1.85,17183.0,United Kingdom
547248,22108,PING! MICROWAVE PLATE,1,2011-03-22 09:23:00,3.29,,United Kingdom
567507,23000,TRAVEL CARD WALLET TRANSPORT,1,2011-09-20 14:46:00,0.83,,United Kingdom
577028,23399,HOME SWEET HOME HANGING HEART,24,2011-11-17 12:59:00,0.85,17080.0,United Kingdom
558475,22651,GENTLEMAN SHIRT REPAIR KIT ,12,2011-06-29 15:58:00,0.79,,United Kingdom
545568,90214V,"LETTER ""V"" BLING KEY RING",1,2011-03-03 16:22:00,0.83,,United Kingdom
574714,21224,SET/4 SKULL BADGES,1,2011-11-06 14:29:00,1.25,15427.0,United Kingdom
574063,22187,GREEN CHRISTMAS TREE CARD HOLDER,2,2011-11-02 14:31:00,1.95,13271.0,United Kingdom
575607,22961,JAM MAKING SET PRINTED,7,2011-11-10 12:37:00,3.29,14096.0,United Kingdom
566949,21992,VINTAGE PAISLEY STATIONERY SET,2,2011-09-15 16:32:00,2.46,,United Kingdom
570423,22586,FELTCRAFT HAIRBAND PINK AND BLUE,6,2011-10-10 13:38:00,0.85,14451.0,United Kingdom
559816,90003C,MIDNIGHT BLUE PAIR HEART HAIR SLIDE,1,2011-07-12 16:11:00,3.73,,United Kingdom
548484,22356,CHARLOTTE BAG PINK POLKADOT,5,2011-03-31 12:43:00,0.85,13571.0,United Kingdom
550987,21455,PAINTED YELLOW WOODEN DAISY,2,2011-04-21 18:10:00,0.83,,United Kingdom
574950,22678,FRENCH BLUE METAL DOOR SIGN 3,1,2011-11-08 09:29:00,2.46,,United Kingdom
547873,85053,FRENCH ENAMEL CANDLEHOLDER,2,2011-03-27 15:33:00,2.1,13240.0,United Kingdom
579285,23104,IVORY CAFE HANGING LAMP ,1,2011-11-29 10:56:00,12.5,14180.0,United Kingdom
573585,22595,GINGHAM HEART DECORATION,7,2011-10-31 14:41:00,1.63,,United Kingdom
565667,22269,EGG CUP NATURAL CHICKEN,16,2011-09-06 08:34:00,0.39,17449.0,United Kingdom
549250,21038,SET/4 MODERN VINTAGE COTTON NAPKINS,2,2011-04-07 12:10:00,0.79,14446.0,United Kingdom
577403,23029,DRAWER KNOB CRACKLE GLAZE GREEN,6,2011-11-20 10:15:00,1.65,13988.0,United Kingdom
559338,23298,SPOTTY BUNTING,7,2011-07-07 16:30:00,10.79,,United Kingdom
579332,21166,COOK WITH WINE METAL SIGN ,24,2011-11-29 11:41:00,2.08,14408.0,United Kingdom
538071,21188,3D HEARTS  HONEYCOMB PAPER GARLAND,3,2010-12-09 14:09:00,5.91,,United Kingdom
550167,22148,EASTER CRAFT 4 CHICKS ,12,2011-04-14 16:38:00,1.95,14206.0,United Kingdom
581170,22865,HAND WARMER OWL DESIGN,96,2011-12-07 15:00:00,1.85,13767.0,United Kingdom
562849,22713,CARD I LOVE LONDON ,24,2011-08-10 09:52:00,0.42,16700.0,United Kingdom
542223,20724,RED RETROSPOT CHARLOTTE BAG,10,2011-01-26 12:43:00,0.85,14233.0,United Kingdom
540022,22457,NATURAL SLATE HEART CHALKBOARD ,12,2011-01-04 12:57:00,2.95,17188.0,United Kingdom
541423,84931B,BLUE SCOTTIE DOG W FLOWER PATTERN,1,2011-01-17 17:54:00,1.63,,United Kingdom
554511,22072,RED RETROSPOT TEA CUP AND SAUCER ,1,2011-05-24 15:52:00,7.46,,United Kingdom
577711,84997C,CHILDRENS CUTLERY POLKADOT BLUE,3,2011-11-21 12:17:00,4.15,15527.0,United Kingdom
559526,47593B,SCOTTIE DOGS BABY BIB,2,2011-07-10 11:19:00,0.39,15756.0,United Kingdom
540352,84012,MAGIC SHEEP WOOL GROWING FROM PAPER,2,2011-01-06 14:27:00,1.66,,United Kingdom
554956,23207,LUNCH BAG ALPHABET DESIGN,1,2011-05-27 15:17:00,4.96,,United Kingdom
540848,90119,METALIC LEAVES BAG CHARMS,1,2011-01-12 09:26:00,2.51,,United Kingdom
550783,21187,WHITE BELL HONEYCOMB PAPER GARLAND ,12,2011-04-20 13:58:00,1.65,13485.0,United Kingdom
551893,22896,PEG BAG APPLES DESIGN,12,2011-05-05 10:07:00,2.55,17675.0,United Kingdom
538368,22532,MAGIC DRAWING SLATE LEAP FROG ,1,2010-12-12 10:57:00,0.42,15503.0,United Kingdom
567901,20700,GREEN CAT FLORAL CUSHION COVER ,1,2011-09-22 16:28:00,4.13,,United Kingdom
546182,20984,12 PENCILS TALL TUBE POSY,12,2011-03-10 10:53:00,0.85,14334.0,United Kingdom
544089,22907,PACK OF 20 NAPKINS PANTRY DESIGN,1,2011-02-15 17:51:00,1.63,,United Kingdom
560716,22749,FELTCRAFT PRINCESS CHARLOTTE DOLL,4,2011-07-20 13:26:00,3.75,17675.0,United Kingdom
565407,21889,WOODEN BOX OF DOMINOES,6,2011-09-04 11:00:00,1.25,16983.0,United Kingdom
552520,21888,BINGO SET,1,2011-05-09 16:34:00,7.46,,United Kingdom
580754,84997c,CHILDRENS CUTLERY POLKADOT BLUE,3,2011-12-06 10:05:00,8.29,,United Kingdom
560926,22090,PAPER BUNTING RETROSPOT,1,2011-07-22 09:20:00,5.79,,United Kingdom
547830,84510C,SET OF 4 POLKADOT COASTERS,2,2011-03-25 15:50:00,2.46,,United Kingdom
571909,17012F,ORIGAMI SANDLEWOOD INCENSE/CAND SET,1,2011-10-19 15:08:00,0.85,15006.0,United Kingdom
563195,85093,CANDY SPOT EGG WARMER HARE,2,2011-08-12 16:36:00,0.83,,United Kingdom
574016,21471,STRAWBERRY RAFFIA FOOD COVER,1,2011-11-02 12:04:00,3.75,18105.0,United Kingdom
574550,23127,FELTCRAFT GIRL NICOLE KIT,1,2011-11-04 15:18:00,4.95,12484.0,Spain
570884,23332,IVORY WICKER HEART LARGE,10,2011-10-13 10:09:00,1.65,17315.0,United Kingdom
541570,84991,60 TEATIME FAIRY CAKE CASES,120,2011-01-19 12:34:00,0.42,14646.0,Netherlands
538177,11001,ASSTD DESIGN RACING CAR PEN,1,2010-12-10 09:51:00,3.36,,United Kingdom
572103,22752,SET 7 BABUSHKA NESTING BOXES,1,2011-10-20 15:57:00,8.5,17571.0,United Kingdom
537237,22155,STAR DECORATION RUSTIC,6,2010-12-06 09:58:00,0.85,,United Kingdom
C546886,22423,REGENCY CAKESTAND 3 TIER,-2,2011-03-17 18:13:00,12.75,12520.0,Germany
544661,22606,WOODEN SKITTLES GARDEN SET,2,2011-02-22 13:59:00,15.95,15303.0,United Kingdom
554098,22179,SET 10 NIGHT OWL LIGHTS,2,2011-05-22 13:01:00,6.75,14769.0,United Kingdom
560434,22228,BUNNY WOODEN PAINTED WITH BIRD ,2,2011-07-18 15:56:00,0.83,,United Kingdom
539836,22713,CARD I LOVE LONDON ,12,2010-12-22 13:46:00,0.42,17894.0,United Kingdom
552364,23202,JUMBO BAG VINTAGE LEAF,10,2011-05-09 12:25:00,2.08,13004.0,United Kingdom
540359,20974,12 PENCILS SMALL TUBE SKULL,48,2011-01-06 15:29:00,0.65,18041.0,United Kingdom
552838,85099B,JUMBO BAG RED RETROSPOT,10,2011-05-11 14:24:00,2.08,15732.0,United Kingdom
558096,20836,FRENCH PAISLEY CUSHION COVER,2,2011-06-26 13:24:00,0.83,15532.0,United Kingdom
558763,35970,ZINC FOLKART SLEIGH BELLS,12,2011-07-03 13:08:00,1.69,12841.0,United Kingdom
556813,21900,"KEY FOB , SHED",1,2011-06-14 17:28:00,1.63,,United Kingdom
576179,23581,JUMBO BAG PAISLEY PARK,100,2011-11-14 11:09:00,1.75,13694.0,United Kingdom
572499,23492,VINTAGE JINGLE BELLS WREATH,2,2011-10-24 14:10:00,8.25,15786.0,United Kingdom
540834,82484,WOOD BLACK BOARD ANT WHITE FINISH,12,2011-01-11 14:50:00,5.55,14733.0,United Kingdom
551531,21912,VINTAGE SNAKES & LADDERS,4,2011-05-01 13:45:00,3.75,15376.0,United Kingdom
543466,22424,ENAMEL BREAD BIN CREAM,4,2011-02-08 14:34:00,12.75,16713.0,United Kingdom
578809,22810,SET OF 6 T-LIGHTS SNOWMEN,6,2011-11-25 13:23:00,2.95,13048.0,United Kingdom
560772,84796A,PINK HAWAIIAN PICNIC HAMPER FOR 2,4,2011-07-20 16:12:00,8.29,,United Kingdom
548388,21770,OPEN CLOSED METAL SIGN,1,2011-03-30 16:52:00,4.95,13268.0,United Kingdom
542174,22672,FRENCH BATHROOM SIGN BLUE METAL,12,2011-01-26 11:14:00,1.65,16043.0,United Kingdom
565927,22729,ALARM CLOCK BAKELIKE ORANGE,4,2011-09-08 10:08:00,3.75,,EIRE
569641,22468,BABUSHKA LIGHTS STRING OF 10,3,2011-10-05 12:27:00,6.75,12841.0,United Kingdom
553048,22090,PAPER BUNTING RETROSPOT,6,2011-05-13 10:02:00,2.95,14291.0,United Kingdom
552039,22435,SET OF 9 HEART SHAPED BALLOONS,24,2011-05-06 08:10:00,1.25,13081.0,United Kingdom
538811,22661,CHARLOTTE BAG DOLLY GIRL DESIGN,10,2010-12-14 12:22:00,0.85,13178.0,United Kingdom
550512,22296,HEART IVORY TRELLIS LARGE,1,2011-04-18 16:31:00,1.65,18069.0,United Kingdom
553547,23084,RABBIT NIGHT LIGHT,18,2011-05-17 15:48:00,2.08,12474.0,Germany
565836,85099B,JUMBO BAG RED RETROSPOT,10,2011-09-07 11:41:00,2.08,17511.0,United Kingdom
552274,85099B,JUMBO BAG RED RETROSPOT,20,2011-05-08 12:30:00,2.08,16523.0,United Kingdom
569246,22197,POPCORN HOLDER,6,2011-10-03 09:57:00,1.63,14096.0,United Kingdom
576695,71403,"PINK/WHITE ""KEEP CLEAN"" BULLET BIN",1,2011-11-16 12:25:00,2.95,16469.0,United Kingdom
553017,21212,PACK OF 72 RETROSPOT CAKE CASES,2,2011-05-12 19:01:00,0.55,12757.0,Portugal
560434,21400,RED PUDDING SPOON,1,2011-07-18 15:56:00,0.42,,United Kingdom
557850,22333,RETROSPOT PARTY BAG + STICKER SET,8,2011-06-23 10:56:00,1.65,12720.0,Germany
568185,23156,SET OF 5 MINI GROCERY MAGNETS,1,2011-09-25 14:08:00,2.08,16594.0,United Kingdom
547058,21937,STRAWBERRY   PICNIC BAG,5,2011-03-20 12:44:00,2.95,14232.0,United Kingdom
573413,20767,BLUE PAISLEY JOURNAL ,1,2011-10-30 16:12:00,2.55,15444.0,United Kingdom
565243,22713,CARD I LOVE LONDON ,12,2011-09-02 10:20:00,0.42,16735.0,United Kingdom
574839,21471,STRAWBERRY RAFFIA FOOD COVER,1,2011-11-07 11:40:00,3.75,15493.0,United Kingdom
538010,21615,4 LAVENDER BOTANICAL DINNER CANDLES,6,2010-12-09 12:20:00,3.75,17526.0,United Kingdom
551842,84978,HANGING HEART JAR T-LIGHT HOLDER,18,2011-05-04 13:52:00,1.25,16678.0,United Kingdom
576614,23217,LAUREL HEART ANTIQUE SILVER,1,2011-11-15 16:38:00,1.25,12933.0,United Kingdom
539245,22966,GINGERBREAD MAN COOKIE CUTTER,2,2010-12-16 13:25:00,1.25,,United Kingdom
554646,22212,FOUR HOOK  WHITE LOVEBIRDS,3,2011-05-25 12:39:00,2.1,17790.0,United Kingdom
566757,23376,PACK OF 12 VINTAGE CHRISTMAS TISSUE,2,2011-09-14 15:54:00,0.83,,United Kingdom
544658,21833,CAMOUFLAGE LED TORCH,2,2011-02-22 13:18:00,1.69,13113.0,United Kingdom
556726,23135,SMALL ZINC HEART WALL ORGANISER,300,2011-06-14 11:31:00,3.32,18102.0,United Kingdom
540551,21992,VINTAGE PAISLEY STATIONERY SET,8,2011-01-10 09:43:00,2.51,,United Kingdom
566979,22570,FELTCRAFT CUSHION RABBIT,4,2011-09-16 09:54:00,3.75,13141.0,United Kingdom
555474,22441,GROW YOUR OWN BASIL IN ENAMEL MUG,1,2011-06-03 12:07:00,2.1,,United Kingdom
559011,23284,DOORMAT KEEP CALM AND COME IN,4,2011-07-05 12:50:00,7.95,17049.0,United Kingdom
549023,22028,PENNY FARTHING BIRTHDAY CARD,1,2011-04-05 16:27:00,0.83,,United Kingdom
539333,22249,DECORATION WHITE CHICK MAGIC GARDEN,16,2010-12-17 09:52:00,0.85,13627.0,United Kingdom
567481,20725,LUNCH BAG RED RETROSPOT,1,2011-09-20 13:41:00,1.65,16777.0,United Kingdom
576689,22992,REVOLVER WOODEN RULER ,1,2011-11-16 12:18:00,1.95,16657.0,United Kingdom
543518,22549,PICTURE DOMINOES,144,2011-02-09 11:21:00,1.25,12753.0,Japan
540033,48138,DOORMAT UNION FLAG,1,2011-01-04 14:12:00,7.95,13680.0,United Kingdom
550320,22083,PAPER CHAIN KIT RETROSPOT,3,2011-04-17 12:37:00,2.95,12748.0,United Kingdom
574076,22076,6 RIBBONS EMPIRE  ,1,2011-11-02 15:38:00,1.25,,United Kingdom
578914,23333,IVORY WICKER HEART MEDIUM,12,2011-11-27 11:54:00,1.25,13782.0,United Kingdom
564646,84997b,CHILDRENS CUTLERY RETROSPOT RED ,3,2011-08-26 13:39:00,8.29,,United Kingdom
541596,21980,PACK OF 12 RED RETROSPOT TISSUES ,12,2011-01-19 16:19:00,0.29,17602.0,United Kingdom
580105,22737,RIBBON REEL CHRISTMAS PRESENT ,10,2011-12-01 15:24:00,1.65,17675.0,United Kingdom
544202,22197,SMALL POPCORN HOLDER,2,2011-02-17 10:29:00,1.63,,United Kingdom
576696,23571,TRADITIONAL NAUGHTS & CROSSES,10,2011-11-16 12:26:00,1.65,16669.0,United Kingdom
578844,22138,BAKING SET 9 PIECE RETROSPOT ,1,2011-11-25 16:14:00,10.79,,United Kingdom
572329,22572,ROCKING HORSE GREEN CHRISTMAS ,12,2011-10-24 10:13:00,0.85,14019.0,United Kingdom
557639,22569,FELTCRAFT CUSHION BUTTERFLY,1,2011-06-21 16:13:00,3.75,12933.0,United Kingdom
555865,22789,T-LIGHT HOLDER SWEETHEART HANGING,4,2011-06-07 14:30:00,1.95,14530.0,United Kingdom
540023,22670,FRENCH WC SIGN BLUE METAL,1,2011-01-04 12:58:00,1.25,15039.0,United Kingdom
547386,21314,SMALL GLASS HEART TRINKET POT,3,2011-03-22 15:52:00,4.13,,United Kingdom
576345,22423,REGENCY CAKESTAND 3 TIER,2,2011-11-14 15:37:00,12.75,12374.0,Austria
569545,22906,12 MESSAGE CARDS WITH ENVELOPES,1,2011-10-04 16:37:00,3.29,,United Kingdom
559163,21204,DAISIES  HONEYCOMB GARLAND ,1,2011-07-06 16:33:00,1.63,,United Kingdom
573585,22589,CARDHOLDER GINGHAM STAR,2,2011-10-31 14:41:00,4.96,,United Kingdom
553142,22939,APRON APPLE DELIGHT,1,2011-05-13 13:05:00,4.95,14527.0,United Kingdom
561860,79000,MOROCCAN TEA GLASS,12,2011-07-29 17:28:00,0.85,17997.0,United Kingdom
568894,21429,RED GINGHAM ROSE JEWELLERY BOX,2,2011-09-29 13:04:00,1.95,17528.0,United Kingdom
543098,20966,SANDWICH BATH SPONGE,20,2011-02-03 11:49:00,1.25,13102.0,United Kingdom
559980,22436,12 COLOURED PARTY BALLOONS,40,2011-07-14 11:28:00,0.65,17314.0,United Kingdom
560690,22629,SPACEBOY LUNCH BOX ,12,2011-07-20 12:00:00,1.95,16807.0,United Kingdom
554415,47566,PARTY BUNTING,8,2011-05-24 12:10:00,4.95,18202.0,United Kingdom
575739,23390,DOLLY GIRL MINI BACKPACK,1,2011-11-11 09:05:00,8.29,,United Kingdom
543826,21843,RED RETROSPOT CAKE STAND,1,2011-02-14 09:41:00,20.79,,United Kingdom
579454,84077,WORLD WAR 2 GLIDERS ASSTD DESIGNS,48,2011-11-29 14:08:00,0.29,12901.0,United Kingdom
542112,22412,METAL SIGN NEIGHBOURHOOD WITCH ,3,2011-01-25 13:55:00,2.1,13168.0,United Kingdom
560555,20984,12 PENCILS TALL TUBE POSY,2,2011-07-19 13:01:00,0.29,14178.0,United Kingdom
566913,21581,SKULLS  DESIGN  COTTON TOTE BAG,6,2011-09-15 14:07:00,2.25,17602.0,United Kingdom
563288,23245,SET OF 3 REGENCY CAKE TINS,8,2011-08-15 12:53:00,4.95,12656.0,France
553410,85123A,WHITE HANGING HEART T-LIGHT HOLDER,12,2011-05-17 09:24:00,2.95,14320.0,United Kingdom
542527,22937,BAKING MOULD CHOCOLATE CUPCAKES,12,2011-01-28 12:48:00,2.55,17188.0,United Kingdom
567530,22045,SPACEBOY GIFT WRAP,25,2011-09-21 09:33:00,0.42,12390.0,Belgium
546951,22548,HEADS AND TAILS SPORTING FUN,4,2011-03-18 11:30:00,1.25,17673.0,United Kingdom
566233,23256,CHILDRENS CUTLERY SPACEBOY ,4,2011-09-11 11:04:00,4.15,12635.0,Germany
570442,22555,PLASTERS IN TIN STRONGMAN,1,2011-10-10 14:37:00,1.65,16549.0,United Kingdom
559689,22210,WOOD STAMP SET BEST WISHES,1,2011-07-11 15:46:00,0.83,,United Kingdom
572695,22584,PACK OF 6 PANNETONE GIFT BOXES,6,2011-10-25 14:23:00,2.55,12610.0,Italy
546888,22294,HEART FILIGREE DOVE  SMALL,1,2011-03-17 18:15:00,2.46,,United Kingdom
555704,22595,GINGHAM HEART DECORATION,24,2011-06-06 15:06:00,0.85,14944.0,United Kingdom
559545,21389,IVORY HANGING DECORATION  BIRD,12,2011-07-10 14:42:00,0.85,15467.0,United Kingdom
569866,22113,GREY HEART HOT WATER BOTTLE,3,2011-10-06 14:50:00,4.25,12757.0,Portugal
580743,47591B,,1,2011-12-06 09:30:00,0.0,,United Kingdom
556574,22041,"RECORD FRAME 7"" SINGLE SIZE ",48,2011-06-13 13:41:00,2.1,16209.0,United Kingdom
572755,23310,BUBBLEGUM RING ASSORTED,36,2011-10-25 17:31:00,0.42,13601.0,United Kingdom
580399,22964,3 PIECE SPACEBOY COOKIE CUTTER SET,3,2011-12-04 11:45:00,2.1,13471.0,United Kingdom
571716,23322,LARGE WHITE HEART OF WICKER,3,2011-10-18 17:05:00,5.79,,United Kingdom
571509,22113,GREY HEART HOT WATER BOTTLE,2,2011-10-17 15:28:00,4.25,13110.0,United Kingdom
558096,22749,FELTCRAFT PRINCESS CHARLOTTE DOLL,1,2011-06-26 13:24:00,3.75,15532.0,United Kingdom
567853,23436,VINTAGE CHRISTMAS GIFT BAG LARGE ,40,2011-09-22 13:31:00,1.25,15484.0,United Kingdom
561534,22436,12 COLOURED PARTY BALLOONS,20,2011-07-28 09:45:00,0.65,14307.0,United Kingdom
564216,21121,SET/10 RED POLKADOT PARTY CANDLES,24,2011-08-24 09:23:00,1.25,12642.0,Germany
542779,21124,SET/10 BLUE POLKADOT PARTY CANDLES,24,2011-02-01 09:36:00,1.25,17147.0,United Kingdom
545349,22570,FELTCRAFT CUSHION RABBIT,1,2011-03-02 11:07:00,3.75,18118.0,United Kingdom
551282,85152,HAND OVER THE CHOCOLATE   SIGN ,3,2011-04-27 13:44:00,2.1,16919.0,United Kingdom
578041,23120,PACK OF 6 SMALL FRUIT STRAWS,4,2011-11-22 14:23:00,0.42,17338.0,United Kingdom
540798,22561,WOODEN SCHOOL COLOURING SET,12,2011-01-11 12:11:00,1.65,17365.0,United Kingdom
562807,20676,RED RETROSPOT BOWL,8,2011-08-09 14:57:00,1.25,16053.0,United Kingdom
544591,22550,HOLIDAY FUN LUDO,4,2011-02-21 15:20:00,3.75,13044.0,United Kingdom
581467,90214C,"LETTER ""C"" BLING KEY RING",1,2011-12-08 19:24:00,0.29,13077.0,United Kingdom
542629,21524,DOORMAT SPOTTY HOME SWEET HOME,10,2011-01-31 09:57:00,6.75,12731.0,France
552857,47566B,TEA TIME PARTY BUNTING,1,2011-05-11 15:34:00,10.79,,United Kingdom
578701,84832,ZINC WILLIE WINKIE  CANDLE STICK,12,2011-11-25 10:52:00,0.85,17624.0,United Kingdom
C554926,20975,12 PENCILS SMALL TUBE RED RETROSPOT,-24,2011-05-27 12:59:00,0.65,16422.0,United Kingdom
541516,20685,DOORMAT RED RETROSPOT,1,2011-01-18 17:34:00,14.13,,United Kingdom
539434,22178,VICTORIAN GLASS HANGING T-LIGHT,1,2010-12-17 14:41:00,2.51,,United Kingdom
540827,22727,ALARM CLOCK BAKELIKE RED ,1,2011-01-11 14:15:00,3.75,17569.0,United Kingdom
572318,22581,WOOD STOCKING CHRISTMAS SCANDISPOT,1,2011-10-23 16:19:00,0.85,15436.0,United Kingdom
538177,22585,PACK OF 6 BIRDY GIFT TAGS,1,2010-12-10 09:51:00,2.51,,United Kingdom
561194,21124,SET/10 BLUE POLKADOT PARTY CANDLES,24,2011-07-25 13:54:00,1.25,13814.0,Germany
565725,22593,CHRISTMAS GINGHAM STAR,12,2011-09-06 11:55:00,0.85,13949.0,United Kingdom
540415,21318,GLASS CHALICE BLUE SMALL ,3,2011-01-07 10:47:00,1.65,16889.0,United Kingdom
575477,79191B,RETRO PLASTIC POLKA TRAY,2,2011-11-09 16:14:00,1.63,,United Kingdom
557312,23208,LUNCH BAG VINTAGE LEAF DESIGN,10,2011-06-19 15:47:00,1.65,17001.0,United Kingdom
538652,20847,ZINC HEART LATTICE CHARGER LARGE,4,2010-12-13 15:12:00,3.75,17890.0,United Kingdom
579002,85034C,3 ROSE MORRIS BOXED CANDLES,4,2011-11-27 16:27:00,1.25,14093.0,United Kingdom
576876,22966,GINGERBREAD MAN COOKIE CUTTER,1,2011-11-16 16:42:00,1.25,16804.0,United Kingdom
540817,21340,CLASSIC METAL BIRDCAGE PLANT HOLDER,1,2011-01-11 12:56:00,12.75,14209.0,United Kingdom
579196,23291,DOLLY GIRL CHILDRENS CUP,2,2011-11-28 15:54:00,2.46,14096.0,United Kingdom
567656,22946,WOODEN ADVENT CALENDAR CREAM,6,2011-09-21 14:40:00,16.63,14096.0,United Kingdom
560504,22437,SET OF 9 BLACK SKULL BALLOONS,20,2011-07-19 11:47:00,0.85,13081.0,United Kingdom
563834,22293,HANGING CHICK GREEN DECORATION,24,2011-08-19 12:50:00,1.45,14401.0,United Kingdom
559051,22713,CARD I LOVE LONDON ,1,2011-07-05 16:47:00,0.83,,United Kingdom
560718,85099B,JUMBO BAG RED RETROSPOT,100,2011-07-20 13:30:00,1.79,17677.0,United Kingdom
553658,84843,WHITE SOAP RACK WITH 2 BOTTLES,2,2011-05-18 11:42:00,5.95,16818.0,United Kingdom
537057,85214,TUB 24 PINK FLOWER PEGS,12,2010-12-05 11:49:00,1.65,15351.0,United Kingdom
580633,22418,10 COLOUR SPACEBOY PEN,12,2011-12-05 12:28:00,0.85,17579.0,United Kingdom
538008,21122,SET/10 PINK POLKADOT PARTY CANDLES,24,2010-12-09 12:17:00,1.25,12683.0,France
580903,21944,KITTENS DESIGN FLANNEL,1,2011-12-06 12:56:00,0.39,14606.0,United Kingdom
569232,84375,SET OF 20 KIDS COOKIE CUTTERS,2,2011-10-02 15:26:00,2.1,16667.0,United Kingdom
579391,22539,MINI JIGSAW DOLLY GIRL,24,2011-11-29 12:07:00,0.42,14251.0,United Kingdom
559202,85032B,BLOSSOM IMAGES GIFT WRAP SET,12,2011-07-07 10:40:00,0.65,13583.0,United Kingdom
550193,82486,WOOD S/3 CABINET ANT WHITE FINISH,2,2011-04-15 09:27:00,8.95,13952.0,United Kingdom
541422,84968E,SET OF 16 VINTAGE BLACK CUTLERY,1,2011-01-17 17:48:00,8.29,,United Kingdom
577519,22086,PAPER CHAIN KIT 50'S CHRISTMAS ,14,2011-11-20 13:20:00,2.95,15044.0,United Kingdom
537865,22111,SCOTTIE DOG HOT WATER BOTTLE,3,2010-12-08 16:34:00,4.95,16011.0,United Kingdom
560385,22511,RETROSPOT BABUSHKA DOORSTOP,1,2011-07-18 12:53:00,3.75,14583.0,United Kingdom
553014,84563B,BLUE & WHITE BREAKFAST TRAY,1,2011-05-12 18:49:00,2.95,13451.0,United Kingdom
539263,22321,BIRD DECORATION RED RETROSPOT,12,2010-12-16 14:36:00,0.85,16560.0,United Kingdom
568495,21669,BLUE STRIPE CERAMIC DRAWER KNOB,12,2011-09-27 12:08:00,1.45,14755.0,United Kingdom
573897,22294,HEART FILIGREE DOVE  SMALL,6,2011-11-01 14:29:00,1.25,16729.0,United Kingdom
574700,84987,SET OF 36 TEATIME PAPER DOILIES,3,2011-11-06 13:53:00,1.45,16033.0,United Kingdom
570467,22204,MILK PAN BLUE POLKADOT,4,2011-10-10 16:06:00,3.75,12607.0,USA
537804,72130,COLUMBIAN CANDLE ROUND,12,2010-12-08 13:17:00,0.65,12748.0,United Kingdom
558105,84992,72 SWEETHEART FAIRY CAKE CASES,2,2011-06-26 14:54:00,0.55,15644.0,United Kingdom
539957,22533,MAGIC DRAWING SLATE BAKE A CAKE ,24,2010-12-23 12:58:00,0.42,12585.0,Germany
546896,21754,HOME BUILDING BLOCK WORD,2,2011-03-17 18:24:00,11.63,,United Kingdom
556082,84380,SET OF 3 BUTTERFLY COOKIE CUTTERS,1,2011-06-08 15:22:00,3.29,,United Kingdom
537042,22316,200 BENDY SKULL STRAWS,1,2010-12-05 10:45:00,1.25,13838.0,United Kingdom
542374,21868,POTTING SHED TEA MUG,12,2011-01-27 13:40:00,1.25,15696.0,United Kingdom
555368,22295,HEART FILIGREE DOVE LARGE,12,2011-06-02 14:30:00,1.65,13437.0,United Kingdom
576516,22386,JUMBO BAG PINK POLKADOT,10,2011-11-15 12:19:00,2.08,16746.0,United Kingdom
550299,22767,TRIPLE PHOTO FRAME CORNICE ,6,2011-04-15 16:46:00,9.95,17389.0,United Kingdom
568198,23426,METAL SIGN DROP YOUR PANTS,2,2011-09-25 14:52:00,2.89,16771.0,United Kingdom
575183,23245,SET OF 3 REGENCY CAKE TINS,4,2011-11-09 08:36:00,4.95,13046.0,United Kingdom
568567,22867,HAND WARMER BIRD DESIGN,1,2011-09-27 18:41:00,4.13,,United Kingdom
536544,22095,LADS ONLY TISSUE BOX,2,2010-12-01 14:32:00,2.51,,United Kingdom
570125,84991,60 TEATIME FAIRY CAKE CASES,24,2011-10-07 13:14:00,0.55,17509.0,United Kingdom
543546,22178,VICTORIAN GLASS HANGING T-LIGHT,1,2011-02-09 16:52:00,2.46,,United Kingdom
560504,22079,RIBBON REEL HEARTS DESIGN ,10,2011-07-19 11:47:00,1.65,13081.0,United Kingdom
572350,20829,GLITTER HANGING BUTTERFLY STRING,1,2011-10-24 11:33:00,2.1,15516.0,United Kingdom
549555,22209,WOOD STAMP SET HAPPY BIRTHDAY,1,2011-04-10 12:52:00,1.65,13606.0,United Kingdom
569372,22457,NATURAL SLATE HEART CHALKBOARD ,3,2011-10-03 16:04:00,5.79,,United Kingdom
557776,23035,DRAWER KNOB CERAMIC IVORY,6,2011-06-22 15:07:00,1.45,14422.0,United Kingdom
579754,21242,RED RETROSPOT PLATE ,3,2011-11-30 14:52:00,1.69,17911.0,United Kingdom
558774,22190,LOCAL CAFE MUG,1,2011-07-04 10:17:00,2.46,,United Kingdom
580115,23569,TRADTIONAL ALPHABET STAMP SET,1,2011-12-01 16:22:00,10.79,,United Kingdom
576538,23076,ICE CREAM SUNDAE LIP GLOSS,20,2011-11-15 12:42:00,1.25,14725.0,United Kingdom
559063,22432,WATERING CAN PINK BUNNY,2,2011-07-06 10:10:00,1.95,17220.0,United Kingdom
578858,23507,MINI PLAYING CARDS BUFFALO BILL ,6,2011-11-27 11:22:00,0.42,18145.0,United Kingdom
551501,22087,PAPER BUNTING WHITE LACE,40,2011-04-28 16:53:00,2.55,16422.0,United Kingdom
577473,23176,ABC TREASURE BOOK BOX ,1,2011-11-20 11:28:00,2.25,15919.0,United Kingdom
563092,23328,SET 6 SCHOOL MILK BOTTLES IN CRATE,4,2011-08-11 17:14:00,3.75,13307.0,United Kingdom
549014,20728,LUNCH BAG CARS BLUE,4,2011-04-05 15:00:00,1.65,17841.0,United Kingdom
581492,23405,HOME SWEET HOME 2 DRAWER CABINET,3,2011-12-09 10:03:00,10.79,,United Kingdom
C560825,M,Manual,-1,2011-07-21 11:23:00,367.38,,United Kingdom
562203,84380,SET OF 3 BUTTERFLY COOKIE CUTTERS,12,2011-08-03 12:50:00,1.25,16102.0,United Kingdom
545695,22193,RED DINER WALL CLOCK,1,2011-03-06 14:15:00,8.5,17050.0,United Kingdom
543237,20685,DOORMAT RED RETROSPOT,2,2011-02-04 13:39:00,16.63,,United Kingdom
563837,20711,JUMBO BAG TOYS ,10,2011-08-19 13:03:00,2.08,15078.0,United Kingdom
544565,22698,PINK REGENCY TEACUP AND SAUCER,6,2011-02-21 12:53:00,2.95,18055.0,United Kingdom
546398,22962,JAM JAR WITH PINK LID,48,2011-03-11 14:52:00,0.72,13043.0,United Kingdom
578347,22594,CHRISTMAS GINGHAM TREE,2,2011-11-24 09:26:00,1.63,,United Kingdom
555640,21700,BIG DOUGHNUT FRIDGE MAGNETS,12,2011-06-06 13:06:00,0.85,14475.0,United Kingdom
545872,85152,HAND OVER THE CHOCOLATE   SIGN ,1,2011-03-07 14:51:00,2.1,15752.0,United Kingdom
557935,22469,HEART OF WICKER SMALL,24,2011-06-23 15:26:00,1.65,13929.0,United Kingdom
561885,M,Manual,2,2011-07-31 13:13:00,4.95,15532.0,United Kingdom
549953,22366,DOORMAT AIRMAIL ,2,2011-04-13 13:15:00,7.95,12766.0,Portugal
541423,35648,VINTAGE BEAD PINK PURSE ,2,2011-01-17 17:54:00,1.63,,United Kingdom
544894,22985,"WRAP, BILLBOARD FONTS DESIGN",25,2011-02-24 12:09:00,0.42,15805.0,United Kingdom
560225,23293,SET OF 12 FAIRY CAKE BAKING CASES,1,2011-07-15 16:27:00,2.46,,United Kingdom
546133,22951,60 CAKE CASES DOLLY GIRL DESIGN,24,2011-03-09 15:20:00,0.55,14291.0,United Kingdom
567816,48187,DOORMAT NEW ENGLAND,1,2011-09-22 12:34:00,8.25,17243.0,United Kingdom
564365,23025,DRAWER KNOB VINTAGE GLASS BALL,4,2011-08-24 16:46:00,2.08,,United Kingdom
575211,21479,WHITE SKULL HOT WATER BOTTLE ,2,2011-11-09 10:39:00,4.25,17377.0,United Kingdom
574481,21990,MODERN FLORAL STATIONERY SET,1,2011-11-04 12:45:00,1.25,18022.0,United Kingdom
568346,22295,HEART FILIGREE DOVE LARGE,1,2011-09-26 15:28:00,3.29,14096.0,United Kingdom
562881,22569,FELTCRAFT CUSHION BUTTERFLY,4,2011-08-10 10:57:00,3.75,15632.0,United Kingdom
559052,22371,AIRLINE BAG VINTAGE TOKYO 78,3,2011-07-05 16:53:00,4.13,,United Kingdom
540026,21194,PINK  HONEYCOMB PAPER FAN,1,2011-01-04 13:25:00,1.66,,United Kingdom
537829,21843,RED RETROSPOT CAKE STAND,4,2010-12-08 14:46:00,10.95,15498.0,United Kingdom
546866,21354,TOAST ITS - BEST MUM,2,2011-03-17 15:47:00,1.25,14462.0,United Kingdom
571190,23203,JUMBO BAG VINTAGE DOILY ,1,2011-10-14 11:43:00,2.08,17771.0,United Kingdom
573585,22399,MAGNETS PACK OF 4 CHILDHOOD MEMORY,1,2011-10-31 14:41:00,2.46,,United Kingdom
550470,21015,DARK BIRD HOUSE TREE DECORATION,2,2011-04-18 13:49:00,1.25,,United Kingdom
569137,22695,WICKER WREATH SMALL,1,2011-09-30 14:45:00,3.29,,United Kingdom
560368,72351A,SET/6 TURQUOISE BUTTERFLY T-LIGHTS,7,2011-07-18 12:25:00,2.1,17841.0,United Kingdom
562377,22426,ENAMEL WASH BOWL CREAM,2,2011-08-04 15:04:00,3.75,14535.0,United Kingdom
565434,23550,WRAP ALPHABET POSTER  ,25,2011-09-04 13:35:00,0.42,12867.0,United Kingdom
566258,22968,ROSE COTTAGE KEEPSAKE BOX ,2,2011-09-11 12:45:00,9.95,13124.0,United Kingdom
546013,21792,CLASSIC FRENCH STYLE BASKET GREEN ,3,2011-03-08 16:38:00,6.75,16495.0,United Kingdom
548192,23127,FELTCRAFT GIRL NICOLE KIT,2,2011-03-29 15:22:00,4.95,17364.0,United Kingdom
547555,22045,SPACEBOY GIFT WRAP,25,2011-03-23 16:35:00,0.42,14075.0,United Kingdom
580107,22750,FELTCRAFT PRINCESS LOLA DOLL,4,2011-12-01 15:32:00,3.75,15948.0,United Kingdom
545430,22670,FRENCH WC SIGN BLUE METAL,12,2011-03-02 14:50:00,1.25,15636.0,United Kingdom
550636,35471D,SET OF 3 BIRD LIGHT PINK FEATHER ,2,2011-04-19 15:37:00,2.46,,United Kingdom
576864,22537,MAGIC DRAWING SLATE DINOSAUR,1,2011-11-16 16:06:00,0.42,12748.0,United Kingdom
580729,22921,HERB MARKER CHIVES ,1,2011-12-05 17:24:00,1.63,,United Kingdom
571125,22996,TRAVEL CARD WALLET VINTAGE TICKET,240,2011-10-14 09:48:00,0.42,16394.0,United Kingdom
563176,85106,CUT GLASS HEXAGON T-LIGHT HOLDER,1,2011-08-12 14:02:00,2.55,17293.0,United Kingdom
538810,84030E,ENGLISH ROSE HOT WATER BOTTLE,1,2010-12-14 12:18:00,4.25,14871.0,United Kingdom
C563894,21042,RED RETROSPOT APRON ,-1,2011-08-21 09:18:00,5.95,16330.0,United Kingdom
575930,22494,EMERGENCY FIRST AID TIN ,2,2011-11-11 17:58:00,2.46,,United Kingdom
573300,85150,LADIES & GENTLEMEN METAL SIGN,1,2011-10-28 16:10:00,2.55,16049.0,United Kingdom
537772,22813,PACK 3 BOXES BIRD PANNETONE ,1,2010-12-08 12:35:00,1.95,18043.0,United Kingdom
543507,22692,DOORMAT WELCOME TO OUR HOME,2,2011-02-09 10:49:00,7.95,15039.0,United Kingdom
560212,21713,CITRONELLA CANDLE FLOWERPOT,4,2011-07-15 14:58:00,2.1,14722.0,United Kingdom
561517,47566,PARTY BUNTING,16,2011-07-27 15:17:00,4.95,18226.0,United Kingdom
554547,23190,BUNDLE OF 3 SCHOOL EXERCISE BOOKS  ,12,2011-05-25 09:37:00,1.65,13102.0,United Kingdom
568558,22311,OFFICE MUG WARMER BLACK+SILVER ,3,2011-09-27 16:28:00,2.95,16354.0,United Kingdom
567701,22944,CHRISTMAS METAL POSTCARD WITH BELLS,72,2011-09-22 09:36:00,0.39,17172.0,United Kingdom
544910,21232,STRAWBERRY CERAMIC TRINKET BOX,12,2011-02-24 14:32:00,1.25,16072.0,United Kingdom
560225,21382,SET/4 SPRING FLOWER DECORATION,1,2011-07-15 16:27:00,1.63,,United Kingdom
542412,21535,RED RETROSPOT SMALL MILK JUG,2,2011-01-27 16:49:00,2.55,16725.0,United Kingdom
561658,23211,RED ROCKING HORSE HAND PAINTED,1,2011-07-28 16:06:00,1.25,12743.0,Unspecified
558066,84031A,CHARLIE+LOLA RED HOT WATER BOTTLE ,1,2011-06-24 15:45:00,4.13,,United Kingdom
538497,22622,BOX OF VINTAGE ALPHABET BLOCKS,1,2010-12-12 12:44:00,9.95,14684.0,United Kingdom
540520,22475,SKULL DESIGN TV DINNER TRAY,1,2011-01-09 12:31:00,4.95,17555.0,United Kingdom
541631,20685,DOORMAT RED RETROSPOT,2,2011-01-20 10:47:00,7.95,12637.0,France
550471,22993,SET OF 4 PANTRY JELLY MOULDS,3,2011-04-18 13:52:00,2.46,,United Kingdom
575661,22737,RIBBON REEL CHRISTMAS PRESENT ,4,2011-11-10 14:39:00,1.65,12617.0,France
539752,21976,PACK OF 60 MUSHROOM CAKE CASES,24,2010-12-21 15:43:00,0.55,12515.0,Italy
576274,22442,GROW YOUR OWN FLOWERS SET OF 3,1,2011-11-14 14:24:00,7.95,17793.0,United Kingdom
577480,21012,ANTIQUE ALL GLASS CANDLESTICK,2,2011-11-20 11:37:00,2.1,14525.0,United Kingdom
538165,22988,SOLDIERS EGG CUP ,72,2010-12-09 17:34:00,1.25,14031.0,United Kingdom
577078,23652,SET 10 CARD CHRISTMAS STAMPS 16963,2,2011-11-17 15:17:00,2.91,,United Kingdom
560576,22294,HEART FILIGREE DOVE  SMALL,6,2011-07-19 14:59:00,1.25,17287.0,United Kingdom
571554,21670,BLUE SPOT CERAMIC DRAWER KNOB,12,2011-10-18 09:13:00,3.29,,United Kingdom
579196,21084,SET/6 COLLAGE PAPER CUPS,1,2011-11-28 15:54:00,0.83,14096.0,United Kingdom
555722,22727,ALARM CLOCK BAKELIKE RED ,2,2011-06-06 16:06:00,7.46,,United Kingdom
572306,23196,VINTAGE LEAF MAGNETIC NOTEPAD,1,2011-10-23 15:11:00,1.45,17841.0,United Kingdom
541886,22722,SET OF 6 SPICE TINS PANTRY DESIGN,1,2011-01-24 11:21:00,3.95,15039.0,United Kingdom
564754,23028,DRAWER KNOB CRACKLE GLAZE BLUE,7,2011-08-30 10:29:00,3.29,,United Kingdom
559930,85123A,WHITE HANGING HEART T-LIGHT HOLDER,6,2011-07-14 09:22:00,2.95,17738.0,United Kingdom
548780,21199,PINK  HEART CONFETTI IN TUBE,12,2011-04-04 12:37:00,1.65,13294.0,United Kingdom
565613,21163,DO NOT TOUCH MY STUFF DOOR HANGER ,24,2011-09-05 15:19:00,0.39,13744.0,United Kingdom
556460,21212,PACK OF 72 RETROSPOT CAKE CASES,24,2011-06-12 09:56:00,0.55,14276.0,United Kingdom
573876,22076,6 RIBBONS EMPIRE  ,2,2011-11-01 12:48:00,1.65,16360.0,United Kingdom
556731,23237,SET OF 4 KNICK KNACK TINS LEAVES ,1,2011-06-14 11:41:00,4.15,18283.0,United Kingdom
568716,22881,NUMBER TILE VINTAGE FONT 2,1,2011-09-28 16:13:00,4.13,,United Kingdom
570465,22944,CHRISTMAS METAL POSTCARD WITH BELLS,6,2011-10-10 16:02:00,0.97,,United Kingdom
538566,22372,AIRLINE BAG VINTAGE WORLD CHAMPION ,1,2010-12-13 11:21:00,8.47,,United Kingdom
546652,21928,JUMBO BAG SCANDINAVIAN BLUE PAISLEY,7,2011-03-15 14:18:00,4.13,,United Kingdom
546107,85206A,CREAM FELT EASTER EGG BASKET,12,2011-03-09 12:33:00,1.65,17238.0,United Kingdom
575843,22403,MAGNETS PACK OF 4 VINTAGE LABELS ,1,2011-11-11 12:02:00,0.39,14446.0,United Kingdom
541977,20718,RED RETROSPOT SHOPPER BAG,10,2011-01-24 14:44:00,1.25,15078.0,United Kingdom
579187,23428,IVORY RETRO KITCHEN WALL CLOCK,1,2011-11-28 15:31:00,16.63,,United Kingdom
570130,23368,SET 12 COLOUR PENCILS DOLLY GIRL ,16,2011-10-07 13:40:00,0.65,12885.0,United Kingdom
558561,22625,RED KITCHEN SCALES,4,2011-06-30 13:25:00,8.5,13742.0,United Kingdom
569898,22603,CHRISTMAS RETROSPOT TREE WOOD,3,2011-10-06 16:08:00,1.63,,United Kingdom
563169,23297,SET 40 HEART SHAPE PETIT FOUR CASES,16,2011-08-12 12:42:00,1.65,14911.0,EIRE
547194,21930,JUMBO STORAGE BAG SKULLS,1,2011-03-21 12:42:00,1.95,12637.0,France
542419,22727,ALARM CLOCK BAKELIKE RED ,1,2011-01-27 17:41:00,3.75,14662.0,United Kingdom
537434,90161D,ANT COPPER PINK BOUDICCA BRACELET,2,2010-12-06 16:57:00,5.09,,United Kingdom
570225,22955,36 FOIL STAR CAKE CASES ,2,2011-10-09 13:15:00,2.1,16595.0,United Kingdom
545698,84459B,YELLOW METAL CHICKEN HEART ,1,2011-03-06 14:44:00,1.49,15572.0,United Kingdom
536943,22813,PACK 3 BOXES BIRD PANNETONE ,2,2010-12-03 12:11:00,1.95,17884.0,United Kingdom
545978,20724,RED RETROSPOT CHARLOTTE BAG,3,2011-03-08 12:19:00,0.85,13975.0,United Kingdom
562615,82580,BATHROOM METAL SIGN,10,2011-08-08 12:20:00,0.55,16458.0,United Kingdom
550521,22386,JUMBO BAG PINK POLKADOT,10,2011-04-19 09:49:00,2.08,13647.0,United Kingdom
552184,22497,SET OF 2 TINS VINTAGE BATHROOM ,4,2011-05-06 13:43:00,4.25,13741.0,United Kingdom
558862,23162,REGENCY TEA STRAINER,4,2011-07-04 12:25:00,3.75,13901.0,United Kingdom
549301,22456,NATURAL SLATE CHALKBOARD LARGE ,3,2011-04-08 08:24:00,4.95,16643.0,United Kingdom
570192,20972,PINK CREAM FELT CRAFT TRINKET BOX ,12,2011-10-07 15:26:00,1.25,17509.0,United Kingdom
546884,22331,WOODLAND PARTY BAG + STICKER SET,3,2011-03-17 18:08:00,3.29,,United Kingdom
567533,23268,SET OF 2 CERAMIC CHRISTMAS REINDEER,12,2011-09-21 09:45:00,1.45,17651.0,United Kingdom
552262,22356,CHARLOTTE BAG PINK POLKADOT,10,2011-05-08 11:37:00,0.85,14911.0,EIRE
557027,22467,GUMBALL COAT RACK,6,2011-06-16 13:24:00,2.55,12816.0,Poland
553833,21174,POTTERING IN THE SHED METAL SIGN,1,2011-05-19 11:41:00,2.08,17346.0,United Kingdom
541221,22417,PACK OF 60 SPACEBOY CAKE CASES,1,2011-01-14 14:28:00,2.08,,United Kingdom
562649,22563,HAPPY STENCIL CRAFT,1,2011-08-08 13:11:00,1.25,14606.0,United Kingdom
569669,22505,MEMO BOARD COTTAGE DESIGN,2,2011-10-05 13:47:00,4.95,14730.0,United Kingdom
545681,22168,ORGANISER WOOD ANTIQUE WHITE ,1,2011-03-06 11:28:00,8.5,16923.0,United Kingdom
547248,20677,PINK POLKADOT BOWL,2,2011-03-22 09:23:00,2.46,,United Kingdom
550750,21745,GAOLERS KEYS DECORATIVE GARDEN ,4,2011-04-20 11:45:00,3.75,13632.0,United Kingdom
581176,22907,PACK OF 20 NAPKINS PANTRY DESIGN,96,2011-12-07 15:19:00,0.72,14646.0,Netherlands
539437,22190,LOCAL CAFE MUG,2,2010-12-17 14:54:00,2.51,,United Kingdom
572568,85099C,JUMBO  BAG BAROQUE BLACK WHITE,100,2011-10-25 10:31:00,1.79,14001.0,United Kingdom
565842,22144,CHRISTMAS CRAFT LITTLE FRIENDS,12,2011-09-07 12:10:00,2.1,13808.0,United Kingdom
554512,22219,LOVEBIRD HANGING DECORATION WHITE ,2,2011-05-24 15:54:00,1.63,,United Kingdom
556630,23192,BUNDLE OF 3 ALPHABET EXERCISE BOOKS,12,2011-06-13 14:59:00,1.65,13999.0,United Kingdom
553884,23084,RABBIT NIGHT LIGHT,12,2011-05-19 15:36:00,2.08,12600.0,Germany
573311,20978,36 PENCILS TUBE SKULLS,2,2011-10-28 16:45:00,1.25,14071.0,United Kingdom
571714,23493,VINTAGE DOILY TRAVEL SEWING KIT,1,2011-10-18 17:00:00,3.29,,United Kingdom
579196,21210,SET OF 72 RETROSPOT PAPER  DOILIES,4,2011-11-28 15:54:00,2.92,14096.0,United Kingdom
573585,22756,LARGE YELLOW BABUSHKA NOTEBOOK ,5,2011-10-31 14:41:00,2.46,,United Kingdom
554546,22090,PAPER BUNTING RETROSPOT,1,2011-05-25 09:37:00,2.95,,United Kingdom
543806,79321,CHILLI LIGHTS,3,2011-02-13 12:48:00,5.75,17085.0,United Kingdom
559816,20655,QUEEN OF SKIES LUGGAGE TAG,2,2011-07-12 16:11:00,0.83,,United Kingdom
580643,85123A,WHITE HANGING HEART T-LIGHT HOLDER,6,2011-12-05 12:59:00,2.95,14547.0,United Kingdom
547444,22968,ROSE COTTAGE KEEPSAKE BOX ,2,2011-03-23 10:55:00,9.95,12811.0,Portugal
574741,84012,MAGIC SHEEP WOOL GROWING FROM PAPER,3,2011-11-06 16:13:00,0.85,15993.0,United Kingdom
571736,21822,GLITTER CHRISTMAS TREE WITH BELLS,12,2011-10-19 10:05:00,0.79,17549.0,United Kingdom
554261,23166,MEDIUM CERAMIC TOP STORAGE JAR,2,2011-05-23 12:32:00,1.25,16033.0,United Kingdom
563404,22570,FELTCRAFT CUSHION RABBIT,4,2011-08-16 11:04:00,3.75,16303.0,United Kingdom
569208,23083,SET 6 PAPER TABLE LANTERN STARS ,1,2011-10-02 11:10:00,3.75,16693.0,United Kingdom
571216,21884,CAKES AND BOWS GIFT  TAPE,1,2011-10-14 13:06:00,0.65,16081.0,United Kingdom
545713,22727,ALARM CLOCK BAKELIKE RED ,4,2011-03-07 10:11:00,8.29,,United Kingdom
562449,22666,RECIPE BOX PANTRY YELLOW DESIGN,10,2011-08-04 20:01:00,2.95,14562.0,United Kingdom
567459,23334,IVORY WICKER HEART SMALL,48,2011-09-20 12:21:00,0.63,14221.0,United Kingdom
579187,20767,BLUE PAISLEY JOURNAL ,2,2011-11-28 15:31:00,4.96,,United Kingdom
578532,85026B,EAU DE NILE JEWELLED T-LIGHT HOLDER,10,2011-11-24 14:40:00,0.85,18130.0,United Kingdom
567183,22400,MAGNETS PACK OF 4 HOME SWEET HOME,12,2011-09-18 15:32:00,0.39,14769.0,United Kingdom
571965,22627,MINT KITCHEN SCALES,1,2011-10-20 10:41:00,8.5,17238.0,United Kingdom
564230,21671,RED SPOT CERAMIC DRAWER KNOB,8,2011-08-24 10:22:00,3.29,,United Kingdom
576617,23286,BLUE VINTAGE SPOT BEAKER,1,2011-11-15 16:57:00,1.63,,United Kingdom
550500,22037,ROBOT BIRTHDAY CARD,4,2011-04-18 15:26:00,0.83,,United Kingdom
550462,20723,STRAWBERRY CHARLOTTE BAG,10,2011-04-18 13:22:00,0.85,16458.0,United Kingdom
570410,22720,SET OF 3 CAKE TINS PANTRY DESIGN ,1,2011-10-10 13:04:00,4.95,16776.0,United Kingdom
554054,23112,PARISIENNE CURIO CABINET,1,2011-05-20 15:29:00,14.96,,United Kingdom
552000,84596B,SMALL DOLLY MIX DESIGN ORANGE BOWL,1,2011-05-05 15:56:00,0.83,,United Kingdom
554275,21166,COOK WITH WINE METAL SIGN ,8,2011-05-23 13:17:00,2.08,14903.0,United Kingdom
550662,21166,COOK WITH WINE METAL SIGN ,12,2011-04-20 09:29:00,2.08,15078.0,United Kingdom
577768,22982,PANTRY PASTRY BRUSH,3,2011-11-21 15:18:00,2.46,,United Kingdom
558763,23298,SPOTTY BUNTING,4,2011-07-03 13:08:00,4.95,12841.0,United Kingdom
576052,21080,SET/20 RED RETROSPOT PAPER NAPKINS ,1,2011-11-13 14:48:00,0.85,15787.0,United Kingdom
541018,22690,DOORMAT HOME SWEET HOME BLUE ,1,2011-01-13 12:03:00,7.95,14978.0,United Kingdom
570688,23292,SPACEBOY CHILDRENS CUP,1,2011-10-11 16:29:00,2.46,,United Kingdom
548664,85212,MINI PAINTED GARDEN DECORATION ,12,2011-04-01 14:45:00,0.85,14911.0,EIRE
540646,22713,CARD I LOVE LONDON ,1,2011-01-10 14:32:00,0.85,,United Kingdom
C573929,22515,CHILDS GARDEN SPADE PINK,-2,2011-11-02 10:14:00,2.1,17811.0,United Kingdom
558475,22208,WOOD STAMP SET THANK YOU,22,2011-06-29 15:58:00,0.83,,United Kingdom
554818,22435,SET OF 9 HEART SHAPED BALLOONS,24,2011-05-26 14:09:00,1.25,13199.0,United Kingdom
543367,85099B,JUMBO BAG RED RETROSPOT,20,2011-02-07 14:33:00,1.95,18225.0,United Kingdom
578080,22574,HEART WOODEN CHRISTMAS DECORATION,12,2011-11-22 16:28:00,0.85,15634.0,United Kingdom
549274,22025,RING OF ROSES BIRTHDAY CARD,12,2011-04-07 13:07:00,0.42,12721.0,France
544292,20719,WOODLAND CHARLOTTE BAG,10,2011-02-17 12:33:00,0.85,16745.0,United Kingdom
545554,22988,,-70,2011-03-03 15:12:00,0.0,,United Kingdom
579291,84347,ROTATING SILVER ANGELS T-LIGHT HLDR,38,2011-11-29 11:21:00,5.79,,United Kingdom
553766,22753,SMALL YELLOW BABUSHKA NOTEBOOK ,2,2011-05-19 10:44:00,1.63,,United Kingdom
579196,84969,BOX OF 6 ASSORTED COLOUR TEASPOONS,1,2011-11-28 15:54:00,8.29,14096.0,United Kingdom
560426,23201,JUMBO BAG ALPHABET,10,2011-07-18 15:15:00,2.08,14038.0,United Kingdom
554090,21929,JUMBO BAG PINK VINTAGE PAISLEY,2,2011-05-22 12:22:00,2.08,17315.0,United Kingdom
557671,21055,TOOL BOX SOFT TOY ,1,2011-06-22 10:11:00,8.95,13849.0,United Kingdom
566561,23345, DOLLY GIRL BEAKER,12,2011-09-13 12:13:00,1.25,18145.0,United Kingdom
539423,22750,FELTCRAFT PRINCESS LOLA DOLL,4,2010-12-17 14:24:00,3.75,15811.0,United Kingdom
571715,23424,GINGHAM RECIPE BOOK BOX,1,2011-10-18 17:04:00,4.95,17576.0,United Kingdom
567462,23343,JUMBO BAG VINTAGE CHRISTMAS ,1,2011-09-20 12:35:00,2.08,14446.0,United Kingdom
575176,23263,SET OF 3 WOODEN HEART DECORATIONS,2,2011-11-08 18:29:00,2.46,,United Kingdom
559609,22909,SET OF 20 VINTAGE CHRISTMAS NAPKINS,36,2011-07-11 11:51:00,0.85,13754.0,United Kingdom
544789,22366,DOORMAT AIRMAIL ,2,2011-02-23 12:25:00,7.95,13993.0,United Kingdom
544681,35915C,PEACH KNITTED HEN ,2,2011-02-22 16:28:00,0.83,,United Kingdom
550955,22193,RED DINER WALL CLOCK,2,2011-04-21 16:26:00,8.5,14189.0,United Kingdom
542107,22117,METAL SIGN HER DINNER IS SERVED ,2,2011-01-25 13:38:00,2.95,16222.0,United Kingdom
543237,21930,JUMBO STORAGE BAG SKULLS,12,2011-02-04 13:39:00,4.96,,United Kingdom
549251,85030,FRENCH CHATEAU OVAL PLATTER,2,2011-04-07 12:16:00,1.95,14449.0,United Kingdom
543800,22720,SET OF 3 CAKE TINS PANTRY DESIGN ,1,2011-02-13 11:36:00,4.95,17282.0,United Kingdom
544280,22219,LOVEBIRD HANGING DECORATION WHITE ,12,2011-02-17 12:21:00,0.85,14754.0,United Kingdom
538566,22654,DELUXE SEWING KIT ,4,2010-12-13 11:21:00,11.87,,United Kingdom
548001,22451,,11,2011-03-29 10:26:00,0.0,,United Kingdom
560567,23205,CHARLOTTE BAG VINTAGE ALPHABET ,30,2011-07-19 13:57:00,2.46,,United Kingdom
556085,21936,RED RETROSPOT PICNIC BAG,1,2011-06-08 15:23:00,5.79,,United Kingdom
562104,21243,PINK  POLKADOT PLATE ,1,2011-08-02 14:31:00,3.29,,United Kingdom
567206,85014A,BLACK/BLUE POLKADOT UMBRELLA,3,2011-09-19 10:51:00,5.95,13562.0,United Kingdom
581439,23343,JUMBO BAG VINTAGE CHRISTMAS ,9,2011-12-08 16:30:00,4.13,,United Kingdom
551817,22744,MAKE YOUR OWN MONSOON CARD KIT,1,2011-05-04 11:50:00,2.95,17974.0,United Kingdom
536600,84029G,KNITTED UNION FLAG HOT WATER BOTTLE,6,2010-12-02 08:32:00,3.39,17850.0,United Kingdom
545322,22386,JUMBO BAG PINK POLKADOT,10,2011-03-01 14:56:00,1.95,13599.0,United Kingdom
576890,22734,SET OF 6 RIBBONS VINTAGE CHRISTMAS,6,2011-11-16 17:25:00,2.89,12662.0,Germany
557129,16225,RATTLE SNAKE EGGS,2,2011-06-16 19:59:00,1.25,17841.0,United Kingdom
578834,22170,PICTURE FRAME WOOD TRIPLE PORTRAIT,1,2011-11-25 15:32:00,6.75,18109.0,United Kingdom
571676,23321,SMALL WHITE HEART OF WICKER,3,2011-10-18 13:29:00,1.65,16910.0,United Kingdom
564727,21260,FIRST AID TIN,2,2011-08-28 12:31:00,3.25,16686.0,United Kingdom
555125,23203,JUMBO BAG DOILEY PATTERNS,10,2011-05-31 15:26:00,2.08,13481.0,United Kingdom
579003,23545,WRAP RED VINTAGE DOILY,25,2011-11-28 08:48:00,0.42,14741.0,United Kingdom
571917,22678,FRENCH BLUE METAL DOOR SIGN 3,10,2011-10-19 15:46:00,1.25,13078.0,United Kingdom
574076,22746,POPPY'S PLAYHOUSE LIVINGROOM ,1,2011-11-02 15:38:00,4.13,,United Kingdom
C542264,48138,DOORMAT UNION FLAG,-1,2011-01-26 17:25:00,7.95,15215.0,United Kingdom
565426,21403,BLUE EGG  SPOON,1,2011-09-04 12:41:00,0.12,12851.0,United Kingdom
554960,22502,PICNIC BASKET WICKER SMALL,2,2011-05-27 15:18:00,10.79,,United Kingdom
571653,21675,BUTTERFLIES STICKERS,36,2011-10-18 12:17:00,0.72,14298.0,United Kingdom
549443,84836,ZINC METAL HEART DECORATION,12,2011-04-08 12:56:00,1.25,15775.0,United Kingdom
572549,22208,WOOD STAMP SET THANK YOU,1,2011-10-24 17:03:00,3.29,,United Kingdom
563016,85049E,SCANDINAVIAN REDS RIBBONS,12,2011-08-11 12:44:00,1.25,15358.0,United Kingdom
541220,22551,PLASTERS IN TIN SPACEBOY,192,2011-01-14 14:11:00,1.45,14156.0,EIRE
569700,21068,VINTAGE BILLBOARD LOVE/HATE MUG,1,2011-10-05 15:56:00,2.46,,United Kingdom
C570867,21124,SET/10 BLUE POLKADOT PARTY CANDLES,-24,2011-10-12 16:17:00,1.25,12607.0,USA
568471,23418,LAVENDER TOILETTE BOTTLE,48,2011-09-27 11:49:00,1.79,17805.0,United Kingdom
550488,20718,RED RETROSPOT SHOPPER BAG,3,2011-04-18 14:27:00,1.25,16729.0,United Kingdom
539453,47593B,SCOTTIE DOGS BABY BIB,5,2010-12-17 17:08:00,0.85,,United Kingdom
557639,22554,PLASTERS IN TIN WOODLAND ANIMALS,10,2011-06-21 16:13:00,1.65,12933.0,United Kingdom
560567,20966,SANDWICH BATH SPONGE,1,2011-07-19 13:57:00,2.46,,United Kingdom
562553,85071C,"CHARLIE+LOLA""EXTREMELY BUSY"" SIGN",1,2011-08-05 16:34:00,4.96,,United Kingdom
573492,82011C,BATHROOM SCALES FOOTPRINTS IN SAND,1,2011-10-31 11:57:00,3.75,13544.0,United Kingdom
574034,23321,SMALL WHITE HEART OF WICKER,1,2011-11-02 12:45:00,1.65,17841.0,United Kingdom
560090,23031,DRAWER KNOB CRACKLE GLAZE PINK,1,2011-07-14 16:46:00,3.29,,United Kingdom
555510,22414,DOORMAT NEIGHBOURHOOD WITCH ,1,2011-06-03 17:09:00,15.79,,United Kingdom
549525,22978,PANTRY ROLLING PIN,1,2011-04-08 15:44:00,7.46,,United Kingdom
544313,72351A,SET/6 TURQUOISE BUTTERFLY T-LIGHTS,8,2011-02-17 14:36:00,2.1,14099.0,United Kingdom
562024,21936,RED RETROSPOT PICNIC BAG,2,2011-08-01 16:07:00,5.79,,United Kingdom
560018,21086,SET/6 RED SPOTTY PAPER CUPS,2,2011-07-14 12:52:00,0.65,15987.0,United Kingdom
559132,21791,VINTAGE HEADS AND TAILS CARD GAME ,1,2011-07-06 13:06:00,1.25,15053.0,United Kingdom
571628,23275,SET OF 3 HANGING OWLS OLLIE BEAK,12,2011-10-18 11:13:00,1.25,15311.0,United Kingdom
540350,21156,RETROSPOT CHILDRENS APRON,2,2011-01-06 14:14:00,1.95,18283.0,United Kingdom
572668,22568,FELTCRAFT CUSHION OWL,1,2011-10-25 13:07:00,3.75,18045.0,United Kingdom
545166,22081,RIBBON REEL FLORA + FAUNA ,5,2011-02-28 14:03:00,1.65,17027.0,United Kingdom
539255,22422,TOOTHPASTE TUBE PEN,12,2010-12-16 14:26:00,0.65,16316.0,United Kingdom
551417,22568,FELTCRAFT CUSHION OWL,4,2011-04-28 13:41:00,3.75,15632.0,United Kingdom
572096,22186,RED STAR CARD HOLDER,5,2011-10-20 15:20:00,1.95,16813.0,United Kingdom
566932,23247,BISCUIT TIN 50'S CHRISTMAS,1,2011-09-15 15:29:00,2.89,17576.0,United Kingdom
568894,22500,SET OF 2 TINS JARDIN DE PROVENCE,2,2011-09-29 13:04:00,4.95,17528.0,United Kingdom
556734,22844,VINTAGE CREAM DOG FOOD CONTAINER,2,2011-06-14 12:00:00,8.5,13476.0,United Kingdom
559816,21864,UNION JACK FLAG PASSPORT COVER ,2,2011-07-12 16:11:00,1.63,,United Kingdom
536876,22963,JAM JAR WITH GREEN LID,5,2010-12-03 11:36:00,1.66,,United Kingdom
553385,23003,TRAVEL CARD WALLET VINTAGE ROSE ,5,2011-05-16 15:53:00,0.42,16710.0,United Kingdom
570197,23184,BULL DOG BOTTLE OPENER,3,2011-10-07 15:45:00,4.95,13755.0,United Kingdom
550320,22890,NOVELTY BISCUITS CAKE STAND 3 TIER,1,2011-04-17 12:37:00,9.95,12748.0,United Kingdom
561513,21975,PACK OF 60 DINOSAUR CAKE CASES,1,2011-07-27 15:12:00,1.25,,United Kingdom
541883,22652,TRAVEL SEWING KIT,20,2011-01-24 10:56:00,1.65,13408.0,United Kingdom
559051,22355,CHARLOTTE BAG SUKI DESIGN,1,2011-07-05 16:47:00,1.63,,United Kingdom
574046,22993,SET OF 4 PANTRY JELLY MOULDS,2,2011-11-02 13:19:00,1.25,15743.0,United Kingdom
575333,16169E,WRAP 50'S  CHRISTMAS,50,2011-11-09 13:54:00,0.42,13209.0,United Kingdom
572758,90129E,PURPLE GLASS TASSLE BAG CHARM,1,2011-10-25 18:39:00,1.63,,United Kingdom
560240,22523,CHILDS GARDEN FORK PINK,2,2011-07-17 11:59:00,0.85,15716.0,United Kingdom
580730,22722,SET OF 6 SPICE TINS PANTRY DESIGN,2,2011-12-05 17:28:00,8.29,,United Kingdom
562539,21123,SET/10 IVORY POLKADOT PARTY CANDLES,4,2011-08-05 15:30:00,1.25,17220.0,United Kingdom
579459,21108,FAIRY CAKE FLANNEL ASSORTED COLOUR,27,2011-11-29 14:38:00,2.1,17173.0,United Kingdom
559525,22699,ROSES REGENCY TEACUP AND SAUCER ,10,2011-07-10 10:30:00,2.95,16923.0,United Kingdom
556768,82483,WOOD 2 DRAWER CABINET WHITE FINISH,2,2011-06-14 12:21:00,6.95,17243.0,United Kingdom
555527,22487,WHITE WOOD GARDEN PLANT LADDER,1,2011-06-05 11:44:00,9.95,14364.0,United Kingdom
579430,22279,POCKET BAG BLUE PAISLEY RED SPOT,1,2011-11-29 13:06:00,1.25,12748.0,United Kingdom
580983,21452,TOADSTOOL MONEY BOX,1,2011-12-06 16:26:00,5.79,,United Kingdom
538880,22383,LUNCH BAG SUKI  DESIGN ,1,2010-12-14 15:52:00,5.06,,United Kingdom
578541,23203,JUMBO BAG VINTAGE DOILY ,5,2011-11-24 15:01:00,2.08,14277.0,France
559550,22677,FRENCH BLUE METAL DOOR SIGN 2,1,2011-07-10 15:38:00,1.25,17757.0,United Kingdom
541987,21706,FOLDING UMBRELLA RED/WHITE POLKADOT,2,2011-01-24 16:05:00,4.95,14130.0,United Kingdom
545682,22999,TRAVEL CARD WALLET RETRO PETALS,2,2011-03-06 11:39:00,0.42,14701.0,United Kingdom
539826,22169,FAMILY ALBUM WHITE PICTURE FRAME,2,2010-12-22 12:39:00,8.5,15044.0,United Kingdom
543189,22432,WATERING CAN PINK BUNNY,6,2011-02-04 11:48:00,1.95,17517.0,United Kingdom
546306,37479P,CUBIC MUG FLOCK PINK ON BROWN,1,2011-03-10 16:16:00,5.79,,United Kingdom
543555,22192,BLUE DINER WALL CLOCK,2,2011-02-10 10:18:00,8.5,17686.0,United Kingdom
561095,16161P,WRAP ENGLISH ROSE ,25,2011-07-25 10:19:00,0.42,17040.0,United Kingdom
543530,84832,ZINC WILLIE WINKIE  CANDLE STICK,1,2011-02-09 12:46:00,1.63,,United Kingdom
570178,23209,LUNCH BAG VINTAGE DOILY ,10,2011-10-07 14:23:00,1.65,16558.0,United Kingdom
544202,82581,TOILET METAL SIGN,1,2011-02-17 10:29:00,1.25,,United Kingdom
571716,35967,FOLK ART METAL STAR T-LIGHT HOLDER,2,2011-10-18 17:05:00,0.83,,United Kingdom
549577,22820,GIFT BAG BIRTHDAY,12,2011-04-11 08:16:00,0.65,14286.0,United Kingdom
577531,71053,WHITE MOROCCAN METAL LANTERN,1,2011-11-20 13:58:00,8.29,,United Kingdom
549741,22383,LUNCH BAG SUKI DESIGN ,10,2011-04-12 09:53:00,1.65,13655.0,United Kingdom
573245,23301,GARDENERS KNEELING PAD KEEP CALM ,1,2011-10-28 12:08:00,1.65,17841.0,United Kingdom
538522,84946,ANTIQUE SILVER TEA GLASS ETCHED,72,2010-12-13 09:09:00,1.06,16210.0,United Kingdom
564756,22164,STRING OF STARS CARD HOLDER,5,2011-08-30 10:33:00,5.79,,United Kingdom
544573,22961,JAM MAKING SET PRINTED,24,2011-02-21 13:40:00,1.45,12621.0,Germany
569866,22602,RETROSPOT WOODEN HEART DECORATION,1,2011-10-06 14:50:00,0.85,12757.0,Portugal
542419,21484,CHICK GREY HOT WATER BOTTLE,1,2011-01-27 17:41:00,3.45,14662.0,United Kingdom
545713,22377,BOTTLE BAG RETROSPOT ,1,2011-03-07 10:11:00,4.13,,United Kingdom
547837,20970,PINK FLORAL FELTCRAFT SHOULDER BAG,2,2011-03-27 10:26:00,3.75,17243.0,United Kingdom
572550,23564,EGG CUP MILKMAID INGRID,2,2011-10-24 17:06:00,2.46,,United Kingdom
567186,22437,SET OF 9 BLACK SKULL BALLOONS,1,2011-09-18 16:04:00,0.85,17073.0,United Kingdom
561870,84818,DANISH ROSE PHOTO FRAME,24,2011-07-31 11:45:00,0.79,14911.0,EIRE
576339,21137,BLACK RECORD COVER FRAME,1,2011-11-14 15:27:00,7.46,14096.0,United Kingdom
571508,22173,METAL 4 HOOK HANGER FRENCH CHATEAU,1,2011-10-17 15:27:00,5.79,,United Kingdom
550899,20719,WOODLAND CHARLOTTE BAG,10,2011-04-21 12:07:00,0.85,13505.0,Switzerland
538566,22601,CHRISTMAS RETROSPOT ANGEL WOOD,1,2010-12-13 11:21:00,1.66,,United Kingdom
572045,22835,HOT WATER BOTTLE I AM SO POORLY,1,2011-10-20 12:11:00,4.95,14527.0,United Kingdom
561094,21680,WOODLAND  STICKERS,12,2011-07-25 10:04:00,0.85,12474.0,Germany
549557,21900,"KEY FOB , SHED",1,2011-04-10 12:59:00,0.65,14450.0,United Kingdom
570442,21576,LETS GO SHOPPING COTTON TOTE BAG,2,2011-10-10 14:37:00,2.25,16549.0,United Kingdom
543648,21456,2 PICTURE BOOK EGGS EASTER CHICKS,12,2011-02-11 08:45:00,1.25,15114.0,United Kingdom
570187,84596G,SMALL CHOCOLATES PINK BOWL,1,2011-10-07 15:09:00,0.83,,United Kingdom
572703,22130,PARTY CONE CHRISTMAS DECORATION ,6,2011-10-25 14:35:00,0.85,16110.0,United Kingdom
581336,22138,BAKING SET 9 PIECE RETROSPOT ,3,2011-12-08 12:10:00,4.95,16161.0,United Kingdom
574664,82583,HOT BATHS METAL SIGN,12,2011-11-06 12:07:00,2.1,14482.0,United Kingdom
554102,22111,SCOTTIE DOG HOT WATER BOTTLE,2,2011-05-22 13:40:00,4.95,14647.0,United Kingdom
572280,23148,MINIATURE ANTIQUE ROSE HOOK IVORY,12,2011-10-23 11:05:00,0.83,16007.0,United Kingdom
564747,23090,VINTAGE GLASS T-LIGHT HOLDER,12,2011-08-28 16:09:00,0.83,14869.0,United Kingdom
567660,22942,CHRISTMAS LIGHTS 10 SANTAS ,2,2011-09-21 15:02:00,8.5,17731.0,United Kingdom
537818,20685,DOORMAT RED RETROSPOT,2,2010-12-08 13:53:00,7.95,12766.0,Portugal
564725,22361,GLASS JAR DAISY FRESH COTTON WOOL,1,2011-08-28 12:28:00,2.95,18041.0,United Kingdom
559107,21212,PACK OF 72 RETROSPOT CAKE CASES,1,2011-07-06 11:22:00,0.55,15334.0,United Kingdom
572035,23389,SPACEBOY MINI BACKPACK,100,2011-10-20 12:03:00,3.75,14646.0,Netherlands
540031,21754,HOME BUILDING BLOCK WORD,18,2011-01-04 13:50:00,5.45,17975.0,United Kingdom
539451,20932,PINK POT PLANT CANDLE,2,2010-12-17 16:59:00,7.62,,United Kingdom
566317,22950,36 DOILIES VINTAGE CHRISTMAS,12,2011-09-12 10:19:00,1.45,13375.0,United Kingdom
546136,22421,LIPSTICK PEN FUSCHIA,1,2011-03-09 16:32:00,0.83,,United Kingdom
564174,20723,STRAWBERRY CHARLOTTE BAG,10,2011-08-23 14:25:00,0.85,14191.0,United Kingdom
555515,23082,SET 6 PAPER TABLE LANTERN HEARTS ,2,2011-06-05 10:47:00,3.75,17690.0,United Kingdom
563030,84879,ASSORTED COLOUR BIRD ORNAMENT,16,2011-08-11 14:36:00,1.69,14834.0,United Kingdom
574287,21809,CHRISTMAS HANGING TREE WITH BELL,1,2011-11-03 15:09:00,0.39,14723.0,United Kingdom
554487,21864,UNION JACK FLAG PASSPORT COVER ,1,2011-05-24 13:27:00,2.1,16919.0,United Kingdom
563571,85014A,BLACK/BLUE POLKADOT UMBRELLA,1,2011-08-17 14:58:00,5.95,15541.0,United Kingdom
580983,85179C,PINK BITTY LIGHT CHAIN,2,2011-12-06 16:26:00,2.46,,United Kingdom
578108,22690,DOORMAT HOME SWEET HOME BLUE ,4,2011-11-23 09:20:00,8.25,14912.0,Italy
571545,84945,MULTI COLOUR SILVER T-LIGHT HOLDER,4,2011-10-17 16:59:00,0.85,,United Kingdom
C563537,M,Manual,-1,2011-08-17 11:40:00,793.32,,United Kingdom
550518,20724,RED RETROSPOT CHARLOTTE BAG,10,2011-04-19 08:55:00,0.85,16628.0,United Kingdom
580395,21485,RETROSPOT HEART HOT WATER BOTTLE,12,2011-12-04 10:56:00,4.95,17629.0,United Kingdom
561217,22969,HOMEMADE JAM SCENTED CANDLES,2,2011-07-25 17:09:00,3.29,,United Kingdom
539374,22617,BAKING SET SPACEBOY DESIGN,3,2010-12-17 11:40:00,4.95,14769.0,United Kingdom
540691,22467,GUMBALL COAT RACK,12,2011-01-11 08:50:00,2.65,17450.0,United Kingdom
569257,23406,HOME SWEET HOME KEY HOLDER,16,2011-10-03 11:24:00,4.15,18102.0,United Kingdom
573343,23581,JUMBO BAG PAISLEY PARK,2,2011-10-30 11:59:00,2.08,13566.0,United Kingdom
563847,22558,CLOTHES PEGS RETROSPOT PACK 24 ,12,2011-08-19 14:49:00,1.65,16139.0,United Kingdom
580559,21181,PLEASE ONE PERSON METAL SIGN,12,2011-12-05 10:24:00,2.1,15628.0,United Kingdom
574700,22285,HANGING HEN ON NEST DECORATION,4,2011-11-06 13:53:00,1.65,16033.0,United Kingdom
569372,22771,CLEAR DRAWER KNOB ACRYLIC EDWARDIAN,8,2011-10-03 16:04:00,2.46,,United Kingdom
567170,21731,RED TOADSTOOL LED NIGHT LIGHT,2,2011-09-18 12:40:00,1.65,13566.0,United Kingdom
555383,21770,OPEN CLOSED METAL SIGN,1,2011-06-02 15:13:00,4.95,12517.0,Germany
573142,21617,4 LILY  BOTANICAL DINNER CANDLES,36,2011-10-27 17:48:00,1.25,18035.0,United Kingdom
546007,48194,DOORMAT HEARTS,2,2011-03-08 15:34:00,15.79,,United Kingdom
567907,23159,SET OF 5 PANCAKE DAY MAGNETS,24,2011-09-22 16:48:00,2.08,18172.0,United Kingdom
553190,21868,POTTING SHED TEA MUG,2,2011-05-15 13:14:00,1.25,15164.0,United Kingdom
577318,23356,LOVE HOT WATER BOTTLE,9,2011-11-18 13:42:00,5.95,17675.0,United Kingdom
536538,22573,STAR WOODEN CHRISTMAS DECORATION,10,2010-12-01 13:54:00,0.85,14594.0,United Kingdom
569897,82583,HOT BATHS METAL SIGN,2,2011-10-06 16:01:00,2.1,17813.0,United Kingdom
563956,22383,LUNCH BAG SUKI DESIGN ,10,2011-08-22 11:03:00,1.65,14282.0,United Kingdom
549681,22348,TEA BAG PLATE RED RETROSPOT,24,2011-04-11 13:19:00,0.85,13881.0,United Kingdom
579470,21871,SAVE THE PLANET MUG,1,2011-11-29 15:06:00,1.65,16549.0,United Kingdom
578844,21485,RETROSPOT HEART HOT WATER BOTTLE,2,2011-11-25 16:14:00,10.79,,United Kingdom
576611,84596F,SMALL MARSHMALLOWS PINK BOWL,4,2011-11-15 16:29:00,0.42,17357.0,United Kingdom
573415,22561,WOODEN SCHOOL COLOURING SET,3,2011-10-30 16:17:00,1.65,13607.0,United Kingdom
550327,85114C,RED ENCHANTED FOREST PLACEMAT,6,2011-04-17 13:07:00,1.65,12878.0,United Kingdom
549711,21878,PACK OF 6 SANDCASTLE FLAGS ASSORTED,24,2011-04-11 14:07:00,0.85,13654.0,United Kingdom
551339,21561,DINOSAUR LUNCH BOX WITH CUTLERY,1,2011-04-27 17:18:00,4.96,,United Kingdom
550470,84531B,BLUE KNITTED EGG COSY,2,2011-04-18 13:49:00,0.39,,United Kingdom
553141,21121,SET/10 RED POLKADOT PARTY CANDLES,1,2011-05-13 13:01:00,1.25,15907.0,United Kingdom
575491,21756,BATH BUILDING BLOCK WORD,2,2011-11-09 17:47:00,6.25,15531.0,United Kingdom
538566,22834,HAND WARMER BABUSHKA DESIGN,2,2010-12-13 11:21:00,4.21,,United Kingdom
C554689,22644,CERAMIC CHERRY CAKE MONEY BANK,-1,2011-05-25 16:51:00,1.45,15027.0,United Kingdom
576339,22086,PAPER CHAIN KIT 50'S CHRISTMAS ,28,2011-11-14 15:27:00,5.79,14096.0,United Kingdom
543099,22727,ALARM CLOCK BAKELIKE RED ,50,2011-02-03 12:00:00,3.39,16684.0,United Kingdom
566590,22659,LUNCH BOX I LOVE LONDON,12,2011-09-13 14:51:00,1.95,14032.0,United Kingdom
539750,20960,WATERMELON BATH SPONGE,7,2010-12-21 15:40:00,2.51,,United Kingdom
577347,22578,WOODEN STAR CHRISTMAS SCANDINAVIAN,24,2011-11-18 15:27:00,0.29,13960.0,United Kingdom
540977,22384,LUNCH BAG PINK POLKADOT,1,2011-01-12 15:01:00,4.21,,United Kingdom
574837,22588,CARD HOLDER GINGHAM HEART,6,2011-11-07 11:33:00,2.89,15785.0,United Kingdom
575939,22187,GREEN CHRISTMAS TREE CARD HOLDER,12,2011-11-13 11:37:00,1.95,13004.0,United Kingdom
581219,23269,SET OF 2 CERAMIC CHRISTMAS TREES,2,2011-12-08 09:28:00,2.92,,United Kingdom
536876,22882,NUMBER TILE VINTAGE FONT 3,1,2010-12-03 11:36:00,4.21,,United Kingdom
560580,23208,LUNCH BAG VINTAGE LEAF DESIGN,30,2011-07-19 15:23:00,1.45,14088.0,United Kingdom
556107,20712,JUMBO BAG WOODLAND ANIMALS,1,2011-06-08 17:09:00,2.08,17360.0,United Kingdom
563691,21813,GARLAND WITH STARS AND BELLS,6,2011-08-18 12:53:00,4.95,13668.0,United Kingdom
577358,21358,TOAST ITS - HAPPY BIRTHDAY,2,2011-11-18 15:59:00,0.83,,United Kingdom
546860,84946,ANTIQUE SILVER TEA GLASS ETCHED,48,2011-03-17 14:47:00,1.25,18198.0,United Kingdom
550541,23182,TOILET SIGN OCCUPIED OR VACANT,1,2011-04-19 11:33:00,2.46,,United Kingdom
549099,23184,BULL DOG BOTTLE OPENER,1,2011-04-06 11:07:00,4.95,16241.0,United Kingdom
566019,72807C,SET/3 VANILLA SCENTED CANDLE IN BOX,5,2011-09-08 12:44:00,4.25,17243.0,United Kingdom
570210,21172,PARTY METAL SIGN ,1,2011-10-09 10:48:00,1.45,13259.0,United Kingdom
546742,85194L,HANGING SPRING FLOWER EGG LARGE,36,2011-03-16 12:26:00,0.85,12849.0,United Kingdom
539590,21755,LOVE BUILDING BLOCK WORD,3,2010-12-20 13:21:00,5.95,14733.0,United Kingdom
570673,23323,WHITE WICKER STAR ,24,2011-10-11 14:54:00,2.1,15351.0,United Kingdom
559055,23202,JUMBO BAG VINTAGE LEAF,1,2011-07-05 17:09:00,4.13,,United Kingdom
578833,21430,SET/3 RED GINGHAM ROSE STORAGE BOX,2,2011-11-25 15:23:00,7.46,,United Kingdom
562353,21929,JUMBO BAG PINK VINTAGE PAISLEY,100,2011-08-04 13:15:00,1.79,16180.0,United Kingdom
540183,84077,WORLD WAR 2 GLIDERS ASSTD DESIGNS,288,2011-01-05 13:37:00,0.21,15093.0,United Kingdom
567662,22746,POPPY'S PLAYHOUSE LIVINGROOM ,6,2011-09-21 15:12:00,2.1,17758.0,United Kingdom
562211,22268,DECORATION SITTING BUNNY,48,2011-08-03 13:22:00,0.19,17429.0,United Kingdom
568346,21706,FOLDING UMBRELLA RED/WHITE POLKADOT,2,2011-09-26 15:28:00,9.96,14096.0,United Kingdom
546922,85059,FRENCH ENAMEL WATER BASIN,4,2011-03-18 09:59:00,3.75,14110.0,United Kingdom
556933,22783,,2,2011-06-15 15:42:00,0.0,,United Kingdom
557039,23031,DRAWER KNOB CRACKLE GLAZE PINK,18,2011-06-16 13:57:00,1.65,16814.0,United Kingdom
541827,85169C,EAU DE NIL LOVE BIRD CANDLE,6,2011-01-21 17:05:00,0.83,,United Kingdom
536876,84661B,BLACK SQUARE TABLE CLOCK,1,2010-12-03 11:36:00,5.06,,United Kingdom
580611,22908,PACK OF 20 NAPKINS RED APPLES,1,2011-12-05 11:49:00,0.85,12748.0,United Kingdom
550517,15036,ASSORTED COLOURS SILK FAN,24,2011-04-19 08:17:00,0.83,14352.0,United Kingdom
568716,22337,ANGEL DECORATION PAINTED ZINC ,1,2011-09-28 16:13:00,0.63,,United Kingdom
546624,22076,6 RIBBONS EMPIRE  ,24,2011-03-15 11:38:00,1.65,14193.0,United Kingdom
581253,85123A,WHITE HANGING HEART T-LIGHT HOLDER,2,2011-12-08 11:15:00,2.95,16891.0,United Kingdom
579508,21981,PACK OF 12 WOODLAND TISSUES ,5,2011-11-29 16:33:00,0.83,,United Kingdom
554958,85152,HAND OVER THE CHOCOLATE   SIGN ,1,2011-05-27 15:17:00,4.13,,United Kingdom
575691,23104,IVORY CAFE HANGING LAMP ,3,2011-11-10 16:21:00,12.5,14180.0,United Kingdom
563734,23307,SET OF 60 PANTRY DESIGN CAKE CASES ,24,2011-08-18 18:11:00,0.55,14064.0,United Kingdom
563201,82494L,WOODEN FRAME ANTIQUE WHITE ,1,2011-08-14 10:52:00,2.95,13838.0,United Kingdom
567901,21813,GARLAND WITH STARS AND BELLS,3,2011-09-22 16:28:00,3.29,,United Kingdom
538524,90129E,PURPLE GLASS TASSLE BAG CHARM,7,2010-12-13 09:35:00,1.66,,United Kingdom
563376,21929,JUMBO BAG PINK VINTAGE PAISLEY,5,2011-08-16 10:36:00,2.08,15752.0,United Kingdom
576618,22583,PACK OF 6 HANDBAG GIFT BOXES,1,2011-11-15 17:00:00,4.96,,United Kingdom
544193,20724,RED RETROSPOT CHARLOTTE BAG,10,2011-02-17 08:23:00,0.85,12431.0,Belgium
C542092,22663,JUMBO BAG DOLLY GIRL DESIGN,-1,2011-01-25 12:45:00,1.95,14389.0,United Kingdom
553931,21912,VINTAGE SNAKES & LADDERS,4,2011-05-20 10:27:00,3.75,14911.0,EIRE
553220,22721,SET OF 3 CAKE TINS SKETCHBOOK,3,2011-05-16 09:57:00,4.95,13319.0,United Kingdom
554694,23206,LUNCH BAG APPLE DESIGN,2,2011-05-25 17:06:00,4.13,,United Kingdom
576618,84596B,SMALL DOLLY MIX DESIGN ORANGE BOWL,2,2011-11-15 17:00:00,0.83,,United Kingdom
567180,23119,PACK OF 6 LARGE FRUIT STRAWS ,2,2011-09-18 14:56:00,0.62,17802.0,United Kingdom
558777,21226,POCKET MIRROR WOODLAND,2,2011-07-04 10:23:00,0.83,,United Kingdom
546136,21901,"KEY FOB , BACK DOOR ",1,2011-03-09 16:32:00,1.63,,United Kingdom
572282,22324,BLUE POLKADOT KIDS BAG,2,2011-10-23 11:39:00,1.95,17634.0,United Kingdom
537666,22587,FELTCRAFT HAIRBAND RED AND BLUE,1,2010-12-07 18:36:00,1.66,,United Kingdom
565401,22900,SET 2 TEA TOWELS I LOVE LONDON ,1,2011-09-02 17:38:00,3.25,16686.0,United Kingdom
559338,21135,VICTORIAN  METAL POSTCARD SPRING,8,2011-07-07 16:30:00,1.04,,United Kingdom
577402,21523,DOORMAT FANCY FONT HOME SWEET HOME,10,2011-11-20 10:11:00,7.08,15465.0,United Kingdom
567912,22558,CLOTHES PEGS RETROSPOT PACK 24 ,3,2011-09-22 17:07:00,1.65,15555.0,United Kingdom
580441,21257,VICTORIAN SEWING BOX MEDIUM,2,2011-12-04 12:18:00,7.95,13808.0,United Kingdom
556507,23053,RECYCLED ACAPULCO MAT PINK,4,2011-06-13 09:55:00,8.25,12567.0,France
578541,21428,SET3 BOOK BOX GREEN GINGHAM FLOWER ,3,2011-11-24 15:01:00,4.25,14277.0,France
566024,23202,JUMBO BAG VINTAGE LEAF,10,2011-09-08 12:51:00,2.08,13871.0,United Kingdom
562264,82484,WOOD BLACK BOARD ANT WHITE FINISH,1,2011-08-03 16:14:00,16.63,,United Kingdom
537666,22379,RECYCLING BAG RETROSPOT ,4,2010-12-07 18:36:00,4.21,,United Kingdom
550331,22249,DECORATION WHITE CHICK MAGIC GARDEN,1,2011-04-17 13:43:00,0.85,15555.0,United Kingdom
562427,22835,HOT WATER BOTTLE I AM SO POORLY,1,2011-08-04 17:19:00,4.65,17267.0,United Kingdom
573343,23154,SET OF 4 JAM JAR MAGNETS,2,2011-10-30 11:59:00,2.08,13566.0,United Kingdom
577174,22517,CHILDS GARDEN RAKE PINK,1,2011-11-18 10:58:00,2.1,17841.0,United Kingdom
576228,17003,BROCADE RING PURSE ,36,2011-11-14 13:12:00,0.39,15033.0,United Kingdom
542538,22302,COFFEE MUG PEARS  DESIGN,6,2011-01-28 13:54:00,2.55,15079.0,United Kingdom
566060,22713,CARD I LOVE LONDON ,1,2011-09-08 15:27:00,0.83,,United Kingdom
566913,22555,PLASTERS IN TIN STRONGMAN,2,2011-09-15 14:07:00,1.65,17602.0,United Kingdom
552563,22426,ENAMEL WASH BOWL CREAM,16,2011-05-10 11:54:00,2.95,17597.0,United Kingdom
580771,22068,BLACK PIRATE TREASURE CHEST,6,2011-12-06 10:58:00,0.39,16015.0,United Kingdom
540026,90200D,PINK SWEETHEART BRACELET,1,2011-01-04 13:25:00,4.24,,United Kingdom
569037,23240,SET OF 4 KNICK KNACK TINS DOILY ,2,2011-09-30 10:45:00,4.15,13263.0,United Kingdom
555734,20717,STRAWBERRY SHOPPER BAG,10,2011-06-07 08:21:00,1.25,17696.0,United Kingdom
558877,84510C,SET OF 4 POLKADOT COASTERS,1,2011-07-04 13:50:00,1.25,17841.0,United Kingdom
537240,22285,"DECORATION HEN ON NEST, HANGING",1,2010-12-06 10:08:00,3.36,,United Kingdom
566027,22138,BAKING SET 9 PIECE RETROSPOT ,3,2011-09-08 12:57:00,4.95,15618.0,United Kingdom
564857,20669,RED HEART LUGGAGE TAG,1,2011-08-31 09:23:00,2.46,,United Kingdom
577511,23103,JINGLE BELL HEART DECORATION,3,2011-11-20 12:53:00,1.65,17561.0,United Kingdom
575321,22139,RETROSPOT TEA SET CERAMIC 11 PC ,1,2011-11-09 13:34:00,4.95,15311.0,United Kingdom
546896,23049,RECYCLED ACAPULCO MAT RED,2,2011-03-17 18:24:00,16.63,,United Kingdom
537622,22867,HAND WARMER BIRD DESIGN,1,2010-12-07 14:30:00,2.1,13173.0,United Kingdom
548502,22730,ALARM CLOCK BAKELIKE IVORY,1,2011-03-31 14:17:00,8.29,,United Kingdom
568894,21731,RED TOADSTOOL LED NIGHT LIGHT,10,2011-09-29 13:04:00,1.65,17528.0,United Kingdom
546304,84750B,BLACK SMALL GLASS CAKE STAND,1,2011-03-10 15:52:00,1.95,14077.0,United Kingdom
574962,21108,FAIRY CAKE FLANNEL ASSORTED COLOUR,18,2011-11-08 10:26:00,0.79,15194.0,United Kingdom
538365,84029E,RED WOOLLY HOTTIE WHITE HEART.,4,2010-12-12 10:11:00,3.75,17243.0,United Kingdom
576148,22578,WOODEN STAR CHRISTMAS SCANDINAVIAN,24,2011-11-14 10:50:00,0.29,15671.0,United Kingdom
576840,22420,LIPSTICK PEN BABY PINK,2,2011-11-16 15:23:00,0.83,,United Kingdom
580959,23355,HOT WATER BOTTLE KEEP CALM,4,2011-12-06 14:31:00,4.95,14673.0,United Kingdom
567890,23242,TREASURE TIN BUFFALO BILL ,6,2011-09-22 15:40:00,2.08,14125.0,United Kingdom
573580,21775,DECORATIVE FLORE BATHROOM BOTTLE,1,2011-10-31 14:21:00,2.46,,United Kingdom
536544,90214H,"LETTER ""H"" BLING KEY RING",1,2010-12-01 14:32:00,0.85,,United Kingdom
579555,21976,PACK OF 60 MUSHROOM CAKE CASES,1,2011-11-30 11:08:00,0.55,16241.0,United Kingdom
547018,21791,VINTAGE HEADS AND TAILS CARD GAME ,24,2011-03-18 14:53:00,1.25,17043.0,United Kingdom
563214,20996,JAZZ HEARTS ADDRESS BOOK,6,2011-08-14 12:56:00,0.19,16370.0,United Kingdom
574076,22757,LARGE RED BABUSHKA NOTEBOOK ,1,2011-11-02 15:38:00,2.46,,United Kingdom
565453,23209,LUNCH BAG DOILEY PATTERN ,10,2011-09-04 16:05:00,1.65,15136.0,United Kingdom
537462,21080,SET/20 RED RETROSPOT PAPER NAPKINS ,12,2010-12-07 10:06:00,0.85,17228.0,United Kingdom
562093,15056N,EDWARDIAN PARASOL NATURAL,12,2011-08-02 12:59:00,4.95,13777.0,United Kingdom
575706,23237,SET OF 4 KNICK KNACK TINS LEAF,3,2011-11-10 17:13:00,4.15,14713.0,United Kingdom
579694,21181,PLEASE ONE PERSON METAL SIGN,6,2011-11-30 14:11:00,4.13,,United Kingdom
580047,22734,SET OF 6 RIBBONS VINTAGE CHRISTMAS,3,2011-12-01 12:44:00,2.89,12989.0,United Kingdom
580399,22150,3 STRIPEY MICE FELTCRAFT,3,2011-12-04 11:45:00,1.95,13471.0,United Kingdom
550183,22371,AIRLINE BAG VINTAGE TOKYO 78,6,2011-04-14 17:58:00,4.25,14105.0,United Kingdom
550320,22935,BAKING MOULD ROSE MILK CHOCOLATE,1,2011-04-17 12:38:00,3.25,12748.0,United Kingdom
560434,21090,SET/6 COLLAGE PAPER PLATES,5,2011-07-18 15:56:00,0.83,,United Kingdom
568703,22569,FELTCRAFT CUSHION BUTTERFLY,2,2011-09-28 15:21:00,3.75,12748.0,United Kingdom
578541,22193,RED DINER WALL CLOCK,2,2011-11-24 15:01:00,8.5,14277.0,France
C544897,21633,SUNFLOWER DECORATIVE PARASOL,-1,2011-02-24 12:27:00,12.75,17867.0,United Kingdom
562046,22990,COTTON APRON PANTRY DESIGN,2,2011-08-02 10:34:00,4.95,12378.0,Switzerland
578065,23194,GYMKHANA TREASURE BOOK BOX,1,2011-11-22 15:41:00,4.58,,United Kingdom
559921,21420,OYSTER TRINKET BOX,2,2011-07-13 15:42:00,3.25,13667.0,United Kingdom
540551,84950,ASSORTED COLOUR T-LIGHT HOLDER,6,2011-01-10 09:43:00,0.99,,United Kingdom
548160,71270,PHOTO CLIP LINE,36,2011-03-29 13:33:00,1.25,16253.0,United Kingdom
537042,47591D,PINK FAIRY CAKE CHILDRENS APRON,1,2010-12-05 10:45:00,1.95,13838.0,United Kingdom
C573086,22065,CHRISTMAS PUDDING TRINKET POT ,-1,2011-10-27 14:27:00,0.39,13991.0,United Kingdom
549577,22564,ALPHABET STENCIL CRAFT,12,2011-04-11 08:16:00,1.25,14286.0,United Kingdom
540026,20696,FLORAL SOFT CAR TOY,1,2011-01-04 13:25:00,3.36,,United Kingdom
575698,22423,REGENCY CAKESTAND 3 TIER,1,2011-11-10 16:51:00,12.75,16094.0,United Kingdom
547005,20719,WOODLAND CHARLOTTE BAG,20,2011-03-18 14:20:00,0.85,12474.0,Germany
577743,23188,VINTAGE  2 METRE FOLDING RULER,4,2011-11-21 13:44:00,1.65,17006.0,United Kingdom
553843,23065,LARGE DECO JEWELLERY STAND,1,2011-05-19 12:29:00,12.5,12553.0,France
544676,23002,TRAVEL CARD WALLET SKULLS,2,2011-02-22 16:03:00,0.42,17841.0,United Kingdom
569136,23035,DRAWER KNOB CERAMIC IVORY,6,2011-09-30 14:41:00,1.45,15834.0,United Kingdom
563434,23201,JUMBO BAG ALPHABET,1,2011-08-16 12:21:00,2.08,14057.0,United Kingdom
538349,20914,SET/5 RED RETROSPOT LID GLASS BOWLS,1,2010-12-10 14:59:00,5.91,,United Kingdom
581439,22671,FRENCH LAUNDRY SIGN BLUE METAL,1,2011-12-08 16:30:00,3.29,,United Kingdom
580677,22082,RIBBON REEL STRIPES DESIGN ,2,2011-12-05 14:40:00,1.65,16200.0,United Kingdom
548617,84992,72 SWEETHEART FAIRY CAKE CASES,48,2011-04-01 11:50:00,0.55,16592.0,United Kingdom
555322,20655,QUEEN OF SKIES LUGGAGE TAG,1,2011-06-02 11:01:00,2.46,,United Kingdom
573362,23307,SET OF 60 PANTRY DESIGN CAKE CASES ,24,2011-10-30 13:06:00,0.55,12597.0,Spain
540821,47594B,SCOTTIES DESIGN WASHBAG,4,2011-01-11 13:16:00,1.66,,United Kingdom
558709,23012,GLASS APOTHECARY BOTTLE PERFUME,1,2011-07-01 13:02:00,3.95,17338.0,United Kingdom
568056,23204,CHARLOTTE BAG APPLES DESIGN,20,2011-09-23 12:55:00,0.85,12705.0,Germany
569415,23349,ROLL WRAP VINTAGE CHRISTMAS,1,2011-10-04 10:14:00,2.46,,United Kingdom
555397,21992,VINTAGE PAISLEY STATIONERY SET,1,2011-06-02 17:26:00,2.46,,United Kingdom
544162,22916,HERB MARKER THYME,5,2011-02-16 13:00:00,0.65,14959.0,United Kingdom
545162,21621,VINTAGE UNION JACK BUNTING,4,2011-02-28 13:35:00,8.5,16187.0,United Kingdom
553657,21559,STRAWBERRY LUNCH BOX WITH CUTLERY,1,2011-05-18 11:28:00,2.55,14583.0,United Kingdom
547788,47566,PARTY BUNTING,9,2011-03-25 12:00:00,10.79,,United Kingdom
554992,84828,JUNGLE POPSICLES ICE LOLLY MOULDS,1,2011-05-29 14:08:00,1.25,16686.0,United Kingdom
567186,23252,VINTAGE RED ENAMEL TRIM JUG ,2,2011-09-18 16:04:00,3.75,17073.0,United Kingdom
579777,21813,GARLAND WITH STARS AND BELLS,12,2011-11-30 15:13:00,3.29,,United Kingdom
573369,23328,SET 6 SCHOOL MILK BOTTLES IN CRATE,1,2011-10-30 13:19:00,3.75,16049.0,United Kingdom
565588,22997,TRAVEL CARD WALLET UNION JACK,6,2011-09-05 13:50:00,0.42,16918.0,United Kingdom
581266,23349,ROLL WRAP VINTAGE CHRISTMAS,12,2011-12-08 11:25:00,1.25,12621.0,Germany
558867,23020,GLASS  SONGBIRD STORAGE JAR,1,2011-07-04 12:41:00,12.5,17765.0,United Kingdom
566985,22429,ENAMEL MEASURING JUG CREAM,2,2011-09-16 10:42:00,8.29,,United Kingdom
539738,22900, SET 2 TEA TOWELS I LOVE LONDON ,1,2010-12-21 15:19:00,4.21,,United Kingdom
571408,22900,SET 2 TEA TOWELS I LOVE LONDON ,1,2011-10-17 12:22:00,3.25,15012.0,United Kingdom
540410,22386,JUMBO BAG PINK POLKADOT,10,2011-01-07 10:04:00,1.95,12530.0,Germany
543985,22594,CHRISTMAS GINGHAM TREE,3,2011-02-15 09:44:00,1.63,,United Kingdom
554860,23107,WHITE HEARTS WIRE PLANT POT HOLDER,8,2011-05-27 10:20:00,2.89,15249.0,United Kingdom
557960,22587,FELTCRAFT HAIRBAND RED AND BLUE,1,2011-06-23 19:46:00,0.85,15453.0,United Kingdom
541126,21430,SET/3 RED GINGHAM ROSE STORAGE BOX,4,2011-01-14 10:10:00,3.75,15626.0,United Kingdom
555923,84078A,SET/4 WHITE RETRO STORAGE CUBES ,1,2011-06-07 17:09:00,58.29,,United Kingdom
577736,22467,GUMBALL COAT RACK,3,2011-11-21 13:20:00,2.55,14606.0,United Kingdom
578347,85114A,BLACK ENCHANTED FOREST PLACEMAT,3,2011-11-24 09:26:00,3.29,,United Kingdom
569667,23298,SPOTTY BUNTING,3,2011-10-05 13:42:00,4.95,17521.0,United Kingdom
574914,23300,GARDENERS KNEELING PAD CUP OF TEA ,1,2011-11-07 16:16:00,1.65,17109.0,United Kingdom
556777,23110,PARISIENNE KEY CABINET ,2,2011-06-14 12:31:00,5.75,14426.0,United Kingdom
575602,72817,SET OF 2 CHRISTMAS DECOUPAGE CANDLE,3,2011-11-10 12:27:00,0.79,17059.0,United Kingdom
581219,21786,POLKADOT RAIN HAT ,10,2011-12-08 09:28:00,0.83,,United Kingdom
580729,21189,WHITE HONEYCOMB PAPER GARLAND ,2,2011-12-05 17:24:00,3.29,,United Kingdom
567024,84997b,CHILDRENS CUTLERY RETROSPOT RED ,4,2011-09-16 11:23:00,8.29,,United Kingdom
574965,23581,JUMBO BAG PAISLEY PARK,1,2011-11-08 10:44:00,2.08,17964.0,United Kingdom
537392,21481,FAWN BLUE HOT WATER BOTTLE,4,2010-12-06 13:58:00,2.95,17068.0,United Kingdom
551987,82581,TOILET METAL SIGN,3,2011-05-05 14:55:00,0.55,15005.0,United Kingdom
563532,21121,SET/10 RED POLKADOT PARTY CANDLES,24,2011-08-17 11:04:00,1.25,17511.0,United Kingdom
567670,23188,VINTAGE  2 METER FOLDING RULER,1,2011-09-21 15:32:00,3.29,,United Kingdom
577150,20723,STRAWBERRY CHARLOTTE BAG,25,2011-11-18 09:48:00,2.46,,United Kingdom
553718,22355,CHARLOTTE BAG SUKI DESIGN,3,2011-05-18 16:14:00,1.63,,United Kingdom
567878,20979,36 PENCILS TUBE RED RETROSPOT,2,2011-09-22 14:42:00,1.25,16910.0,United Kingdom
539607,84997D,PINK 3 PIECE POLKADOT CUTLERY SET,6,2010-12-20 14:10:00,3.75,12681.0,France
559200,85202,HANGING WOOD AND FELT HEART,6,2011-07-07 10:36:00,0.42,13291.0,United Kingdom
579694,22456,NATURAL SLATE CHALKBOARD LARGE ,2,2011-11-30 14:11:00,9.96,,United Kingdom
C570867,22938,CUPCAKE LACE PAPER SET 6,-12,2011-10-12 16:17:00,1.95,12607.0,USA
577506,85071D,CHARLIE+LOLA MY ROOM DOOR SIGN,1,2011-11-20 12:40:00,0.39,13212.0,United Kingdom
550193,22851,SET 20 NAPKINS FAIRY CAKES DESIGN ,12,2011-04-15 09:27:00,0.85,13952.0,United Kingdom
556500,23174,REGENCY SUGAR BOWL GREEN,4,2011-06-13 07:58:00,4.15,13468.0,United Kingdom
564231,23083,SET 6 PAPER TABLE LANTERN STARS ,6,2011-08-24 10:22:00,3.75,13468.0,United Kingdom
548014,21398,RED POLKADOT COFFEE  MUG,48,2011-03-29 11:29:00,0.39,17719.0,United Kingdom
539437,48173C,DOORMAT BLACK FLOCK ,1,2010-12-17 14:54:00,14.43,,United Kingdom
539631,22741,FUNKY DIVA PEN,4,2010-12-20 15:03:00,1.66,,United Kingdom
550470,37342,POLKADOT COFFEE CUP & SAUCER PINK,4,2011-04-18 13:49:00,2.46,,United Kingdom
539436,17003,BROCADE RING PURSE ,1,2010-12-17 14:49:00,0.43,,United Kingdom
581434,23084,RABBIT NIGHT LIGHT,12,2011-12-08 16:10:00,2.08,13599.0,United Kingdom
563549,21094,SET/6 RED SPOTTY PAPER PLATES,4,2011-08-17 12:34:00,2.46,,United Kingdom
564342,21650,ASSORTED TUTTI FRUTTI BRACELET,5,2011-08-24 14:53:00,0.19,16340.0,United Kingdom
559051,22839,3 TIER CAKE TIN GREEN AND CREAM,2,2011-07-05 16:47:00,14.13,,United Kingdom
552256,84836,ZINC METAL HEART DECORATION,12,2011-05-08 10:43:00,1.25,16621.0,United Kingdom
558808,85127,SMALL SQUARE CUT GLASS CANDLESTICK,2,2011-07-04 11:10:00,9.96,,United Kingdom
546113,17084J,LOVE POTION MASALA INCENSE,25,2011-03-09 13:18:00,0.21,14344.0,United Kingdom
577782,21034,REX CASH+CARRY JUMBO SHOPPER,3,2011-11-21 16:17:00,0.95,16549.0,United Kingdom
568517,23503,PLAYING CARDS KEEP CALM & CARRY ON,1,2011-09-27 12:52:00,1.25,14456.0,United Kingdom
577669,21401,BLUE PUDDING SPOON,48,2011-11-21 10:48:00,0.12,15567.0,United Kingdom
544214,22326,ROUND SNACK BOXES SET OF4 WOODLAND ,5,2011-02-17 11:19:00,6.63,,United Kingdom
568531,23207,LUNCH BAG ALPHABET DESIGN,2,2011-09-27 13:49:00,1.65,16713.0,United Kingdom
539243,22781,GUMBALL MAGAZINE RACK,2,2010-12-16 13:21:00,7.65,18116.0,United Kingdom
565376,21682,,144,2011-09-02 15:10:00,0.0,,United Kingdom
564897,23295,SET OF 12 MINI LOAF BAKING CASES,72,2011-08-31 11:22:00,0.83,12678.0,France
540541,84600,NEW BAROQUE JEWELLERY BOX ,2,2011-01-09 15:13:00,7.95,15799.0,United Kingdom
563661,22386,JUMBO BAG PINK POLKADOT,10,2011-08-18 11:23:00,2.08,13048.0,United Kingdom
540953,22333,RETROSPOT PARTY BAG + STICKER SET,1,2011-01-12 13:16:00,1.65,14587.0,United Kingdom
555336,21703,BAG 125g SWIRLY MARBLES,2,2011-06-02 11:13:00,0.42,,United Kingdom
556207,23302,KNEELING MAT HOUSEWORK  DESIGN,2,2011-06-09 13:50:00,1.65,17372.0,United Kingdom
538508,84375,SET OF 20 KIDS COOKIE CUTTERS,4,2010-12-12 13:32:00,2.1,15998.0,United Kingdom
554356,22970,LONDON BUS COFFEE MUG,6,2011-05-24 09:25:00,2.55,12670.0,France
555477,23208,LUNCH BAG VINTAGE LEAF DESIGN,10,2011-06-03 12:26:00,1.65,12359.0,Cyprus
542006,84978,HANGING HEART JAR T-LIGHT HOLDER,6,2011-01-25 11:20:00,1.25,15218.0,United Kingdom
569544,22336,DOVE DECORATION PAINTED ZINC ,1,2011-10-04 16:33:00,0.63,,United Kingdom
575957,20828,GLITTER BUTTERFLY CLIPS,3,2011-11-13 12:19:00,2.55,13170.0,United Kingdom
568880,22743,MAKE YOUR OWN FLOWERPOWER CARD KIT,4,2011-09-29 12:39:00,2.95,14524.0,United Kingdom
566014,21934,SKULL SHOULDER BAG,30,2011-09-08 12:16:00,1.65,14688.0,United Kingdom
548490,22827,RUSTIC  SEVENTEEN DRAWER SIDEBOARD,1,2011-03-31 13:13:00,165.0,12909.0,United Kingdom
558680,22171,3 HOOK PHOTO SHELF ANTIQUE WHITE,1,2011-07-01 11:19:00,16.63,,United Kingdom
542113,21844,RED RETROSPOT MUG,6,2011-01-25 13:55:00,2.95,14341.0,United Kingdom
566400,23266,SET OF 3 WOODEN STOCKING DECORATION,12,2011-09-12 13:16:00,1.25,17139.0,United Kingdom
566851,21485,RETROSPOT HEART HOT WATER BOTTLE,1,2011-09-15 12:16:00,4.95,15573.0,United Kingdom
569026,23201,JUMBO BAG ALPHABET,10,2011-09-30 10:18:00,2.08,16101.0,United Kingdom
575222,21591,COSY HOUR CIGAR BOX MATCHES ,7,2011-11-09 11:33:00,1.25,16880.0,United Kingdom
553890,21402,RED  EGG  SPOON,3,2011-05-19 16:32:00,0.42,,United Kingdom
544294,48185,DOORMAT FAIRY CAKE,4,2011-02-17 12:42:00,7.95,15601.0,United Kingdom
579430,22280,POCKET BAG PINK PAISELY BROWN SPOT,1,2011-11-29 13:06:00,1.25,12748.0,United Kingdom
552703,22621,TRADITIONAL KNITTING NANCY,2,2011-05-10 16:00:00,1.65,14462.0,United Kingdom
562649,21533,RETROSPOT LARGE MILK JUG,1,2011-08-08 13:11:00,4.95,14606.0,United Kingdom
545658,22133,PINK LOVE HEART SHAPE CUP,1,2011-03-04 14:13:00,0.85,14670.0,United Kingdom
570225,22211,WOOD STAMP SET FLOWERS,2,2011-10-09 13:15:00,0.83,16595.0,United Kingdom
541584,21154,RED RETROSPOT OVEN GLOVE ,1,2011-01-19 14:12:00,3.29,,United Kingdom
558057,22382,LUNCH BAG SPACEBOY DESIGN ,10,2011-06-24 14:57:00,1.65,15665.0,United Kingdom
563404,22946,WOODEN ADVENT CALENDAR CREAM,2,2011-08-16 11:04:00,16.95,16303.0,United Kingdom
561209,21933,PINK VINTAGE PAISLEY PICNIC BAG,1,2011-07-25 16:57:00,2.46,,United Kingdom
571311,23542,WALL ART 70'S ALPHABET ,2,2011-10-17 10:33:00,8.25,17402.0,United Kingdom
552674,22701,PINK DOG BOWL,1,2011-05-10 15:07:00,5.79,,United Kingdom
572193,23509,MINI PLAYING CARDS FUN FAIR ,500,2011-10-21 11:33:00,0.42,15061.0,United Kingdom
537823,21876,POTTERING MUG,1,2010-12-08 14:25:00,3.36,,United Kingdom
581356,21524,DOORMAT SPOTTY HOME SWEET HOME,2,2011-12-08 12:28:00,8.25,17830.0,United Kingdom
570423,23320,GIANT 50'S CHRISTMAS CRACKER,2,2011-10-10 13:38:00,2.89,14451.0,United Kingdom
553191,23091,ZINC HERB GARDEN CONTAINER,12,2011-05-15 13:22:00,5.39,13118.0,United Kingdom
552232,22197,SMALL POPCORN HOLDER,5,2011-05-06 15:54:00,1.63,,United Kingdom
548554,85132B,CHARLIE AND LOLA TABLE TINS,12,2011-04-01 09:19:00,1.95,13694.0,United Kingdom
574716,85135B,BLUE DRAGONFLY HELICOPTER,3,2011-11-06 14:33:00,7.95,14502.0,United Kingdom
574298,90059A,DIAMANTE HAIR GRIP PACK/2 CRYSTAL,2,2011-11-03 15:56:00,1.65,,United Kingdom
544074,21931,JUMBO STORAGE BAG SUKI,2,2011-02-15 14:49:00,1.95,14156.0,EIRE
567656,82582,AREA PATROLLED METAL SIGN,2,2011-09-21 14:40:00,4.13,14096.0,United Kingdom
551733,21181,PLEASE ONE PERSON METAL SIGN,12,2011-05-04 10:15:00,2.1,13012.0,United Kingdom
557263,21216,"SET 3 RETROSPOT TEA,COFFEE,SUGAR",24,2011-06-19 11:08:00,4.25,14646.0,Netherlands
563614,22557,PLASTERS IN TIN VINTAGE PAISLEY ,96,2011-08-18 08:51:00,1.45,12415.0,Australia
576553,23321,SMALL WHITE HEART OF WICKER,4,2011-11-15 12:57:00,1.65,14666.0,United Kingdom
557494,21930,JUMBO STORAGE BAG SKULLS,2,2011-06-20 15:19:00,4.96,,United Kingdom
566275,23208,LUNCH BAG VINTAGE LEAF DESIGN,1,2011-09-11 13:58:00,1.65,16549.0,United Kingdom
540176,22303,COFFEE MUG APPLES DESIGN,36,2011-01-05 12:40:00,2.1,17511.0,United Kingdom
571809,20679,EDWARDIAN PARASOL RED,1,2011-10-19 11:44:00,5.95,15039.0,United Kingdom
558475,20719,WOODLAND CHARLOTTE BAG,6,2011-06-29 15:58:00,1.63,,United Kingdom
566051,21136,PAINTED METAL PEARS ASSORTED,8,2011-09-08 14:42:00,1.69,15198.0,United Kingdom
581585,84879,ASSORTED COLOUR BIRD ORNAMENT,16,2011-12-09 12:31:00,1.69,15804.0,United Kingdom
575583,22545,MINI JIGSAW BUNNIES,1,2011-11-10 11:55:00,0.42,14456.0,United Kingdom
554040,21080,SET/20 RED RETROSPOT PAPER NAPKINS ,24,2011-05-20 14:35:00,0.85,15290.0,United Kingdom
558121,22467,GUMBALL COAT RACK,6,2011-06-27 09:34:00,2.55,13453.0,United Kingdom
549716,22457,NATURAL SLATE HEART CHALKBOARD ,6,2011-04-11 14:43:00,2.95,14628.0,United Kingdom
541872,21165,BEWARE OF THE CAT METAL SIGN ,4,2011-01-24 09:52:00,1.69,14796.0,United Kingdom
547709,22169,FAMILY ALBUM WHITE PICTURE FRAME,8,2011-03-24 18:43:00,7.65,18109.0,United Kingdom
550630,85163B,BLACK BAROQUE WALL CLOCK ,12,2011-04-19 14:49:00,3.95,14298.0,United Kingdom
552881,22698,PINK REGENCY TEACUP AND SAUCER,6,2011-05-12 10:03:00,2.95,18245.0,United Kingdom
577794,23232,WRAP VINTAGE LEAF DESIGN,25,2011-11-21 16:48:00,0.42,14030.0,United Kingdom
576213,22098,BOUDOIR SQUARE TISSUE BOX,1,2011-11-14 12:47:00,0.39,18117.0,United Kingdom
538566,22603,CHRISTMAS RETROSPOT TREE WOOD,1,2010-12-13 11:21:00,1.66,,United Kingdom
557645,22584,PACK OF 6 PANNETONE GIFT BOXES,1,2011-06-21 17:08:00,4.96,,United Kingdom
559068,23322,LARGE WHITE HEART OF WICKER,1,2011-07-06 10:41:00,2.95,17841.0,United Kingdom
559902,84970S,HANGING HEART ZINC T-LIGHT HOLDER,2,2011-07-13 13:14:00,0.85,14502.0,United Kingdom
554070,22090,PAPER BUNTING RETROSPOT,40,2011-05-22 11:06:00,2.55,13555.0,United Kingdom
580296,85015,SET OF 12  VINTAGE POSTCARD SET,2,2011-12-02 13:49:00,0.65,13780.0,United Kingdom
575933,22952,60 CAKE CASES VINTAGE CHRISTMAS,240,2011-11-13 10:41:00,0.42,14911.0,EIRE
536876,84992,72 SWEETHEART FAIRY CAKE CASES,24,2010-12-03 11:36:00,0.55,,United Kingdom
567185,23133,LARGE IVORY HEART WALL ORGANISER,2,2011-09-18 15:55:00,8.25,16370.0,United Kingdom
539451,84031A,CHARLIE+LOLA RED HOT WATER BOTTLE ,1,2010-12-17 16:59:00,4.21,,United Kingdom
581405,22940,FELTCRAFT CHRISTMAS FAIRY,1,2011-12-08 13:50:00,4.25,13521.0,United Kingdom
579168,23365,SET 12 COLOUR PENCILS LOVE LONDON,24,2011-11-28 14:12:00,0.65,17806.0,United Kingdom
542626,21244,BLUE POLKADOT PLATE ,8,2011-01-31 09:51:00,1.69,12720.0,Germany
553162,21086,SET/6 RED SPOTTY PAPER CUPS,3,2011-05-13 15:53:00,1.63,,United Kingdom
573035,23184,BULL DOG BOTTLE OPENER,4,2011-10-27 13:43:00,4.95,12433.0,Norway
572528,23307,SET OF 60 PANTRY DESIGN CAKE CASES ,3,2011-10-24 15:43:00,0.55,13176.0,United Kingdom
545895,22957,SET 3 PAPER VINTAGE CHICK PAPER EGG,1,2011-03-07 17:14:00,5.79,,United Kingdom
565467,21205,MULTICOLOUR 3D BALLS GARLAND,12,2011-09-05 09:49:00,2.55,14129.0,United Kingdom
577331,23029,DRAWER KNOB CRACKLE GLAZE GREEN,6,2011-11-18 14:23:00,1.65,14667.0,United Kingdom
576617,21402,RED  EGG  SPOON,1,2011-11-15 16:57:00,0.42,,United Kingdom
C537251,22429,ENAMEL MEASURING JUG CREAM,-2,2010-12-06 10:45:00,4.25,,United Kingdom
576329,22721,SET OF 3 CAKE TINS SKETCHBOOK,2,2011-11-14 15:22:00,10.79,,United Kingdom
539088,22848,BREAD BIN DINER STYLE PINK,4,2010-12-16 09:45:00,14.95,13093.0,United Kingdom
540168,21428,SET3 BOOK BOX GREEN GINGHAM FLOWER ,3,2011-01-05 12:15:00,4.25,13715.0,United Kingdom
556636,21314,SMALL GLASS HEART TRINKET POT,1,2011-06-13 15:30:00,4.13,,United Kingdom
541435,22645,CERAMIC HEART FAIRY CAKE MONEY BANK,12,2011-01-18 10:28:00,1.45,13898.0,United Kingdom
554964,21121,SET/10 RED POLKADOT PARTY CANDLES,2,2011-05-27 15:57:00,1.25,15867.0,United Kingdom
578067,22952,60 CAKE CASES VINTAGE CHRISTMAS,2,2011-11-22 15:43:00,1.25,,United Kingdom
541695,84913B,MINT GREEN ROSE TOWEL,1,2011-01-20 18:01:00,3.29,,United Kingdom
567662,23343,JUMBO BAG VINTAGE CHRISTMAS ,4,2011-09-21 15:12:00,2.08,17758.0,United Kingdom
537638,84912B,GREEN ROSE WASHBAG,3,2010-12-07 15:28:00,3.36,,United Kingdom
553228,22645,CERAMIC HEART FAIRY CAKE MONEY BANK,12,2011-05-16 10:48:00,1.45,16496.0,United Kingdom
578992,22733,3D TRADITIONAL CHRISTMAS STICKERS,2,2011-11-27 15:38:00,1.25,13610.0,United Kingdom
541676,22381,TOY TIDY PINK POLKADOT,10,2011-01-20 14:01:00,2.1,15379.0,United Kingdom
571239,22197,POPCORN HOLDER,100,2011-10-14 14:54:00,0.72,12744.0,Singapore
549285,22662,LUNCH BAG DOLLY GIRL DESIGN,10,2011-04-07 13:45:00,1.65,14981.0,United Kingdom
550978,22088,PAPER BUNTING COLOURED LACE,6,2011-04-21 17:31:00,2.95,13983.0,United Kingdom
559517,20711,JUMBO BAG TOYS ,1,2011-07-08 16:11:00,4.13,,United Kingdom
561192,23028,DRAWER KNOB CRACKLE GLAZE BLUE,6,2011-07-25 13:45:00,1.65,16033.0,United Kingdom
560364,22960,JAM MAKING SET WITH JARS,12,2011-07-18 12:15:00,3.75,16705.0,United Kingdom
572969,22578,WOODEN STAR CHRISTMAS SCANDINAVIAN,24,2011-10-27 10:46:00,0.29,13363.0,United Kingdom
578251,21811,HANGING HEART WITH BELL,1,2011-11-23 12:45:00,0.39,15993.0,United Kingdom
564065,22144,CHRISTMAS CRAFT LITTLE FRIENDS,6,2011-08-22 15:05:00,2.1,15150.0,United Kingdom
544913,22697,GREEN REGENCY TEACUP AND SAUCER,4,2011-02-24 15:26:00,2.95,15543.0,United Kingdom
577816,23166,MEDIUM CERAMIC TOP STORAGE JAR,48,2011-11-22 09:17:00,1.25,18139.0,United Kingdom
553156,20618,QUEEN OF THE SKIES PASSPORT COVER ,1,2011-05-13 14:58:00,2.1,17841.0,United Kingdom
561911,84879,ASSORTED COLOUR BIRD ORNAMENT,8,2011-08-01 10:26:00,1.69,12534.0,Germany
549940,84596B,SMALL DOLLY MIX DESIGN ORANGE BOWL,96,2011-04-13 11:48:00,0.42,13694.0,United Kingdom
554096,21718,RED METAL BEACH SPADE ,24,2011-05-22 12:51:00,1.25,14921.0,United Kingdom
554353,85099B,JUMBO BAG RED RETROSPOT,100,2011-05-24 09:10:00,1.79,14258.0,United Kingdom
573029,47590A,BLUE HAPPY BIRTHDAY BUNTING,1,2011-10-27 13:33:00,5.45,14971.0,United Kingdom
568040,21883,STARS GIFT TAPE ,12,2011-09-23 12:09:00,0.65,12681.0,France
573139,20975,12 PENCILS SMALL TUBE RED RETROSPOT,2,2011-10-27 17:29:00,0.65,14716.0,United Kingdom
577337,22910,PAPER CHAIN KIT VINTAGE CHRISTMAS,2,2011-11-18 14:51:00,2.95,15494.0,United Kingdom
572969,21591,COSY HOUR CIGAR BOX MATCHES ,24,2011-10-27 10:46:00,1.25,13363.0,United Kingdom
569486,22469,HEART OF WICKER SMALL,2,2011-10-04 12:51:00,1.65,15339.0,United Kingdom
566010,20618,QUEEN OF THE SKIES PASSPORT COVER ,2,2011-09-08 12:05:00,2.1,13700.0,United Kingdom
573001,22144,CHRISTMAS CRAFT LITTLE FRIENDS,1,2011-10-27 12:08:00,2.1,12841.0,United Kingdom
559256,23184,BULL DOG BOTTLE OPENER,4,2011-07-07 12:10:00,4.95,15249.0,United Kingdom
552229,21084,SET/6 COLLAGE PAPER CUPS,51,2011-05-06 15:40:00,0.19,,United Kingdom
543997,21094,SET/6 RED SPOTTY PAPER PLATES,5,2011-02-15 10:49:00,0.85,17348.0,United Kingdom
577174,84997B,CHILDRENS CUTLERY RETROSPOT RED ,1,2011-11-18 10:58:00,4.15,17841.0,United Kingdom
555850,22197,SMALL POPCORN HOLDER,15,2011-06-07 13:35:00,0.85,16550.0,United Kingdom
559639,22730,ALARM CLOCK BAKELIKE IVORY,8,2011-07-11 12:23:00,3.75,13767.0,United Kingdom
566279,17136A,BLUE STONES ON WIRE FOR CANDLE,24,2011-09-11 14:09:00,0.08,14432.0,United Kingdom
556427,20712,JUMBO BAG WOODLAND ANIMALS,1,2011-06-10 13:23:00,4.13,,United Kingdom
538169,21034,REX CASH+CARRY JUMBO SHOPPER,2,2010-12-09 19:28:00,0.95,13230.0,United Kingdom
558774,47367B,PAIR PADDED HANGERS PINK CHECK,1,2011-07-04 10:17:00,3.29,,United Kingdom
536987,20773,BLUE PAISLEY NOTEBOOK,3,2010-12-03 14:54:00,1.65,17198.0,United Kingdom
577531,21949,SET OF 6 STRAWBERRY CHOPSTICKS,1,2011-11-20 13:58:00,2.46,,United Kingdom
C540400,21260,FIRST AID TIN,-3,2011-01-07 09:25:00,3.25,16150.0,United Kingdom
552333,20726,LUNCH BAG WOODLAND,10,2011-05-09 10:38:00,1.65,15039.0,United Kingdom
553002,21216,"SET 3 RETROSPOT TEA,COFFEE,SUGAR",2,2011-05-12 15:26:00,4.95,13263.0,United Kingdom
572893,22252,BIRDCAGE DECORATION TEALIGHT HOLDER,12,2011-10-26 14:36:00,1.25,18059.0,United Kingdom
564838,51014C,"FEATHER PEN,COAL BLACK",12,2011-08-30 12:43:00,0.83,,United Kingdom
546781,22147,FELTCRAFT BUTTERFLY HEARTS,12,2011-03-17 09:03:00,1.45,12955.0,United Kingdom
580502,22209,WOOD STAMP SET HAPPY BIRTHDAY,3,2011-12-04 13:15:00,0.83,16931.0,United Kingdom
559357,44236,PINK/PURPLE CIRCLE CURTAIN,8,2011-07-07 18:56:00,0.79,17107.0,United Kingdom
538349,22530,MAGIC DRAWING SLATE DOLLY GIRL ,1,2010-12-10 14:59:00,0.85,,United Kingdom
557296,20724,RED RETROSPOT CHARLOTTE BAG,2,2011-06-19 13:51:00,0.85,15334.0,United Kingdom
574321,21730,GLASS STAR FROSTED T-LIGHT HOLDER,2,2011-11-03 19:28:00,4.95,16016.0,United Kingdom
549526,22113,GREY HEART HOT WATER BOTTLE,5,2011-04-08 15:49:00,3.75,13630.0,United Kingdom
564639,84032B,CHARLIE + LOLA RED HOT WATER BOTTLE,2,2011-08-26 12:55:00,2.95,18036.0,United Kingdom
538071,22242,5 HOOK HANGER MAGIC TOADSTOOL,2,2010-12-09 14:09:00,3.36,,United Kingdom
546034,22970,LONDON BUS COFFEE MUG,6,2011-03-09 09:44:00,2.55,14032.0,United Kingdom
538095,22577,WOODEN HEART CHRISTMAS SCANDINAVIAN,3,2010-12-09 14:55:00,0.85,17097.0,Spain
557644,23209,LUNCH BAG DOILEY PATTERN ,4,2011-06-21 17:06:00,1.65,,United Kingdom
569846,22558,CLOTHES PEGS RETROSPOT PACK 24 ,12,2011-10-06 13:42:00,1.65,13422.0,United Kingdom
544040,21181,PLEASE ONE PERSON METAL SIGN,1,2011-02-15 11:40:00,2.1,14701.0,United Kingdom
576665,23411, TRELLIS COAT RACK,1,2011-11-16 11:46:00,4.95,17841.0,United Kingdom
561617,22423,REGENCY CAKESTAND 3 TIER,1,2011-07-28 13:05:00,12.75,18237.0,United Kingdom
546537,23007, SPACEBOY BABY GIFT SET,1,2011-03-14 14:32:00,16.95,15005.0,United Kingdom
557669,22326,ROUND SNACK BOXES SET OF4 WOODLAND ,6,2011-06-22 09:43:00,2.95,12674.0,France
537871,21621,VINTAGE UNION JACK BUNTING,1,2010-12-08 17:20:00,8.5,12748.0,United Kingdom
576617,22163,HEART STRING MEMO HOLDER HANGING,2,2011-11-15 16:57:00,1.63,,United Kingdom
580394,23144,ZINC T-LIGHT HOLDER STARS SMALL,12,2011-12-04 10:53:00,0.83,14397.0,United Kingdom
541999,22470,HEART OF WICKER LARGE,2,2011-01-25 10:45:00,5.79,,United Kingdom
559514,22457,NATURAL SLATE HEART CHALKBOARD ,1,2011-07-08 15:57:00,5.79,,United Kingdom
555540,21179,NO JUNK MAIL METAL SIGN,2,2011-06-05 12:48:00,1.25,13668.0,United Kingdom
546843,22551,PLASTERS IN TIN SPACEBOY,12,2011-03-17 12:40:00,1.65,12472.0,Germany
563937,22423,REGENCY CAKESTAND 3 TIER,1,2011-08-22 09:10:00,12.75,18204.0,United Kingdom
554106,22991,GIRAFFE WOODEN RULER,12,2011-05-22 14:05:00,1.95,12710.0,Germany
543000,22502,PICNIC BASKET WICKER SMALL,1,2011-02-02 12:17:00,8.29,,United Kingdom
570690,23202,JUMBO BAG VINTAGE LEAF,1,2011-10-11 16:37:00,4.13,,United Kingdom
564974,21932,SCANDINAVIAN PAISLEY PICNIC BAG,2,2011-08-31 15:32:00,2.46,,United Kingdom
567462,85123A,WHITE HANGING HEART T-LIGHT HOLDER,3,2011-09-20 12:35:00,2.95,14446.0,United Kingdom
552372,85016,SET OF 6 VINTAGE NOTELETS KIT,24,2011-05-09 12:29:00,0.65,13394.0,United Kingdom
542659,21239,PINK  POLKADOT CUP,16,2011-01-31 12:09:00,0.85,15738.0,United Kingdom
543808,22551,PLASTERS IN TIN SPACEBOY,1,2011-02-13 13:22:00,1.65,17454.0,United Kingdom
552953,23205,CHARLOTTE BAG VINTAGE ALPHABET ,50,2011-05-12 12:11:00,0.85,16745.0,United Kingdom
577341,23310,BUBBLEGUM RING ASSORTED,36,2011-11-18 15:00:00,0.42,16279.0,United Kingdom
564849,22676,FRENCH BLUE METAL DOOR SIGN 1,10,2011-08-30 15:42:00,1.25,17675.0,United Kingdom
566985,20712,JUMBO BAG WOODLAND ANIMALS,2,2011-09-16 10:42:00,4.13,,United Kingdom
555321,DOT,DOTCOM POSTAGE,1,2011-06-02 11:01:00,56.79,,United Kingdom
552333,21974,SET OF 36 PAISLEY FLOWER DOILIES,3,2011-05-09 10:38:00,1.45,15039.0,United Kingdom
581497,21238,RED RETROSPOT CUP,8,2011-12-09 10:23:00,1.63,,United Kingdom
580378,22792,damages,-73,2011-12-02 17:56:00,0.0,,United Kingdom
575918,85123A,WHITE HANGING HEART T-LIGHT HOLDER,6,2011-11-11 16:58:00,2.95,17191.0,United Kingdom
560566,22746,POPPY'S PLAYHOUSE LIVINGROOM ,6,2011-07-19 13:45:00,2.1,12662.0,Germany
578266,21770,OPEN CLOSED METAL SIGN,1,2011-11-23 13:34:00,4.95,12748.0,United Kingdom
578243,21231,SWEETHEART CERAMIC TRINKET BOX,12,2011-11-23 12:33:00,1.25,13448.0,United Kingdom
567184,22965,3 TRADITIONAl BISCUIT CUTTERS  SET,2,2011-09-18 15:41:00,2.1,16033.0,United Kingdom
562276,47566B,TEA TIME PARTY BUNTING,4,2011-08-04 10:23:00,4.95,17735.0,United Kingdom
559686,21327,SKULLS WRITING SET ,1,2011-07-11 15:26:00,1.65,17966.0,United Kingdom
552676,22456,NATURAL SLATE CHALKBOARD LARGE ,1,2011-05-10 15:07:00,9.96,,United Kingdom
581476,21533,RETROSPOT LARGE MILK JUG,6,2011-12-09 08:48:00,4.95,12433.0,Norway
544969,22178,VICTORIAN GLASS HANGING T-LIGHT,12,2011-02-25 11:32:00,1.25,15712.0,United Kingdom
572216,22189,CREAM HEART CARD HOLDER,2,2011-10-21 12:56:00,3.95,16015.0,United Kingdom
553125,23162,REGENCY TEA STRAINER,4,2011-05-13 12:13:00,3.75,17139.0,United Kingdom
568798,22352,LUNCH BOX WITH CUTLERY RETROSPOT ,6,2011-09-29 10:23:00,2.55,12615.0,France
581266,22547,MINI JIGSAW DINOSAUR ,48,2011-12-08 11:25:00,0.19,12621.0,Germany
554151,21878,PACK OF 6 SANDCASTLE FLAGS ASSORTED,12,2011-05-23 11:07:00,0.85,14049.0,United Kingdom
546789,85099F,JUMBO BAG STRAWBERRY,900,2011-03-17 10:17:00,1.65,15769.0,United Kingdom
548867,22967,SET 3 SONG BIRD PAPER EGGS ASSORTED,1,2011-04-04 14:17:00,2.95,14719.0,United Kingdom
546652,22961,JAM MAKING SET PRINTED,1,2011-03-15 14:18:00,3.29,,United Kingdom
574685,23497,CLASSIC CHROME BICYCLE BELL ,12,2011-11-06 12:59:00,1.45,17581.0,United Kingdom
580647,22508,DOORSTOP RETROSPOT HEART,1,2011-12-05 13:14:00,3.75,14083.0,United Kingdom
562420,22567,20 DOLLY PEGS RETROSPOT,1,2011-08-04 16:38:00,2.92,,United Kingdom
553162,22090,PAPER BUNTING RETROSPOT,8,2011-05-13 15:53:00,5.79,,United Kingdom
563252,48187,DOORMAT NEW ENGLAND,2,2011-08-15 11:59:00,7.95,17655.0,United Kingdom
566612,23434,3 RAFFIA RIBBONS 50'S CHRISTMAS ,10,2011-09-13 17:16:00,2.08,16229.0,United Kingdom
554151,21790,VINTAGE SNAP CARDS,6,2011-05-23 11:07:00,0.85,14049.0,United Kingdom
548708,22553,PLASTERS IN TIN SKULLS,2,2011-04-03 12:41:00,1.65,13269.0,United Kingdom
575649,22807,SET OF 6 T-LIGHTS TOADSTOOLS,1,2011-11-10 14:23:00,2.95,,United Kingdom
544598,22961,JAM MAKING SET PRINTED,2,2011-02-21 18:10:00,3.29,,United Kingdom
568894,23177,TREASURE ISLAND BOOK BOX,6,2011-09-29 13:04:00,2.25,17528.0,United Kingdom
537653,21915,RED  HARMONICA IN BOX ,1,2010-12-07 15:54:00,1.25,17897.0,United Kingdom
555924,35916A,YELLOW FELT HANGING HEART W FLOWER,3,2011-06-07 17:12:00,0.63,,United Kingdom
573143,23345, DOLLY GIRL BEAKER,12,2011-10-27 17:56:00,1.25,13098.0,United Kingdom
576070,22505,MEMO BOARD COTTAGE DESIGN,3,2011-11-13 15:58:00,4.95,13451.0,United Kingdom
577121,20668,DISCO BALL CHRISTMAS DECORATION,72,2011-11-17 18:29:00,0.12,12681.0,France
557642,21989,PACK OF 20 SKULL PAPER NAPKINS,2,2011-06-21 16:35:00,1.63,,United Kingdom
559876,84596F,SMALL MARSHMALLOWS PINK BOWL,8,2011-07-13 11:09:00,0.42,15752.0,United Kingdom
539453,72799E,IVORY PILLAR CANDLE SILVER FLOCK,2,2010-12-17 17:08:00,3.36,,United Kingdom
572552,23129,HEART SHAPED HOLLY WREATH,1,2011-10-24 17:07:00,8.29,14096.0,United Kingdom
543201,22149,FELTCRAFT 6 FLOWER FRIENDS,1,2011-02-04 13:03:00,4.96,,United Kingdom
540516,21746,SMALL RED RETROSPOT WINDMILL,2,2011-01-09 12:01:00,1.25,16326.0,United Kingdom
548162,21556,CERAMIC STRAWBERRY MONEY BOX,3,2011-03-29 13:42:00,4.13,,United Kingdom
574676,23493,VINTAGE DOILY TRAVEL SEWING KIT,3,2011-11-06 12:32:00,1.95,16243.0,United Kingdom
564077,23300,GARDENERS KNEELING PAD CUP OF TEA ,2,2011-08-22 15:42:00,1.65,14711.0,United Kingdom
556198,22431,WATERING CAN BLUE ELEPHANT,2,2011-06-09 12:30:00,1.95,14963.0,United Kingdom
568224,23504,PLAYING CARDS JUBILEE UNION JACK,3,2011-09-26 10:22:00,1.25,17377.0,United Kingdom
552563,21790,VINTAGE SNAP CARDS,12,2011-05-10 11:54:00,0.85,17597.0,United Kingdom
558774,22698,PINK REGENCY TEACUP AND SAUCER,1,2011-07-04 10:17:00,5.79,,United Kingdom
548898,22249,DECORATION WHITE CHICK MAGIC GARDEN,2,2011-04-04 16:28:00,0.85,17214.0,United Kingdom
556906,21792,CLASSIC FRENCH STYLE BASKET GREEN ,2,2011-06-15 13:07:00,3.95,12843.0,United Kingdom
580105,22189,CREAM HEART CARD HOLDER,8,2011-12-01 15:24:00,3.95,17675.0,United Kingdom
569514,20972,PINK CREAM FELT CRAFT TRINKET BOX ,24,2011-10-04 13:56:00,1.25,15228.0,United Kingdom
570430,21034,REX CASH+CARRY JUMBO SHOPPER,1,2011-10-10 14:25:00,0.95,15886.0,United Kingdom
554441,22906,12 MESSAGE CARDS WITH ENVELOPES,12,2011-05-24 12:22:00,1.65,13213.0,United Kingdom
571554,22835,HOT WATER BOTTLE I AM SO POORLY,2,2011-10-18 09:13:00,12.46,,United Kingdom
557644,84796B,BLUE SAVANNAH PICNIC HAMPER FOR 2,1,2011-06-21 17:06:00,8.29,,United Kingdom
545895,22817,CARD SUKI BIRTHDAY,1,2011-03-07 17:14:00,0.83,,United Kingdom
581492,22196,SMALL HEART MEASURING SPOONS,11,2011-12-09 10:03:00,1.63,,United Kingdom
564851,22476,EMPIRE UNION JACK TV DINNER TRAY,1,2011-08-30 16:53:00,4.95,13183.0,United Kingdom
538524,22944,CHRISTMAS METAL POSTCARD WITH BELLS,1,2010-12-13 09:35:00,16.13,,United Kingdom
547785,22193,RED DINER WALL CLOCK,2,2011-03-25 11:41:00,8.5,13097.0,United Kingdom
559509,21592,RETROSPOT CIGAR BOX MATCHES ,2,2011-07-08 15:25:00,1.25,15920.0,United Kingdom
552013,21498,RED RETROSPOT WRAP ,25,2011-05-05 17:34:00,0.42,12451.0,Switzerland
576339,20829,GLITTER HANGING BUTTERFLY STRING,3,2011-11-14 15:27:00,4.13,14096.0,United Kingdom
571653,21804,WHITE CHRISTMAS GARLAND STARS TREES,12,2011-10-18 12:17:00,3.39,14298.0,United Kingdom
543040,21086,SET/6 RED SPOTTY PAPER CUPS,6,2011-02-02 17:06:00,0.65,17337.0,United Kingdom
580998,22112,CHOCOLATE HOT WATER BOTTLE,3,2011-12-06 17:26:00,4.95,16987.0,United Kingdom
536538,22195,LARGE HEART MEASURING SPOONS,5,2010-12-01 13:54:00,1.65,14594.0,United Kingdom
564221,22995,TRAVEL CARD WALLET SUKI,1,2011-08-24 09:36:00,0.83,,United Kingdom
562715,23298,SPOTTY BUNTING,1,2011-08-08 15:34:00,10.79,,United Kingdom
C541693,22699,ROSES REGENCY TEACUP AND SAUCER ,-1,2011-01-20 17:02:00,2.95,14309.0,United Kingdom
579456,22624,IVORY KITCHEN SCALES,1,2011-11-29 14:20:00,8.5,13428.0,United Kingdom
569693,22804,CANDLEHOLDER PINK HANGING HEART,2,2011-10-05 15:18:00,2.95,17837.0,United Kingdom
552508,22067,CHOC TRUFFLE GOLD TRINKET POT ,1,2011-05-09 16:27:00,3.29,,United Kingdom
553134,23199,JUMBO BAG APPLES,10,2011-05-13 12:50:00,1.95,15382.0,United Kingdom
580730,23534,WALL ART STOP FOR TEA ,1,2011-12-05 17:28:00,12.46,,United Kingdom
550541,22896,PEG BAG APPLES DESIGN,1,2011-04-19 11:33:00,4.96,,United Kingdom
553048,23256,CHILDRENS CUTLERY SPACEBOY ,4,2011-05-13 10:02:00,4.15,14291.0,United Kingdom
550289,22494,EMERGENCY FIRST AID TIN ,12,2011-04-15 14:32:00,1.25,13880.0,United Kingdom
559866,85130B,BEADED CRYSTAL HEART GREEN LARGE,24,2011-07-13 10:43:00,0.79,15795.0,United Kingdom
550207,84380,SET OF 3 BUTTERFLY COOKIE CUTTERS,1,2011-04-15 10:38:00,3.29,,United Kingdom
562925,22666,RECIPE BOX PANTRY YELLOW DESIGN,24,2011-08-10 14:51:00,2.95,17389.0,United Kingdom
543273,21900,"KEY FOB , SHED",1,2011-02-06 11:29:00,0.65,16456.0,United Kingdom
560186,22748,POPPY'S PLAYHOUSE KITCHEN,1,2011-07-15 11:57:00,2.1,17266.0,United Kingdom
567474,23191,BUNDLE OF 3 RETRO NOTE BOOKS,6,2011-09-20 12:53:00,1.65,13448.0,United Kingdom
568063,23320,GIANT 50'S CHRISTMAS CRACKER,12,2011-09-23 13:24:00,2.89,15981.0,United Kingdom
550630,21084,SET/6 COLLAGE PAPER CUPS,48,2011-04-19 14:49:00,0.19,14298.0,United Kingdom
558073,21931,JUMBO STORAGE BAG SUKI,10,2011-06-24 16:21:00,2.08,13004.0,United Kingdom
540154,22834,HAND WARMER BABUSHKA DESIGN,9,2011-01-05 11:30:00,1.66,,United Kingdom
555368,22822,CREAM WALL PLANTER HEART SHAPED,2,2011-06-02 14:30:00,5.95,13437.0,United Kingdom
568223,POST,POSTAGE,2,2011-09-26 10:16:00,15.0,12412.0,Denmark
551566,22131,FOOD CONTAINER SET 3 LOVE HEART ,10,2011-05-03 11:11:00,1.95,13113.0,United Kingdom
551824,46000S,POLYESTER FILLER PAD 40x40cm,4,2011-05-04 12:32:00,1.45,15128.0,United Kingdom
579711,17012B,ORIGAMI JASMINE INCENSE/CANDLE SET,1,2011-11-30 14:17:00,0.85,15060.0,United Kingdom
575607,21557,SET OF 6 FUNKY BEAKERS,1,2011-11-10 12:37:00,5.79,14096.0,United Kingdom
552265,22429,ENAMEL MEASURING JUG CREAM,1,2011-05-08 11:41:00,4.25,14161.0,United Kingdom
547841,22409,MONEY BOX BISCUITS DESIGN,1,2011-03-27 11:02:00,1.25,16923.0,United Kingdom
580729,20782,CAMOUFLAGE EAR MUFF HEADPHONES,1,2011-12-05 17:24:00,10.79,,United Kingdom
539436,20972,PINK CREAM FELT CRAFT TRINKET BOX ,2,2010-12-17 14:49:00,2.51,,United Kingdom
567670,23139,SINGLE WIRE HOOK PINK HEART,1,2011-09-21 15:32:00,3.29,,United Kingdom
578358,22114,HOT WATER BOTTLE TEA AND SYMPATHY,24,2011-11-24 10:35:00,3.75,15482.0,United Kingdom
565150,85099F,JUMBO BAG STRAWBERRY,20,2011-09-01 14:26:00,1.79,14298.0,United Kingdom
541592,22467,GUMBALL COAT RACK,1,2011-01-19 15:08:00,4.96,,United Kingdom
555150,22762,CUPBOARD 3 DRAWER MA CAMPAGNE,1,2011-05-31 15:53:00,29.17,,United Kingdom
570472,23196,VINTAGE LEAF MAGNETIC NOTEPAD,1,2011-10-10 16:38:00,1.45,,United Kingdom
565209,23297,SET 40 HEART SHAPE PETIT FOUR CASES,7,2011-09-01 16:59:00,1.65,15910.0,United Kingdom
555568,22328,ROUND SNACK BOXES SET OF 4 FRUITS ,4,2011-06-05 15:25:00,2.95,17589.0,United Kingdom
539322,20727,LUNCH BAG  BLACK SKULL.,3,2010-12-16 19:22:00,1.65,14713.0,United Kingdom
565726,22959,WRAP CHRISTMAS VILLAGE,25,2011-09-06 11:58:00,0.42,14360.0,United Kingdom
546682,22426,ENAMEL WASH BOWL CREAM,4,2011-03-16 08:31:00,3.75,12994.0,United Kingdom
553194,22467,GUMBALL COAT RACK,3,2011-05-15 13:37:00,2.55,16283.0,United Kingdom
547485,16011,ANIMAL STICKERS,3,2011-03-23 11:16:00,0.21,17019.0,United Kingdom
547059,82494L,WOODEN FRAME ANTIQUE WHITE ,2,2011-03-20 12:50:00,2.95,14693.0,United Kingdom
558068,22024,RAINY LADIES BIRTHDAY CARD,1,2011-06-24 15:51:00,0.83,,United Kingdom
578806,22428,ENAMEL FIRE BUCKET CREAM,6,2011-11-25 13:09:00,6.95,13149.0,United Kingdom
556537,22296,HEART IVORY TRELLIS LARGE,12,2011-06-13 12:38:00,1.65,17725.0,United Kingdom
578147,23394,POSTE FRANCE CUSHION COVER,1,2011-11-23 11:09:00,3.75,12748.0,United Kingdom
579885,22335,HEART DECORATION PAINTED ZINC ,6,2011-11-30 17:37:00,0.65,15444.0,United Kingdom
561022,23291,DOLLY GIRL CHILDRENS CUP,8,2011-07-24 10:24:00,1.25,14800.0,United Kingdom
570374,23187,FRENCH STYLE STORAGE JAR BONBONS,6,2011-10-10 12:34:00,0.29,14719.0,United Kingdom
565129,22384,LUNCH BAG PINK POLKADOT,2,2011-09-01 12:41:00,1.65,15719.0,United Kingdom
566171,22650,CERAMIC PIRATE CHEST MONEY BANK,1,2011-09-09 12:22:00,1.45,18118.0,United Kingdom
579458,20712,JUMBO BAG WOODLAND ANIMALS,1,2011-11-29 14:38:00,2.08,16549.0,United Kingdom
577769,85066,CREAM SWEETHEART MINI CHEST,2,2011-11-21 15:27:00,12.75,16379.0,United Kingdom
539492,22107,PIZZA PLATE IN BOX,1,2010-12-20 10:14:00,7.62,,United Kingdom
550539,22251,BIRDHOUSE DECORATION MAGIC GARDEN,12,2011-04-19 11:27:00,1.25,13479.0,United Kingdom
540646,20733,GOLD MINI TAPE MEASURE ,2,2011-01-10 14:32:00,0.85,,United Kingdom
576076,21218,RED SPOTTY BISCUIT TIN,2,2011-11-13 16:18:00,3.75,14382.0,United Kingdom
575947,22374,AIRLINE BAG VINTAGE JET SET RED,3,2011-11-13 11:50:00,4.13,,United Kingdom
567183,23395,BELLE JARDINIERE CUSHION COVER,2,2011-09-18 15:32:00,3.75,14769.0,United Kingdom
571681,23543,WALL ART KEEP CALM ,2,2011-10-18 13:44:00,8.25,16734.0,United Kingdom
550661,23052,RECYCLED ACAPULCO MAT TURQUOISE,2,2011-04-20 09:20:00,8.25,12656.0,France
564353,23032,DRAWER KNOB CRACKLE GLAZE IVORY,12,2011-08-24 15:08:00,1.65,15764.0,United Kingdom
581439,20972,PINK CREAM FELT CRAFT TRINKET BOX ,2,2011-12-08 16:30:00,2.46,,United Kingdom
569688,23100,SILVER BELLS TABLE DECORATION,1,2011-10-05 14:55:00,1.25,15048.0,United Kingdom
568218,23210,WHITE ROCKING HORSE HAND PAINTED,24,2011-09-26 09:52:00,1.25,13389.0,United Kingdom
566300,22588,CARD HOLDER GINGHAM HEART,6,2011-09-11 16:05:00,2.89,18215.0,United Kingdom
577090,23388,WOODLAND MINI BACKPACK,4,2011-11-17 16:02:00,4.15,13828.0,United Kingdom
573038,23307,SET OF 60 PANTRY DESIGN CAKE CASES ,4,2011-10-27 13:48:00,0.55,17545.0,United Kingdom
546849,85020,ROUND PINK HEART MIRROR,1,2011-03-17 13:13:00,2.1,13623.0,United Kingdom
552059,37467,PIG MUG IN TWO COLOUR DESIGNS,12,2011-05-06 10:37:00,0.39,17470.0,United Kingdom
538255,21258,VICTORIAN SEWING BOX LARGE,1,2010-12-10 12:33:00,12.75,14911.0,EIRE
539453,90165A,PINK ROSEBUD PEARL EARRINGS,1,2010-12-17 17:08:00,2.54,,United Kingdom
562264,21713,CITRONELLA CANDLE FLOWERPOT,2,2011-08-03 16:14:00,4.13,,United Kingdom
575177,23209,LUNCH BAG VINTAGE DOILY ,1,2011-11-08 18:41:00,4.13,,United Kingdom
557007,22189,CREAM HEART CARD HOLDER,6,2011-06-16 11:30:00,3.95,12484.0,Spain
574311,23582,VINTAGE DOILY JUMBO BAG RED ,10,2011-11-03 16:56:00,2.08,15640.0,United Kingdom
C563600,21584,RETROSPOT SMALL TUBE MATCHES,-1,2011-08-18 06:24:00,1.65,14911.0,EIRE
574683,22604,SET OF 4 NAPKIN CHARMS CUTLERY,1,2011-11-06 12:50:00,2.55,16372.0,United Kingdom
541658,79321,CHILLI LIGHTS,2,2011-01-20 12:16:00,4.95,15529.0,United Kingdom
552563,21703,BAG 125g SWIRLY MARBLES,12,2011-05-10 11:54:00,0.42,17597.0,United Kingdom
554494,21991,BOHEMIAN COLLAGE STATIONERY SET,2,2011-05-24 14:00:00,2.95,16327.0,United Kingdom
578347,23133,LARGE IVORY HEART WALL ORGANISER,1,2011-11-24 09:26:00,16.63,,United Kingdom
560078,20727,LUNCH BAG  BLACK SKULL.,10,2011-07-14 16:12:00,1.65,16040.0,United Kingdom
574532,23499,SET 12 VINTAGE DOILY CHALK ,24,2011-11-04 14:19:00,0.42,15676.0,United Kingdom
556777,21467,CHERRY CROCHET FOOD COVER,6,2011-06-14 12:31:00,3.75,14426.0,United Kingdom
545568,85186C,BUNNY EGG GARLAND,3,2011-03-03 16:22:00,0.83,,United Kingdom
C548460,22840,ROUND CAKE TIN VINTAGE RED,-2,2011-03-31 11:58:00,7.95,16801.0,United Kingdom
552285,37468,HARDMAN MUG 3 ASSORTED,1,2011-05-08 12:58:00,0.39,14684.0,United Kingdom
537135,22585,PACK OF 6 BIRDY GIFT TAGS,11,2010-12-05 12:35:00,1.25,17059.0,United Kingdom
537773,15056N,EDWARDIAN PARASOL NATURAL,2,2010-12-08 12:36:00,5.95,16016.0,United Kingdom
579942,23245,SET OF 3 REGENCY CAKE TINS,4,2011-12-01 10:33:00,4.95,16145.0,United Kingdom
550989,20971,PINK BLUE FELT CRAFT TRINKET BOX,2,2011-04-21 18:22:00,1.25,13969.0,United Kingdom
551197,23177,TREASURE ISLAND BOOK BOX,1,2011-04-27 11:26:00,2.25,14078.0,United Kingdom
559816,22494,EMERGENCY FIRST AID TIN ,1,2011-07-12 16:11:00,2.46,,United Kingdom
577156,22138,BAKING SET 9 PIECE RETROSPOT ,6,2011-11-18 09:57:00,4.95,13471.0,United Kingdom
552010,23208,LUNCH BAG VINTAGE LEAF DESIGN,3,2011-05-05 17:26:00,1.65,14713.0,United Kingdom
570187,21731,RED TOADSTOOL LED NIGHT LIGHT,1,2011-10-07 15:09:00,3.29,,United Kingdom
553461,71459,HANGING JAM JAR T-LIGHT HOLDER,12,2011-05-17 10:57:00,0.85,16316.0,United Kingdom
580523,23128,FELTCRAFT BOY JEAN-PAUL KIT,2,2011-12-04 15:00:00,4.95,17827.0,United Kingdom
554349,15034,PAPER POCKET TRAVELING FAN ,24,2011-05-24 08:49:00,0.14,14191.0,United Kingdom
556510,22989,SET 2 PANTRY DESIGN TEA TOWELS,6,2011-06-13 10:36:00,3.25,14911.0,EIRE
558126,82482,WOODEN PICTURE FRAME WHITE FINISH,72,2011-06-27 10:29:00,2.1,15482.0,United Kingdom
571240,22637,PIGGY BANK RETROSPOT ,4,2011-10-14 14:55:00,2.55,12562.0,France
568059,23320,GIANT 50'S CHRISTMAS CRACKER,4,2011-09-23 12:58:00,2.89,13097.0,United Kingdom
C549783,22893,MINI CAKE STAND T-LIGHT HOLDER,-3,2011-04-12 11:50:00,0.42,16558.0,United Kingdom
562565,84692,BOX OF 24 COCKTAIL PARASOLS,1,2011-08-07 10:45:00,0.42,16206.0,United Kingdom
581219,22139,RETROSPOT TEA SET CERAMIC 11 PC ,2,2011-12-08 09:28:00,10.79,,United Kingdom
573937,22909,SET OF 20 VINTAGE CHRISTMAS NAPKINS,12,2011-11-02 10:40:00,0.85,15830.0,United Kingdom
553168,23112,PARISIENNE CURIO CABINET,12,2011-05-13 16:24:00,6.65,15159.0,United Kingdom
560290,22502,PICNIC BASKET WICKER SMALL,2,2011-07-18 10:17:00,10.79,,United Kingdom
541784,22720,SET OF 3 CAKE TINS PANTRY DESIGN ,4,2011-01-21 12:37:00,4.95,17277.0,United Kingdom
565234,22602,RETROSPOT WOODEN HEART DECORATION,5,2011-09-02 09:38:00,1.63,,United Kingdom
574903,23145,ZINC T-LIGHT HOLDER STAR LARGE,24,2011-11-07 15:27:00,0.95,17302.0,United Kingdom
539737,22752,SET 7 BABUSHKA NESTING BOXES,1,2010-12-21 15:19:00,16.98,,United Kingdom
539453,22326,ROUND SNACK BOXES SET OF4 WOODLAND ,1,2010-12-17 17:08:00,5.91,,United Kingdom
553893,47566,PARTY BUNTING,12,2011-05-19 17:13:00,4.95,17560.0,United Kingdom
538149,85014a,BLACK/BLUE POLKADOT UMBRELLA,1,2010-12-09 16:27:00,12.72,,United Kingdom
536544,22920,HERB MARKER BASIL,1,2010-12-01 14:32:00,1.66,,United Kingdom
571679,22662,LUNCH BAG DOLLY GIRL DESIGN,2,2011-10-18 13:41:00,1.65,14159.0,United Kingdom
574536,22558,CLOTHES PEGS RETROSPOT PACK 24 ,2,2011-11-04 14:35:00,1.65,15707.0,United Kingdom
570076,21238,RED RETROSPOT CUP,16,2011-10-07 11:17:00,0.85,15738.0,United Kingdom
560434,20932,PINK POT PLANT CANDLE,1,2011-07-18 15:56:00,7.46,,United Kingdom
549573,21175,GIN + TONIC DIET METAL SIGN,3,2011-04-10 16:01:00,2.55,14504.0,United Kingdom
573585,22571,ROCKING HORSE RED CHRISTMAS ,7,2011-10-31 14:41:00,1.63,,United Kingdom
581230,22530,MAGIC DRAWING SLATE DOLLY GIRL ,24,2011-12-08 10:24:00,0.42,14291.0,United Kingdom
557933,22193,RED DINER WALL CLOCK,2,2011-06-23 15:07:00,8.5,13014.0,United Kingdom
580091,21620,SET OF 4 ROSE BOTANICAL CANDLES,4,2011-12-01 14:37:00,3.75,17293.0,United Kingdom
548151,22284,HEN HOUSE DECORATION,12,2011-03-29 12:57:00,1.65,13803.0,United Kingdom
566446,22963,JAM JAR WITH GREEN LID,1,2011-09-12 15:40:00,1.63,,United Kingdom
555719,23205,CHARLOTTE BAG VINTAGE ALPHABET ,10,2011-06-06 15:31:00,0.85,12609.0,Germany
552905,22335,HEART DECORATION PAINTED ZINC ,24,2011-05-12 11:10:00,0.65,15974.0,United Kingdom
575138,22973,CHILDREN'S CIRCUS PARADE MUG,1,2011-11-08 15:24:00,3.29,,United Kingdom
549192,22476,EMPIRE UNION JACK TV DINNER TRAY,3,2011-04-07 10:20:00,4.95,14961.0,United Kingdom
558475,22167, OVAL WALL MIRROR DIAMANTE ,2,2011-06-29 15:58:00,8.29,,United Kingdom
566239,23426,METAL SIGN DROP YOUR PANTS,6,2011-09-11 11:26:00,2.89,14665.0,United Kingdom
544295,85230B,CINNAMON SCENTED VOTIVE CANDLE,48,2011-02-17 12:43:00,0.21,14298.0,United Kingdom
537638,22633,HAND WARMER UNION JACK,8,2010-12-07 15:28:00,4.21,,United Kingdom
564430,23200,JUMBO BAG PEARS,10,2011-08-25 11:36:00,2.08,15955.0,United Kingdom
557281,48173C,DOORMAT BLACK FLOCK ,3,2011-06-19 12:23:00,7.95,13632.0,United Kingdom
545053,22507,MEMO BOARD RETROSPOT  DESIGN,1,2011-02-27 12:41:00,4.95,17516.0,United Kingdom
577850,23429,RED RETRO KITCHEN WALL CLOCK,2,2011-11-22 11:04:00,8.15,14911.0,EIRE
578829,22258,FELT FARM ANIMAL RABBIT,1,2011-11-25 14:53:00,1.25,14710.0,United Kingdom
576617,23378,PACK OF 12 50'S CHRISTMAS TISSUES,2,2011-11-15 16:57:00,0.83,,United Kingdom
580524,22952,60 CAKE CASES VINTAGE CHRISTMAS,24,2011-12-04 15:13:00,0.55,13704.0,United Kingdom
571294,23330,DECORATIVE WICKER HEART MEDIUM,6,2011-10-16 16:09:00,1.25,16987.0,United Kingdom
543651,22637,PIGGY BANK RETROSPOT ,4,2011-02-11 10:06:00,2.55,16306.0,United Kingdom
570688,22989,SET 2 PANTRY DESIGN TEA TOWELS,1,2011-10-11 16:29:00,6.63,,United Kingdom
548191,85203,HANGING WOOD AND FELT BUTTERFLY ,2,2011-03-29 15:20:00,0.79,,United Kingdom
538002,21587,COSY HOUR GIANT TUBE MATCHES,12,2010-12-09 11:48:00,2.55,14932.0,Channel Islands
575034,22607,WOODEN ROUNDERS GARDEN SET ,1,2011-11-08 11:38:00,9.95,15573.0,United Kingdom
553035,20846,ZINC HEART LATTICE T-LIGHT HOLDER,1,2011-05-12 20:13:00,1.25,17337.0,United Kingdom
571317,22111,SCOTTIE DOG HOT WATER BOTTLE,1,2011-10-17 10:48:00,4.95,17377.0,United Kingdom
552548,82484,WOOD BLACK BOARD ANT WHITE FINISH,2,2011-05-10 10:35:00,7.95,16357.0,United Kingdom
572680,21913,VINTAGE SEASIDE JIGSAW PUZZLES,2,2011-10-25 13:48:00,3.75,,Portugal
577859,22385,JUMBO BAG SPACEBOY DESIGN,10,2011-11-22 11:24:00,2.08,14534.0,United Kingdom
555524,22697,GREEN REGENCY TEACUP AND SAUCER,1,2011-06-05 11:37:00,2.95,16923.0,United Kingdom
539731,21481,FAWN BLUE HOT WATER BOTTLE,36,2010-12-21 15:05:00,2.55,14646.0,Netherlands
563935,21035,SET/2 RED RETROSPOT TEA TOWELS ,2,2011-08-21 16:24:00,3.25,15547.0,United Kingdom
562717,21564,PINK  HEART SHAPE LOVE BUCKET ,1,2011-08-08 15:42:00,5.79,,United Kingdom
548313,22090,PAPER BUNTING RETROSPOT,6,2011-03-30 12:15:00,2.95,15353.0,United Kingdom
552886,84375,SET OF 20 KIDS COOKIE CUTTERS,12,2011-05-12 10:18:00,2.1,16244.0,United Kingdom
575856,85032C,CURIOUS IMAGES GIFT WRAP SET,1,2011-11-11 12:28:00,0.65,16386.0,United Kingdom
544822,21326,AGED GLASS SILVER T-LIGHT HOLDER,24,2011-02-24 09:08:00,0.65,18231.0,United Kingdom
544161,22384,LUNCH BAG PINK POLKADOT,10,2011-02-16 12:59:00,1.65,16875.0,United Kingdom
569415,22679,FRENCH BLUE METAL DOOR SIGN 4,1,2011-10-04 10:14:00,2.46,,United Kingdom
555325,21931,JUMBO STORAGE BAG SUKI,2,2011-06-02 11:02:00,4.13,,United Kingdom
C549922,22423,REGENCY CAKESTAND 3 TIER,-1,2011-04-13 09:55:00,12.75,15674.0,United Kingdom
573384,82483,WOOD 2 DRAWER CABINET WHITE FINISH,4,2011-10-30 14:19:00,6.95,15478.0,United Kingdom
568198,21770,OPEN CLOSED METAL SIGN,2,2011-09-25 14:52:00,4.95,16771.0,United Kingdom
554270,85152,HAND OVER THE CHOCOLATE   SIGN ,1,2011-05-23 13:05:00,2.1,15046.0,United Kingdom
580482,23308,SET OF 60 VINTAGE LEAF CAKE CASES ,2,2011-12-04 12:44:00,0.55,16033.0,United Kingdom
577633,84659A,WHITE TRAVEL ALARM CLOCK,6,2011-11-21 10:35:00,2.55,14194.0,United Kingdom
571433,23534,STOP FOR TEA WALL ART,3,2011-10-17 13:19:00,5.95,13015.0,United Kingdom
558435,21745,GAOLERS KEYS DECORATIVE GARDEN ,24,2011-06-29 12:37:00,3.39,13078.0,United Kingdom
562516,23089,GLASS BON BON JAR,12,2011-08-05 12:25:00,1.65,15129.0,United Kingdom
557855,23014,GLASS APOTHECARY BOTTLE ELIXIR,2,2011-06-23 11:46:00,3.95,16806.0,United Kingdom
566169,21992,VINTAGE PAISLEY STATIONERY SET,24,2011-09-09 12:09:00,1.25,14414.0,United Kingdom
553057,23199,JUMBO BAG APPLES,10,2011-05-13 10:41:00,2.08,16161.0,United Kingdom
565141,22326,ROUND SNACK BOXES SET OF4 WOODLAND ,2,2011-09-01 13:40:00,2.95,17841.0,United Kingdom
575003,84836,ZINC METAL HEART DECORATION,12,2011-11-08 11:09:00,1.25,15950.0,United Kingdom
578373,22086,PAPER CHAIN KIT 50'S CHRISTMAS ,6,2011-11-24 11:19:00,2.95,17451.0,United Kingdom
541855,22470,HEART OF WICKER LARGE,2,2011-01-23 14:59:00,2.95,13742.0,United Kingdom
540247,22720,SET OF 3 CAKE TINS PANTRY DESIGN ,1,2011-01-05 15:56:00,4.95,15464.0,United Kingdom
565234,22106,MIRROR MOSAIC HURRICANE LAMP ,8,2011-09-02 09:38:00,4.96,,United Kingdom
544448,47567B,TEA TIME KITCHEN APRON,2,2011-02-20 12:01:00,5.95,14878.0,United Kingdom
572321,21790,VINTAGE SNAP CARDS,12,2011-10-24 08:59:00,0.85,15592.0,United Kingdom
542115,84347,ROTATING SILVER ANGELS T-LIGHT HLDR,1,2011-01-25 14:01:00,5.79,,United Kingdom
547967,22199,FRYING PAN RED RETROSPOT,1,2011-03-28 15:49:00,8.29,,United Kingdom
577314,82494L,WOODEN FRAME ANTIQUE WHITE ,6,2011-11-18 13:23:00,2.95,12444.0,Norway
580979,23391, I LOVE LONDON MINI BACKPACK,4,2011-12-06 15:40:00,4.15,12362.0,Belgium
559535,21916,SET 12 RETRO WHITE CHALK STICKS,1,2011-07-10 12:16:00,0.42,17841.0,United Kingdom
C563197,23160,REGENCY TEA SPOON,-3,2011-08-14 09:57:00,1.25,13047.0,United Kingdom
568316,84991,60 TEATIME FAIRY CAKE CASES,1,2011-09-26 13:21:00,0.55,16407.0,United Kingdom
570049,23291,DOLLY GIRL CHILDRENS CUP,6,2011-10-07 10:55:00,1.25,17228.0,United Kingdom
576508,23217,LAUREL HEART ANTIQUE SILVER,6,2011-11-15 12:02:00,1.25,17777.0,United Kingdom
543915,85212,MINI PAINTED GARDEN DECORATION ,72,2011-02-14 13:21:00,0.21,13717.0,United Kingdom
573748,22037,ROBOT BIRTHDAY CARD,12,2011-11-01 09:24:00,0.42,14911.0,EIRE
575952,21328,BALLOONS  WRITING SET ,2,2011-11-13 11:55:00,1.65,16015.0,United Kingdom
554372,22907,PACK OF 20 NAPKINS PANTRY DESIGN,12,2011-05-24 10:50:00,0.85,13842.0,United Kingdom
556507,20726,LUNCH BAG WOODLAND,10,2011-06-13 09:55:00,1.65,12567.0,France
548162,22380,TOY TIDY SPACEBOY  ,2,2011-03-29 13:42:00,4.13,,United Kingdom
566400,22600,CHRISTMAS RETROSPOT STAR WOOD,12,2011-09-12 13:16:00,0.85,17139.0,United Kingdom
566588,23343,JUMBO BAG VINTAGE CHRISTMAS ,10,2011-09-13 14:42:00,2.08,17562.0,United Kingdom
574959,23493,VINTAGE DOILY TRAVEL SEWING KIT,1,2011-11-08 10:09:00,1.95,17886.0,United Kingdom
580115,22410,MONEY BOX HOUSEKEEPING DESIGN,3,2011-12-01 16:22:00,2.46,,United Kingdom
556243,22098,BOUDOIR SQUARE TISSUE BOX,2,2011-06-09 16:07:00,2.46,,United Kingdom
546896,22249,DECORATION WHITE CHICK MAGIC GARDEN,1,2011-03-17 18:24:00,1.63,,United Kingdom
553718,84879,ASSORTED COLOUR BIRD ORNAMENT,8,2011-05-18 16:14:00,3.12,,United Kingdom
C547725,84879,ASSORTED COLOUR BIRD ORNAMENT,-8,2011-03-25 10:43:00,1.69,,United Kingdom
553162,20619,TROPICAL PASSPORT COVER ,1,2011-05-13 15:53:00,1.63,,United Kingdom
555604,22464,HANGING METAL HEART LANTERN,12,2011-06-06 11:37:00,1.65,16612.0,United Kingdom
547063,22352,LUNCH BOX WITH CUTLERY RETROSPOT ,2,2011-03-20 13:33:00,2.55,14769.0,United Kingdom
544909,21065,BOOM BOX SPEAKER GIRLS,96,2011-02-24 14:32:00,1.25,14298.0,United Kingdom
559497,22055,MINI CAKE STAND  HANGING STRAWBERY,1,2011-07-08 13:54:00,3.29,,United Kingdom
561513,22534,MAGIC DRAWING SLATE SPACEBOY ,1,2011-07-27 15:12:00,0.83,,United Kingdom
571937,23263,SET OF 3 WOODEN HEART DECORATIONS,96,2011-10-20 09:28:00,1.04,14911.0,EIRE
576098,22589,CARDHOLDER GINGHAM STAR,6,2011-11-14 10:01:00,2.89,14862.0,United Kingdom
565117,22772,PINK DRAWER KNOB ACRYLIC EDWARDIAN,12,2011-09-01 11:33:00,1.25,13089.0,United Kingdom
543040,22683,FRENCH BLUE METAL DOOR SIGN 8,1,2011-02-02 17:06:00,1.25,17337.0,United Kingdom
537638,21787,RAIN PONCHO RETROSPOT,2,2010-12-07 15:28:00,1.66,,United Kingdom
536532,22899,CHILDREN'S APRON DOLLY GIRL ,8,2010-12-01 13:24:00,2.1,12433.0,Norway
540348,22937,BAKING MOULD CHOCOLATE CUPCAKES,2,2011-01-06 13:56:00,2.55,12841.0,United Kingdom
547030,22487,WHITE WOOD GARDEN PLANT LADDER,1,2011-03-20 10:17:00,9.95,12948.0,United Kingdom
538537,85062,PEARL CRYSTAL PUMPKIN T-LIGHT HLDR,12,2010-12-13 10:41:00,1.65,12747.0,United Kingdom
537362,22424,ENAMEL BREAD BIN CREAM,1,2010-12-06 12:34:00,12.75,17596.0,United Kingdom
581232,20679,EDWARDIAN PARASOL RED,24,2011-12-08 10:26:00,5.95,12358.0,Austria
559039,82581,TOILET METAL SIGN,1,2011-07-05 15:32:00,1.25,,United Kingdom
568062,21212,PACK OF 72 RETROSPOT CAKE CASES,24,2011-09-23 13:18:00,0.55,14014.0,United Kingdom
553737,21466,RED FLOWER CROCHET FOOD COVER,6,2011-05-19 08:50:00,3.75,15116.0,United Kingdom
554076,23111,PARISIENNE SEWING BOX,1,2011-05-22 11:30:00,12.5,16556.0,United Kingdom
555351,23204,CHARLOTTE BAG APPLES DESIGN,30,2011-06-02 12:37:00,0.85,13408.0,United Kingdom
553543,84993a,75 GREEN PETIT FOUR CASES,2,2011-05-17 15:35:00,0.83,,United Kingdom
556100,22457,NATURAL SLATE HEART CHALKBOARD ,6,2011-06-08 16:00:00,2.95,15238.0,United Kingdom
575070,85099C,JUMBO  BAG BAROQUE BLACK WHITE,3,2011-11-08 12:58:00,2.08,17841.0,United Kingdom
574909,22620,4 TRADITIONAL SPINNING TOPS,1,2011-11-07 15:40:00,1.45,13673.0,United Kingdom
576837,21479,WHITE SKULL HOT WATER BOTTLE ,2,2011-11-16 15:16:00,8.29,,United Kingdom
559055,21579,LOLITA  DESIGN  COTTON TOTE BAG,1,2011-07-05 17:09:00,1.63,,United Kingdom
557949,22624,IVORY KITCHEN SCALES,2,2011-06-23 17:20:00,8.5,15530.0,United Kingdom
547062,84683,CLASSICAL ROSE CANDLESTAND,2,2011-03-20 13:28:00,1.25,16728.0,United Kingdom
561099,22508,DOORSTOP RETROSPOT HEART,3,2011-07-25 11:01:00,3.75,14100.0,United Kingdom
561209,22470,HEART OF WICKER LARGE,3,2011-07-25 16:57:00,3.29,,United Kingdom
568060,21481,FAWN BLUE HOT WATER BOTTLE,1,2011-09-23 13:11:00,3.75,14546.0,United Kingdom
554961,22161,HEART DECORATION RUSTIC HANGING ,2,2011-05-27 15:19:00,1.63,,United Kingdom
573585,22742,MAKE YOUR OWN PLAYTIME CARD KIT,1,2011-10-31 14:41:00,5.79,,United Kingdom
563730,21733,RED HANGING HEART T-LIGHT HOLDER,6,2011-08-18 17:43:00,2.95,14221.0,United Kingdom
576779,22197,POPCORN HOLDER,25,2011-11-16 13:25:00,0.85,14554.0,United Kingdom
576066,23461,SWEETHEART BIRD HOUSE,1,2011-11-13 15:44:00,4.15,16898.0,United Kingdom
577601,22382,LUNCH BAG SPACEBOY DESIGN ,10,2011-11-21 08:31:00,1.65,17675.0,United Kingdom
572192,23354,6 GIFT TAGS 50'S CHRISTMAS ,1,2011-10-21 11:30:00,0.83,18118.0,United Kingdom
575176,23513,EMBROIDERED RIBBON REEL SUSIE ,2,2011-11-08 18:29:00,4.13,,United Kingdom
572513,23245,SET OF 3 REGENCY CAKE TINS,1,2011-10-24 14:36:00,4.95,16728.0,United Kingdom
580822,16216,LETTER SHAPE PENCIL SHARPENER,80,2011-12-06 11:33:00,0.06,17884.0,United Kingdom
541875,22969,HOMEMADE JAM SCENTED CANDLES,12,2011-01-24 10:01:00,1.45,16558.0,United Kingdom
551558,84510A,SET OF 4 ENGLISH ROSE COASTERS,1,2011-05-03 10:41:00,1.25,17841.0,United Kingdom
575976,22113,GREY HEART HOT WATER BOTTLE,3,2011-11-13 13:26:00,4.25,15271.0,United Kingdom
560537,84032A,CHARLIE+LOLA PINK HOT WATER BOTTLE,2,2011-07-19 12:19:00,2.95,17779.0,United Kingdom
568469,21876,POTTERING MUG,12,2011-09-27 11:38:00,1.65,14141.0,United Kingdom
542109,22088,PAPER BUNTING COLOURED LACE,2,2011-01-25 13:44:00,4.13,,United Kingdom
576687,23493,VINTAGE DOILY TRAVEL SEWING KIT,1,2011-11-16 12:13:00,1.95,13558.0,United Kingdom
576837,79190A,RETRO PLASTIC 70'S TRAY,2,2011-11-16 15:16:00,0.83,,United Kingdom
579495,35599B,BLACK CHRISTMAS TREE 120CM,6,2011-11-29 15:34:00,1.95,13576.0,United Kingdom
558614,22794,SWEETHEART WIRE MAGAZINE RACK,1,2011-06-30 15:56:00,15.79,,United Kingdom
551868,22120,WELCOME  WOODEN BLOCK LETTERS,12,2011-05-04 16:29:00,8.5,12540.0,Spain
574739,22460,EMBOSSED GLASS TEALIGHT HOLDER,24,2011-11-06 16:04:00,1.25,16357.0,United Kingdom
564758,20670,VIP HOLIDAY PURSE,2,2011-08-30 10:39:00,2.46,,United Kingdom
544656,22988,SOLDIERS EGG CUP ,12,2011-02-22 13:02:00,1.25,17442.0,United Kingdom
546919,22585,PACK OF 6 BIRDY GIFT TAGS,144,2011-03-18 09:55:00,1.06,12500.0,Germany
549690,22670,FRENCH WC SIGN BLUE METAL,1,2011-04-11 13:41:00,1.25,17841.0,United Kingdom
544037,21908,CHOCOLATE THIS WAY METAL SIGN,12,2011-02-15 11:31:00,2.1,14961.0,United Kingdom
578705,22196,SMALL HEART MEASURING SPOONS,1,2011-11-25 11:12:00,0.85,12531.0,Germany
575520,23076,ICE CREAM SUNDAE LIP GLOSS,24,2011-11-10 10:56:00,1.25,17537.0,United Kingdom
580875,22806,SET OF 6 T-LIGHTS WEDDING CAKE ,12,2011-12-06 12:11:00,1.25,17744.0,United Kingdom
567700,22556,PLASTERS IN TIN CIRCUS PARADE ,12,2011-09-22 09:33:00,1.65,16379.0,United Kingdom
581424,21485,RETROSPOT HEART HOT WATER BOTTLE,3,2011-12-08 15:29:00,4.95,13890.0,United Kingdom
565398,22667,RECIPE BOX RETROSPOT ,48,2011-09-02 16:50:00,2.55,15856.0,United Kingdom
539008,22128,PARTY CONES CANDY ASSORTED,24,2010-12-15 13:21:00,1.25,17033.0,United Kingdom
572549,23354,6 GIFT TAGS 50'S CHRISTMAS ,2,2011-10-24 17:03:00,1.63,,United Kingdom
567670,21213,PACK OF 72 SKULL CAKE CASES,3,2011-09-21 15:32:00,1.25,,United Kingdom
544812,22173,METAL 4 HOOK HANGER FRENCH CHATEAU,5,2011-02-23 15:58:00,5.79,,United Kingdom
542886,21383,PACK OF 12 STICKY BUNNIES,1,2011-02-01 13:09:00,0.65,16515.0,United Kingdom
537868,22899,CHILDREN'S APRON DOLLY GIRL ,8,2010-12-08 16:49:00,2.1,12433.0,Norway
579545,23208,LUNCH BAG VINTAGE LEAF DESIGN,20,2011-11-30 10:18:00,1.65,13098.0,United Kingdom
577489,23352,ROLL WRAP 50'S RED CHRISTMAS ,1,2011-11-20 12:07:00,1.25,,United Kingdom
561098,23298,SPOTTY BUNTING,4,2011-07-25 10:56:00,4.95,14194.0,United Kingdom
570187,23344,JUMBO BAG 50'S CHRISTMAS ,1,2011-10-07 15:09:00,4.13,,United Kingdom
540255,22949,36 DOILIES DOLLY GIRL,3,2011-01-05 16:50:00,2.98,,United Kingdom
553014,72140E,BEST DAD CANDLE LETTERS,6,2011-05-12 18:49:00,0.85,13451.0,United Kingdom
544931,48116,DOORMAT MULTICOLOUR STRIPE,2,2011-02-24 18:59:00,7.95,13501.0,Switzerland
580140,23110,PARISIENNE KEY CABINET ,2,2011-12-02 09:19:00,5.75,14895.0,United Kingdom
566290,21929,JUMBO BAG PINK VINTAGE PAISLEY,1,2011-09-11 15:24:00,2.08,14456.0,United Kingdom
546851,21774,DECORATIVE CATS BATHROOM BOTTLE,12,2011-03-17 13:23:00,1.25,12480.0,Germany
548993,22361,GLASS JAR DAISY FRESH COTTON WOOL,24,2011-04-05 13:56:00,2.55,12753.0,Japan
568703,23133,LARGE IVORY HEART WALL ORGANISER,4,2011-09-28 15:21:00,8.25,12748.0,United Kingdom
542006,85099C,JUMBO  BAG BAROQUE BLACK WHITE,10,2011-01-25 11:20:00,1.95,15218.0,United Kingdom
578827,22576,SWALLOW WOODEN CHRISTMAS DECORATION,2,2011-11-25 14:25:00,1.63,,United Kingdom
570824,72351B,SET/6 PINK  BUTTERFLY T-LIGHTS,12,2011-10-12 12:58:00,2.1,14299.0,United Kingdom
552867,22725,ALARM CLOCK BAKELIKE CHOCOLATE,4,2011-05-12 08:36:00,3.75,15513.0,United Kingdom
573543,23152,IVORY SWEETHEART WIRE LETTER RACK ,2,2011-10-31 13:05:00,3.75,17777.0,United Kingdom
576879,23355,HOT WATER BOTTLE KEEP CALM,6,2011-11-16 16:52:00,4.95,18006.0,United Kingdom
574315,21716,BOYS VINTAGE TIN SEASIDE BUCKET,32,2011-11-03 17:53:00,2.1,17076.0,United Kingdom
558067,23124,18PC WOODEN CUTLERY SET DISPOSABLE,32,2011-06-24 15:51:00,1.25,14156.0,EIRE
562717,23162,REGENCY TEA STRAINER,4,2011-08-08 15:42:00,7.46,,United Kingdom
541260,22722,SET OF 6 SPICE TINS PANTRY DESIGN,2,2011-01-16 15:44:00,3.95,16059.0,United Kingdom
539311,84821,DANISH ROSE DELUXE COASTER,24,2010-12-16 17:53:00,0.21,14643.0,United Kingdom
571716,23301,GARDENERS KNEELING PAD KEEP CALM ,1,2011-10-18 17:05:00,3.29,,United Kingdom
564725,23266,SET OF 3 WOODEN STOCKING DECORATION,1,2011-08-28 12:28:00,1.25,18041.0,United Kingdom
579002,21561,DINOSAUR LUNCH BOX WITH CUTLERY,1,2011-11-27 16:27:00,2.55,14093.0,United Kingdom
547884,22971,QUEENS GUARD COFFEE MUG,6,2011-03-28 09:07:00,2.55,13481.0,United Kingdom
557776,23032,DRAWER KNOB CRACKLE GLAZE IVORY,6,2011-06-22 15:07:00,1.65,14422.0,United Kingdom
547069,23233,WRAP POPPIES  DESIGN,25,2011-03-20 13:52:00,0.42,16710.0,United Kingdom
564303,22569,FELTCRAFT CUSHION BUTTERFLY,4,2011-08-24 12:04:00,3.75,16042.0,United Kingdom
566452,23414,ZINC BOX SIGN HOME,1,2011-09-12 16:14:00,9.95,14901.0,United Kingdom
565388,23338,EGG FRYING PAN RED ,1,2011-09-02 15:56:00,2.08,14415.0,United Kingdom
558105,22384,LUNCH BAG PINK POLKADOT,2,2011-06-26 14:54:00,1.65,15644.0,United Kingdom
562717,22131,FOOD CONTAINER SET 3 LOVE HEART ,1,2011-08-08 15:42:00,4.13,,United Kingdom
562037,22721,SET OF 3 CAKE TINS SKETCHBOOK,3,2011-08-02 09:34:00,4.95,13023.0,United Kingdom
570455,21382,SET/4 SPRING FLOWER DECORATION,1,2011-10-10 15:27:00,0.75,14529.0,United Kingdom
556067,47566,PARTY BUNTING,1,2011-06-08 14:35:00,4.95,12748.0,United Kingdom
550542,84969,BOX OF 6 ASSORTED COLOUR TEASPOONS,1,2011-04-19 11:37:00,3.29,,United Kingdom
553389,22088,PAPER BUNTING COLOURED LACE,1,2011-05-16 16:37:00,5.79,,United Kingdom
540464,47559B,TEA TIME OVEN GLOVE,10,2011-01-07 13:17:00,1.06,14298.0,United Kingdom
563590,22730,ALARM CLOCK BAKELIKE IVORY,250,2011-08-17 20:02:00,4.08,17450.0,United Kingdom
543468,47566,PARTY BUNTING,3,2011-02-08 14:45:00,4.95,14562.0,United Kingdom
573501,21015,DARK BIRD HOUSE TREE DECORATION,24,2011-10-31 12:02:00,0.29,18055.0,United Kingdom
560701,23203,JUMBO BAG DOILEY PATTERNS,1,2011-07-20 12:45:00,2.08,16729.0,United Kingdom
546005,20969,RED FLORAL FELTCRAFT SHOULDER BAG,4,2011-03-08 15:17:00,3.75,14426.0,United Kingdom
558904,22027,TEA PARTY BIRTHDAY CARD,1,2011-07-04 16:18:00,0.83,,United Kingdom
569683,22579,WOODEN TREE CHRISTMAS SCANDINAVIAN,12,2011-10-05 14:39:00,0.29,15953.0,United Kingdom
549771,22241,GARLAND WOODEN HAPPY EASTER,4,2011-04-12 11:43:00,1.25,14669.0,United Kingdom
546848,21558,SKULL LUNCH BOX WITH CUTLERY ,1,2011-03-17 12:53:00,2.55,13533.0,United Kingdom
543411,84380,SET OF 3 BUTTERFLY COOKIE CUTTERS,12,2011-02-08 11:31:00,1.25,12576.0,Poland
539434,22195,LARGE HEART MEASURING SPOONS,4,2010-12-17 14:41:00,3.36,,United Kingdom
561926,22796,PHOTO FRAME 3 CLASSIC HANGING,4,2011-08-01 12:48:00,9.95,12749.0,United Kingdom
563754,21922,UNION STRIPE WITH FRINGE  HAMMOCK,2,2011-08-19 10:56:00,7.95,15396.0,United Kingdom
577078,84378,SET OF 3 HEART COOKIE CUTTERS,2,2011-11-17 15:17:00,2.46,,United Kingdom
567197,22197,SMALL POPCORN HOLDER,48,2011-09-19 10:10:00,0.85,14934.0,Channel Islands
556247,23127,FELTCRAFT GIRL NICOLE KIT,3,2011-06-09 16:16:00,4.95,15058.0,United Kingdom
578827,22075,6 RIBBONS ELEGANT CHRISTMAS ,6,2011-11-25 14:25:00,1.63,,United Kingdom
569675,22624,IVORY KITCHEN SCALES,2,2011-10-05 14:03:00,8.5,15687.0,United Kingdom
563195,21918,SET 12 KIDS COLOUR  CHALK STICKS,1,2011-08-12 16:36:00,0.83,,United Kingdom
C562582,23008,DOLLY GIRL BABY GIFT SET,-1,2011-08-07 13:53:00,16.95,15640.0,United Kingdom
571289,20974,12 PENCILS SMALL TUBE SKULL,48,2011-10-16 15:27:00,0.65,15113.0,United Kingdom
581414,90214R,"LETTER ""R"" BLING KEY RING",1,2011-12-08 14:39:00,0.29,14730.0,United Kingdom
566272,23087,ZINC  HEART T-LIGHT HOLDER,16,2011-09-11 13:51:00,1.25,14487.0,United Kingdom
580639,17091J,VANILLA INCENSE IN TIN,1,2011-12-05 12:46:00,0.38,17254.0,United Kingdom
568712,21988,PACK OF 6 SKULL PAPER PLATES,4,2011-09-28 15:50:00,0.85,17841.0,United Kingdom
575683,22767,TRIPLE PHOTO FRAME CORNICE ,6,2011-11-10 15:51:00,9.95,17389.0,United Kingdom
563440,21090,SET/6 COLLAGE PAPER PLATES,12,2011-08-16 13:12:00,0.39,13189.0,United Kingdom
563376,21930,JUMBO STORAGE BAG SKULLS,3,2011-08-16 10:36:00,2.08,15752.0,United Kingdom
538374,22384,LUNCH BAG PINK POLKADOT,3,2010-12-12 11:17:00,1.65,14159.0,United Kingdom
550710,82552,WASHROOM METAL SIGN,96,2011-04-20 11:05:00,1.7,17450.0,United Kingdom
546528,22089,PAPER BUNTING VINTAGE PAISLEY,2,2011-03-14 13:04:00,2.95,15311.0,United Kingdom
561894,22423,REGENCY CAKESTAND 3 TIER,1,2011-07-31 15:00:00,12.75,14456.0,United Kingdom
543997,21985,PACK OF 12 HEARTS DESIGN TISSUES ,1,2011-02-15 10:49:00,0.29,17348.0,United Kingdom
576618,21803,CHRISTMAS TREE STAR DECORATION,11,2011-11-15 17:00:00,0.42,,United Kingdom
549843,22561,WOODEN SCHOOL COLOURING SET,12,2011-04-12 14:04:00,1.65,13157.0,United Kingdom
562560,20764,ABSTRACT CIRCLES SKETCHBOOK ,2,2011-08-05 17:12:00,3.75,14156.0,EIRE
578927,20726,LUNCH BAG WOODLAND,2,2011-11-27 12:26:00,1.65,15747.0,United Kingdom
560942,20724,RED RETROSPOT CHARLOTTE BAG,12,2011-07-22 11:31:00,0.85,15005.0,United Kingdom
540672,21279,VINTAGE KITCHEN PRINT FRUITS,6,2011-01-10 15:51:00,2.55,15281.0,United Kingdom
580983,23263,SET OF 3 WOODEN HEART DECORATIONS,6,2011-12-06 16:26:00,2.46,,United Kingdom
548666,21058,PARTY INVITES WOODLAND,12,2011-04-01 14:58:00,0.85,13124.0,United Kingdom
577813,21485,RETROSPOT HEART HOT WATER BOTTLE,3,2011-11-22 09:06:00,4.95,14297.0,United Kingdom
578626,21485,RETROSPOT HEART HOT WATER BOTTLE,6,2011-11-24 15:38:00,4.95,12709.0,Germany
540154,21754,HOME BUILDING BLOCK WORD,2,2011-01-05 11:30:00,11.87,,United Kingdom
544463,22090,PAPER BUNTING RETROSPOT,1,2011-02-20 14:31:00,2.95,12988.0,United Kingdom
560843,20713,JUMBO BAG OWLS,60,2011-07-21 12:27:00,1.65,14298.0,United Kingdom
556256,22698,PINK REGENCY TEACUP AND SAUCER,6,2011-06-09 17:37:00,2.95,14309.0,United Kingdom
549787,21169,YOU'RE CONFUSING ME METAL SIGN ,6,2011-04-12 11:58:00,1.69,13268.0,United Kingdom
575152,71459,HANGING JAM JAR T-LIGHT HOLDERS,12,2011-11-08 16:12:00,0.85,16284.0,United Kingdom
541132,21156,RETROSPOT CHILDRENS APRON,1,2011-01-14 10:17:00,4.13,,United Kingdom
550834,22326,ROUND SNACK BOXES SET OF4 WOODLAND ,1,2011-04-21 10:51:00,2.95,14730.0,United Kingdom
571456,23199,JUMBO BAG APPLES,1,2011-10-17 13:57:00,2.08,16729.0,United Kingdom
564221,23166,MEDIUM CERAMIC TOP STORAGE JAR,1,2011-08-24 09:36:00,2.46,,United Kingdom
547398,21080,SET/20 RED RETROSPOT PAPER NAPKINS ,1,2011-03-22 16:55:00,2.46,,United Kingdom
567667,23334,IVORY WICKER HEART SMALL,1,2011-09-21 15:24:00,1.25,,United Kingdom
563200,23328,SET 6 SCHOOL MILK BOTTLES IN CRATE,1,2011-08-14 10:49:00,3.75,13838.0,United Kingdom
536638,22502,PICNIC BASKET WICKER SMALL,4,2010-12-02 11:41:00,5.95,16244.0,United Kingdom
537335,20717,STRAWBERRY SHOPPER BAG,1,2010-12-06 12:15:00,1.25,15048.0,United Kingdom
562562,47503H,ASS FLORAL PRINT SPIRIT LEVEL ,1,2011-08-05 17:43:00,0.79,16271.0,United Kingdom
573405,23321,SMALL WHITE HEART OF WICKER,3,2011-10-30 15:55:00,1.65,13822.0,United Kingdom
567182,20972,PINK CREAM FELT CRAFT TRINKET BOX ,12,2011-09-18 15:21:00,1.25,13334.0,United Kingdom
561515,90039B,FIRE POLISHED GLASS BRACELET MONTAN,1,2011-07-27 15:16:00,3.73,,United Kingdom
560125,22910,PAPER CHAIN KIT VINTAGE CHRISTMAS,1,2011-07-15 10:44:00,2.95,18118.0,United Kingdom
570879,22727,ALARM CLOCK BAKELIKE RED ,12,2011-10-13 08:42:00,3.75,12685.0,France
577358,21891,TRADITIONAL WOODEN SKIPPING ROPE,2,2011-11-18 15:59:00,2.46,,United Kingdom
573137,23212,HEART WREATH DECORATION WITH BELL,2,2011-10-27 17:15:00,2.46,,United Kingdom
567304,23406,HOME SWEET HOME KEY HOLDER,1,2011-09-19 13:27:00,6.25,14704.0,United Kingdom
576617,22543,MINI JIGSAW BAKE A CAKE ,1,2011-11-15 16:57:00,0.83,,United Kingdom
551775,22966,GINGERBREAD MAN COOKIE CUTTER,12,2011-05-04 11:21:00,1.25,12886.0,United Kingdom
555524,22294,HEART FILIGREE DOVE  SMALL,48,2011-06-05 11:37:00,1.25,16923.0,United Kingdom
543345,37446,MINI CAKE STAND WITH HANGING CAKES,1,2011-02-07 12:29:00,3.29,,United Kingdom
559507,79337,BLUE FLOCK GLASS CANDLEHOLDER,1,2011-07-08 15:22:00,0.38,15920.0,United Kingdom
548163,22698,PINK REGENCY TEACUP AND SAUCER,1,2011-03-29 13:43:00,5.79,,United Kingdom
578827,21871,SAVE THE PLANET MUG,1,2011-11-25 14:25:00,3.29,,United Kingdom
560772,17012B,ORIGAMI JASMINE INCENSE/CANDLE SET,1,2011-07-20 16:12:00,2.46,,United Kingdom
564536,21756,BATH BUILDING BLOCK WORD,2,2011-08-25 15:12:00,5.95,13159.0,United Kingdom
581133,20932,PINK POT PLANT CANDLE,12,2011-12-07 12:55:00,1.25,14904.0,United Kingdom
578369,23130,MISTLETOE HEART WREATH GREEN,1,2011-11-24 11:10:00,4.15,14698.0,United Kingdom
580759,22319,HAIRCLIPS FORTIES FABRIC ASSORTED,36,2011-12-06 10:30:00,0.19,17593.0,United Kingdom
575326,23439,HAND WARMER RED LOVE HEART,12,2011-11-09 13:47:00,2.1,12532.0,France
570482,23065,LARGE DECO JEWELLERY STAND,1,2011-10-10 17:00:00,12.5,17459.0,United Kingdom
569672,22776,SWEETHEART 3 TIER CAKE STAND ,1,2011-10-05 13:58:00,9.95,17841.0,United Kingdom
C557411,23110,PARISIENNE KEY CABINET ,-2,2011-06-20 11:37:00,5.75,13343.0,United Kingdom
545078,22321,BIRD DECORATION RED RETROSPOT,2,2011-02-28 10:15:00,1.63,,United Kingdom
546008,85123A,WHITE HANGING HEART T-LIGHT HOLDER,3,2011-03-08 15:43:00,5.79,,United Kingdom
580672,20719,WOODLAND CHARLOTTE BAG,3,2011-12-05 14:29:00,0.85,17920.0,United Kingdom
547910,22250,DECORATION  BUTTERFLY  MAGIC GARDEN,6,2011-03-28 12:23:00,0.85,14159.0,United Kingdom
559928,21977,PACK OF 60 PINK PAISLEY CAKE CASES,24,2011-07-14 08:52:00,0.55,12405.0,Finland
572758,21889,WOODEN BOX OF DOMINOES,2,2011-10-25 18:39:00,2.46,,United Kingdom
544286,21407,BROWN CHECK CAT DOORSTOP ,2,2011-02-17 12:29:00,4.25,13151.0,United Kingdom
544067,20756,GREEN FERN POCKET BOOK,3,2011-02-15 14:02:00,0.85,16431.0,United Kingdom
539437,22960,JAM MAKING SET WITH JARS,2,2010-12-17 14:54:00,8.47,,United Kingdom
581023,21181,PLEASE ONE PERSON METAL SIGN,5,2011-12-07 10:35:00,4.13,,United Kingdom
566816,22690,DOORMAT HOME SWEET HOME BLUE ,10,2011-09-15 10:53:00,7.08,12731.0,France
549966,21703,BAG 125g SWIRLY MARBLES,12,2011-04-13 14:17:00,0.42,16224.0,United Kingdom
546520,20803,SMALL PINK GLASS SUNDAE DISH,6,2011-03-14 12:28:00,1.65,14911.0,EIRE
581219,22189,CREAM HEART CARD HOLDER,1,2011-12-08 09:28:00,8.29,,United Kingdom
569530,21479,WHITE SKULL HOT WATER BOTTLE ,1,2011-10-04 14:58:00,4.25,17957.0,United Kingdom
550347,22568,FELTCRAFT CUSHION OWL,4,2011-04-18 09:33:00,3.75,14227.0,United Kingdom
556813,22717,CARD DOG AND BALL ,1,2011-06-14 17:28:00,0.83,,United Kingdom
553202,22279,POCKET BAG BLUE PAISLEY RED SPOT,6,2011-05-15 16:02:00,1.25,15854.0,United Kingdom
560093,23317,BLUE REFECTORY CLOCK ,2,2011-07-14 17:11:00,9.95,14461.0,United Kingdom
545713,21671,RED SPOT CERAMIC DRAWER KNOB,17,2011-03-07 10:11:00,3.29,,United Kingdom
556433,22328,ROUND SNACK BOXES SET OF 4 FRUITS ,2,2011-06-10 14:01:00,4.13,,United Kingdom
555485,21285,RETROSPOT CANDLE  MEDIUM,12,2011-06-03 12:39:00,2.1,17722.0,United Kingdom
557275,21507,"ELEPHANT, BIRTHDAY CARD, ",12,2011-06-19 11:45:00,0.42,15544.0,United Kingdom
545221,84279B,CHERRY BLOSSOM DECORATIVE FLASK,8,2011-03-01 08:35:00,3.75,14740.0,United Kingdom
560053,20974,12 PENCILS SMALL TUBE SKULL,24,2011-07-14 15:44:00,0.65,17612.0,United Kingdom
565682,21340,CLASSIC METAL BIRDCAGE PLANT HOLDER,1,2011-09-06 10:42:00,12.75,14796.0,United Kingdom
541260,22072,RED RETROSPOT TEA CUP AND SAUCER ,1,2011-01-16 15:44:00,3.75,16059.0,United Kingdom
576644,22698,PINK REGENCY TEACUP AND SAUCER,4,2011-11-16 10:01:00,5.79,,United Kingdom
569363,48188,DOORMAT WELCOME PUPPIES,10,2011-10-03 15:08:00,7.08,13297.0,United Kingdom
553174,84375,SET OF 20 KIDS COOKIE CUTTERS,2,2011-05-15 11:04:00,2.1,16206.0,United Kingdom
543374,22085,PAPER CHAIN KIT SKULLS ,6,2011-02-07 15:05:00,2.95,16945.0,United Kingdom
557621,85231B,CINAMMON SET OF 9 T-LIGHTS,12,2011-06-21 14:00:00,0.85,12444.0,Norway
550496,22885,NUMBER TILE VINTAGE FONT 6 ,1,2011-04-18 15:05:00,4.13,,United Kingdom
549842,22112,CHOCOLATE HOT WATER BOTTLE,3,2011-04-12 13:55:00,4.95,14738.0,United Kingdom
553888,22954,HEN PARTY CORDON BARRIER TAPE,12,2011-05-19 16:09:00,1.25,15201.0,United Kingdom
538071,21263,GREEN GOOSE FEATHER TREE 60CM,1,2010-12-09 14:09:00,5.91,,United Kingdom
580958,23323,WHITE WICKER STAR ,1,2011-12-06 14:30:00,2.1,17266.0,United Kingdom
558067,23245,SET OF 3 REGENCY CAKE TINS,4,2011-06-24 15:51:00,4.95,14156.0,EIRE
544824,22681,FRENCH BLUE METAL DOOR SIGN 6,10,2011-02-24 09:32:00,1.25,17139.0,United Kingdom
578844,71270,PHOTO CLIP LINE,3,2011-11-25 16:14:00,2.46,,United Kingdom
571920,84707A,SILVER JEWELLED MIRROR TRINKET TRAY,2,2011-10-19 16:16:00,9.95,14799.0,United Kingdom
558105,21035,SET/2 RED RETROSPOT TEA TOWELS ,1,2011-06-26 14:54:00,3.25,15644.0,United Kingdom
539747,72741,GRAND CHOCOLATECANDLE,3,2010-12-21 15:23:00,2.82,,United Kingdom
573076,23566,EGG CUP MILKMAID HEIDI,12,2011-10-27 14:05:00,1.25,13488.0,United Kingdom
568883,23425,STORAGE TIN HOME SWEET HOME,12,2011-09-29 12:43:00,2.49,18198.0,United Kingdom
564484,21263,GREEN GOOSE FEATHER TREE 60CM,4,2011-08-25 13:46:00,1.95,13634.0,United Kingdom
544684,21718,RED METAL BEACH SPADE ,2,2011-02-22 16:32:00,2.46,,United Kingdom
551775,22536,MAGIC DRAWING SLATE PURDEY,24,2011-05-04 11:21:00,0.42,12886.0,United Kingdom
574477,85123A,WHITE HANGING HEART T-LIGHT HOLDER,3,2011-11-04 12:21:00,2.95,15453.0,United Kingdom
566021,22607,WOODEN ROUNDERS GARDEN SET ,12,2011-09-08 12:47:00,8.5,15306.0,United Kingdom
550822,84987,SET OF 36 TEATIME PAPER DOILIES,12,2011-04-21 09:26:00,1.45,14001.0,United Kingdom
576255,23122,PARTY CHARMS 50 PIECES,1,2011-11-14 14:09:00,0.83,15993.0,United Kingdom
538832,21871,SAVE THE PLANET MUG,12,2010-12-14 13:03:00,1.25,17158.0,United Kingdom
546364,20668,DISCO BALL CHRISTMAS DECORATION,24,2011-03-11 11:33:00,0.12,,United Kingdom
573160,22426,ENAMEL WASH BOWL CREAM,4,2011-10-28 08:58:00,3.75,14359.0,United Kingdom
574740,23485,BOTANICAL GARDENS WALL CLOCK ,1,2011-11-06 16:07:00,25.0,12357.0,Switzerland
565443,21121,SET/10 RED POLKADOT PARTY CANDLES,24,2011-09-04 14:22:00,1.25,12567.0,France
547398,21557,SET OF 6 FUNKY BEAKERS,1,2011-03-22 16:55:00,5.63,,United Kingdom
580691,90214A,"LETTER ""A"" BLING KEY RING",12,2011-12-05 15:48:00,0.29,13790.0,United Kingdom
567665,82581,TOILET METAL SIGN,1,2011-09-21 15:22:00,1.25,,United Kingdom
565460,22666,RECIPE BOX PANTRY YELLOW DESIGN,6,2011-09-05 09:24:00,2.95,16843.0,United Kingdom
557595,23005,TRAVEL CARD WALLET I LOVE LONDON,7,2011-06-21 11:19:00,0.42,15507.0,United Kingdom
558714,22418,10 COLOUR SPACEBOY PEN,10,2011-07-01 13:17:00,0.85,17888.0,United Kingdom
554096,22553,PLASTERS IN TIN SKULLS,12,2011-05-22 12:51:00,1.65,14921.0,United Kingdom
555933,22382,LUNCH BAG SPACEBOY DESIGN ,10,2011-06-08 08:49:00,1.65,12567.0,France
576326,22065,CHRISTMAS PUDDING TRINKET POT ,2,2011-11-14 15:18:00,0.39,16504.0,United Kingdom
549155,22268,EASTER DECORATION SITTING BUNNY,2,2011-04-06 17:08:00,1.63,,United Kingdom
543981,22817,CARD SUKI BIRTHDAY,12,2011-02-15 08:18:00,0.42,15358.0,United Kingdom
572552,21908,CHOCOLATE THIS WAY METAL SIGN,2,2011-10-24 17:07:00,4.13,14096.0,United Kingdom
571716,23469,CARD HOLDER LOVE BIRD SMALL,1,2011-10-18 17:05:00,8.29,,United Kingdom
561214,22470,HEART OF WICKER LARGE,4,2011-07-25 17:00:00,3.29,,United Kingdom
570672,22537,MAGIC DRAWING SLATE DINOSAUR,24,2011-10-11 14:52:00,0.42,12536.0,France
546913,84596E,SMALL LICORICE DES PINK BOWL,2,2011-03-17 20:18:00,0.42,15861.0,United Kingdom
560355,22900,SET 2 TEA TOWELS I LOVE LONDON ,4,2011-07-18 11:37:00,3.25,15906.0,United Kingdom
570121,21984,PACK OF 12 PINK PAISLEY TISSUES ,24,2011-10-07 12:49:00,0.39,13419.0,United Kingdom
540680,20733,GOLD MINI TAPE MEASURE ,1,2011-01-10 16:24:00,0.85,15311.0,United Kingdom
551693,23230,WRAP ALPHABET DESIGN,25,2011-05-03 13:36:00,0.42,15582.0,United Kingdom
540646,21556,CERAMIC STRAWBERRY MONEY BOX,2,2011-01-10 14:32:00,2.51,,United Kingdom
574629,20726,LUNCH BAG WOODLAND,1,2011-11-06 11:21:00,1.65,16326.0,United Kingdom
577358,22284,HEN HOUSE DECORATION,1,2011-11-18 15:59:00,3.29,,United Kingdom
548211,21209,MULTICOLOUR HONEYCOMB FAN,48,2011-03-30 09:06:00,1.45,14646.0,Netherlands
566194,46776A,WOVEN BUBBLE GUM CUSHION COVER,1,2011-09-09 13:42:00,4.95,14711.0,United Kingdom
555722,35004B,SET OF 3 BLACK FLYING DUCKS,1,2011-06-06 16:06:00,5.79,,United Kingdom
558724,35966,,14,2011-07-01 14:30:00,0.0,,United Kingdom
572318,22810,SET OF 6 T-LIGHTS SNOWMEN,1,2011-10-23 16:19:00,2.95,15436.0,United Kingdom
576840,84950,ASSORTED COLOUR T-LIGHT HOLDER,6,2011-11-16 15:23:00,1.38,,United Kingdom
568187,21314,SMALL GLASS HEART TRINKET POT,48,2011-09-25 14:32:00,1.85,13408.0,United Kingdom
550360,85125,SMALL ROUND CUT GLASS CANDLESTICK,2,2011-04-18 10:55:00,4.95,14978.0,United Kingdom
543113,22549,PICTURE DOMINOES,12,2011-02-03 13:06:00,1.45,13047.0,United Kingdom
540026,21915,RED  HARMONICA IN BOX ,1,2011-01-04 13:25:00,2.51,,United Kingdom
C558434,22699,ROSES REGENCY TEACUP AND SAUCER ,-2,2011-06-29 12:36:00,2.95,15304.0,United Kingdom
577800,22437,SET OF 9 BLACK SKULL BALLOONS,20,2011-11-21 17:00:00,0.85,15484.0,United Kingdom
577869,22152,PLACE SETTING WHITE STAR,5,2011-11-22 11:34:00,0.42,13268.0,United Kingdom
545688,22479,DAISY GARDEN MARKER,6,2011-03-06 12:42:00,1.25,16033.0,United Kingdom
549291,37342,POLKADOT COFFEE CUP & SAUCER PINK,4,2011-04-07 19:05:00,0.79,16261.0,United Kingdom
544394,22728,ALARM CLOCK BAKELIKE PINK,4,2011-02-18 12:02:00,3.75,13932.0,United Kingdom
571054,23266,SET OF 3 WOODEN STOCKING DECORATION,2,2011-10-13 13:58:00,1.25,14234.0,United Kingdom
579465,23522,WALL ART DOG AND BALL ,1,2011-11-29 14:53:00,2.89,15790.0,United Kingdom
574657,20719,WOODLAND CHARLOTTE BAG,1,2011-11-06 11:43:00,0.85,13772.0,United Kingdom
562269,23168,CLASSIC CAFE SUGAR DISPENSER,1,2011-08-03 16:35:00,1.25,14056.0,United Kingdom
559816,22277,COSMETIC BAG VINTAGE ROSE PAISLEY,2,2011-07-12 16:11:00,1.63,,United Kingdom
578067,90166,PINK & WHITE ROSEBUD RING,1,2011-11-22 15:43:00,4.15,,United Kingdom
542662,22384,LUNCH BAG PINK POLKADOT,10,2011-01-31 12:10:00,1.65,18145.0,United Kingdom
559163,21366,MIRRORED WALL ART PHOTO FRAMES,1,2011-07-06 16:33:00,3.29,,United Kingdom
547918,22863,SOAP DISH BROCANTE,8,2011-03-28 12:49:00,2.95,15249.0,United Kingdom
554137,21671,RED SPOT CERAMIC DRAWER KNOB,12,2011-05-23 10:13:00,1.25,12708.0,Germany
569731,21078,SET/20 STRAWBERRY PAPER NAPKINS ,12,2011-10-06 09:48:00,0.85,13999.0,United Kingdom
578844,22905,CALENDAR IN SEASON DESIGN,1,2011-11-25 16:14:00,2.46,,United Kingdom
566871,21481,FAWN BLUE HOT WATER BOTTLE,4,2011-09-15 13:27:00,3.75,17047.0,United Kingdom
543283,22796,PHOTO FRAME 3 CLASSIC HANGING,2,2011-02-07 09:15:00,9.95,15781.0,United Kingdom
573423,23569,TRADTIONAL ALPHABET STAMP SET,8,2011-10-31 09:58:00,4.95,16133.0,United Kingdom
539255,21722,SWEET PUDDING STICKER SHEET,12,2010-12-16 14:26:00,0.85,16316.0,United Kingdom
539418,21619,4 VANILLA BOTANICAL CANDLES,12,2010-12-17 13:58:00,1.25,17007.0,United Kingdom
574077,21619,4 VANILLA BOTANICAL CANDLES,1,2011-11-02 15:56:00,1.25,17999.0,United Kingdom
548259,17038,PORCELAIN BUDAH INCENSE HOLDER,60,2011-03-30 11:12:00,0.1,14099.0,United Kingdom
577078,23473,WOODLAND SMALL RED FELT HEART,1,2011-11-17 15:17:00,1.63,,United Kingdom
546686,84429A,MEDIUM PINK BUDDHA HEAD ,6,2011-03-16 09:52:00,2.95,14636.0,United Kingdom
565408,37450,CERAMIC CAKE BOWL + HANGING CAKES,1,2011-09-04 11:12:00,2.95,16813.0,United Kingdom
547396,21240,BLUE POLKADOT CUP,1,2011-03-22 16:54:00,1.63,,United Kingdom
540647,21155,RED RETROSPOT PEG BAG,2,2011-01-10 14:57:00,2.1,17406.0,United Kingdom
576463,21990,MODERN FLORAL STATIONERY SET,3,2011-11-15 11:37:00,1.25,17974.0,United Kingdom
576214,23084,RABBIT NIGHT LIGHT,2,2011-11-14 12:49:00,2.08,15863.0,United Kingdom
544087,22750,FELTCRAFT PRINCESS LOLA DOLL,2,2011-02-15 17:02:00,3.75,17530.0,United Kingdom
550137,22467,GUMBALL COAT RACK,12,2011-04-14 13:59:00,2.55,12477.0,Germany
551533,22631,CIRCUS PARADE LUNCH BOX ,1,2011-05-01 14:58:00,1.95,15407.0,United Kingdom
571310,22086,PAPER CHAIN KIT 50'S CHRISTMAS ,12,2011-10-17 10:17:00,2.95,13394.0,United Kingdom
566279,22342,HOME GARLAND PAINTED ZINC ,2,2011-09-11 14:09:00,0.75,14432.0,United Kingdom
538178,22892,SET OF SALT AND PEPPER TOADSTOOLS,12,2010-12-10 09:51:00,1.25,17696.0,United Kingdom
576931,85071C,"CHARLIE+LOLA""EXTREMELY BUSY"" SIGN",24,2011-11-17 11:10:00,0.39,13028.0,United Kingdom
537409,22150,3 STRIPEY MICE FELTCRAFT,12,2010-12-06 15:00:00,1.95,15194.0,United Kingdom
569333,23526,DOG LICENCE WALL ART,4,2011-10-03 13:49:00,5.95,13431.0,United Kingdom
577358,21967,PACK OF 12 SKULL TISSUES,5,2011-11-18 15:59:00,0.83,,United Kingdom
545166,85049A,TRADITIONAL CHRISTMAS RIBBONS,3,2011-02-28 14:03:00,1.25,17027.0,United Kingdom
552526,23056,FLOWERS CHANDELIER T-LIGHT HOLDER,1,2011-05-09 16:42:00,6.25,17576.0,United Kingdom
575694,35004G,SET OF 3 GOLD FLYING DUCKS,1,2011-11-10 16:38:00,6.35,12748.0,United Kingdom
569089,22620,4 TRADITIONAL SPINNING TOPS,4,2011-09-30 12:03:00,1.45,13764.0,United Kingdom
541206,21428,SET3 BOOK BOX GREEN GINGHAM FLOWER ,64,2011-01-14 12:24:00,3.75,14646.0,Netherlands
563073,22023,EMPIRE BIRTHDAY CARD,12,2011-08-11 15:56:00,0.42,18235.0,United Kingdom
572287,22086,PAPER CHAIN KIT 50'S CHRISTMAS ,2,2011-10-23 12:26:00,2.95,15584.0,United Kingdom
562553,22907,PACK OF 20 NAPKINS PANTRY DESIGN,2,2011-08-05 16:34:00,1.63,,United Kingdom
563730,22227,HANGING HEART MIRROR DECORATION ,24,2011-08-18 17:43:00,0.65,14221.0,United Kingdom
558777,23173,REGENCY TEAPOT ROSES ,2,2011-07-04 10:23:00,19.96,,United Kingdom
537199,21820,GLITTER HEART GARLAND WITH BELLS ,2,2010-12-05 14:06:00,3.75,15894.0,United Kingdom
574481,23309,SET OF 60 I LOVE LONDON CAKE CASES ,1,2011-11-04 12:45:00,0.55,18022.0,United Kingdom
575331,23348,CHILDRENS TOY COOKING UTENSIL SET,6,2011-11-09 13:52:00,2.08,13209.0,United Kingdom
560209,21913,VINTAGE SEASIDE JIGSAW PUZZLES,2,2011-07-15 14:05:00,3.75,15004.0,United Kingdom
551009,47566b,TEA TIME PARTY BUNTING,5,2011-04-26 09:50:00,8.29,,United Kingdom
567062,23376,PACK OF 12 VINTAGE CHRISTMAS TISSUE,24,2011-09-16 11:48:00,0.39,16108.0,United Kingdom
570011,21731,RED TOADSTOOL LED NIGHT LIGHT,12,2011-10-07 09:44:00,1.65,16477.0,United Kingdom
574252,22326,ROUND SNACK BOXES SET OF4 WOODLAND ,12,2011-11-03 13:24:00,2.95,12437.0,France
562715,23082,SET 6 PAPER TABLE LANTERN HEARTS ,2,2011-08-08 15:34:00,7.46,,United Kingdom
556108,90116,FRUIT SALAD BAG CHARM,1,2011-06-08 17:59:00,2.46,,United Kingdom
569246,84692,BOX OF 24 COCKTAIL PARASOLS,3,2011-10-03 09:57:00,0.83,14096.0,United Kingdom
561610,21179,NO JUNK MAIL METAL SIGN,24,2011-07-28 12:28:00,0.39,16076.0,United Kingdom
568802,23224,CHERUB HEART DECORATION GOLD,12,2011-09-29 10:49:00,0.83,14834.0,United Kingdom
576078,22065,CHRISTMAS PUDDING TRINKET POT ,8,2011-11-13 16:22:00,0.39,14432.0,United Kingdom
545914,20914,SET/5 RED RETROSPOT LID GLASS BOWLS,12,2011-03-08 11:39:00,2.95,13340.0,United Kingdom
569699,23501,KEY RING BASEBALL BOOT UNION JACK,10,2011-10-05 15:52:00,1.25,12723.0,France
568701,84879,ASSORTED COLOUR BIRD ORNAMENT,8,2011-09-28 15:07:00,1.69,13924.0,United Kingdom
574856,23541,WALL ART CLASSIC PUDDINGS ,1,2011-11-07 12:06:00,12.46,,United Kingdom
578934,22867,HAND WARMER BIRD DESIGN,2,2011-11-27 12:47:00,2.1,14577.0,United Kingdom
538951,22348,TEA BAG PLATE RED RETROSPOT,1,2010-12-15 11:26:00,0.85,16782.0,United Kingdom
557673,23208,LUNCH BAG VINTAGE LEAF DESIGN,20,2011-06-22 10:15:00,1.65,16180.0,United Kingdom
541219,22680,FRENCH BLUE METAL DOOR SIGN 5,1,2011-01-14 14:06:00,2.46,,United Kingdom
544893,21908,CHOCOLATE THIS WAY METAL SIGN,12,2011-02-24 12:01:00,2.1,17865.0,United Kingdom
564221,84796a,PINK HAWAIIAN PICNIC HAMPER FOR 2,1,2011-08-24 09:36:00,8.29,,United Kingdom
559422,84279P,CHERRY BLOSSOM  DECORATIVE FLASK,4,2011-07-08 12:00:00,3.75,12553.0,France
556497,22694,WICKER STAR ,6,2011-06-12 15:31:00,2.1,15271.0,United Kingdom
580528,72819,CUPID DESIGN SCENTED CANDLES,12,2011-12-04 15:28:00,1.25,14911.0,EIRE
547645,22435,SET OF 9 HEART SHAPED BALLOONS,12,2011-03-24 11:40:00,1.25,12676.0,Sweden
580536,23199,JUMBO BAG APPLES,20,2011-12-04 16:07:00,2.08,12490.0,France
567667,23379,PACK OF 12 RED APPLE TISSUES,1,2011-09-21 15:24:00,0.83,,United Kingdom
551136,21242,RED RETROSPOT PLATE ,8,2011-04-26 13:05:00,1.69,15301.0,United Kingdom
536415,21976,PACK OF 60 MUSHROOM CAKE CASES,2,2010-12-01 11:57:00,0.55,12838.0,United Kingdom
545897,16237,SLEEPING CAT ERASERS,1,2011-03-07 17:22:00,0.42,,United Kingdom
576339,21731,RED TOADSTOOL LED NIGHT LIGHT,6,2011-11-14 15:27:00,3.29,14096.0,United Kingdom
573481,23084,RABBIT NIGHT LIGHT,18,2011-10-31 11:10:00,2.08,13994.0,United Kingdom
552821,82482,WOODEN PICTURE FRAME WHITE FINISH,1,2011-05-11 12:58:00,2.55,18118.0,United Kingdom
550885,85152,HAND OVER THE CHOCOLATE   SIGN ,12,2011-04-21 11:59:00,2.1,16185.0,United Kingdom
562282,23171,REGENCY TEA PLATE GREEN ,12,2011-08-04 10:38:00,1.65,13098.0,United Kingdom
575090,21770,OPEN CLOSED METAL SIGN,1,2011-11-08 14:04:00,4.95,17515.0,United Kingdom
545664,21623,VINTAGE UNION JACK MEMOBOARD,2,2011-03-04 15:15:00,9.95,12584.0,Italy
563504,85099B,JUMBO BAG RED RETROSPOT,10,2011-08-17 09:16:00,2.08,16218.0,United Kingdom
543176,22353,,60,2011-02-04 09:52:00,0.0,,United Kingdom
572484,84992,72 SWEETHEART FAIRY CAKE CASES,3,2011-10-24 13:50:00,0.55,17220.0,United Kingdom
580136,22959,WRAP CHRISTMAS VILLAGE,1,2011-12-01 19:42:00,0.42,17841.0,United Kingdom
575982,22207,FRYING PAN UNION FLAG,1,2011-11-13 13:42:00,4.25,13798.0,United Kingdom
568528,23389,SPACEBOY MINI BACKPACK,4,2011-09-27 13:32:00,4.15,13979.0,United Kingdom
569398,22563,HAPPY STENCIL CRAFT,144,2011-10-04 08:27:00,1.06,17381.0,United Kingdom
576339,85179A,GREEN BITTY LIGHT CHAIN,1,2011-11-14 15:27:00,9.13,14096.0,United Kingdom
575337,22867,HAND WARMER BIRD DESIGN,1,2011-11-09 14:11:00,2.1,17867.0,United Kingdom
575985,22395,PAPERWEIGHT VINTAGE PAISLEY,1,2011-11-13 14:09:00,2.55,17841.0,United Kingdom
553387,22182,CAKE STAND VICTORIAN FILIGREE SMALL,1,2011-05-16 16:33:00,4.13,,United Kingdom
553038,23191,BUNDLE OF 3 RETRO NOTE BOOKS,12,2011-05-13 08:11:00,1.65,12471.0,Germany
580501,23301,GARDENERS KNEELING PAD KEEP CALM ,4,2011-12-04 13:00:00,1.65,14546.0,United Kingdom
565408,23201,JUMBO BAG ALPHABET,2,2011-09-04 11:12:00,2.08,16813.0,United Kingdom
548490,21212,PACK OF 72 RETROSPOT CAKE CASES,24,2011-03-31 13:13:00,0.55,12909.0,United Kingdom
559068,23200,JUMBO BAG PEARS,1,2011-07-06 10:41:00,2.08,17841.0,United Kingdom
566290,47578A,ENGLISH ROSE SMALL SCENTED FLOWER,1,2011-09-11 15:24:00,0.85,14456.0,United Kingdom
536628,71053,WHITE METAL LANTERN,6,2010-12-02 10:54:00,3.39,17850.0,United Kingdom
553747,23112,PARISIENNE CURIO CABINET,2,2011-05-19 09:47:00,7.5,13627.0,United Kingdom
552310,84673B,BLUE FLY SWAT,1,2011-05-08 15:22:00,0.65,17323.0,United Kingdom
C537611,22865,HAND WARMER OWL DESIGN,-36,2010-12-07 13:25:00,2.1,17675.0,United Kingdom
560853,21669,BLUE STRIPE CERAMIC DRAWER KNOB,2,2011-07-21 12:33:00,1.25,15311.0,United Kingdom
538951,22659,LUNCH BOX I LOVE LONDON,1,2010-12-15 11:26:00,1.95,16782.0,United Kingdom
563353,22689,DOORMAT MERRY CHRISTMAS RED ,2,2011-08-15 14:32:00,7.95,15480.0,Malta
551033,21937,STRAWBERRY   PICNIC BAG,5,2011-04-26 11:32:00,2.95,15039.0,United Kingdom
557758,23321,SMALL WHITE HEART OF WICKER,3,2011-06-22 13:28:00,1.65,17585.0,United Kingdom
572923,23192,BUNDLE OF 3 ALPHABET EXERCISE BOOKS,12,2011-10-27 08:35:00,1.65,15948.0,United Kingdom
576837,22337,ANGEL DECORATION PAINTED ZINC ,9,2011-11-16 15:16:00,0.63,,United Kingdom
545057,22148,EASTER CRAFT 4 CHICKS ,12,2011-02-27 12:49:00,1.95,13630.0,United Kingdom
563843,20914,SET/5 RED RETROSPOT LID GLASS BOWLS,2,2011-08-19 14:02:00,2.95,17811.0,United Kingdom
577483,23380,PACK OF 12 VINTAGE DOILY TISSUES,4,2011-11-20 11:50:00,0.39,14502.0,United Kingdom
543820,85034C,3 ROSE MORRIS BOXED CANDLES,6,2011-02-13 16:05:00,4.25,16084.0,United Kingdom
540456,85180A,RED HEARTS LIGHT CHAIN ,12,2011-01-07 12:14:00,1.25,13534.0,United Kingdom
567189,23290,SPACEBOY CHILDRENS BOWL,16,2011-09-19 09:10:00,1.25,17069.0,United Kingdom
577341,23319,BOX OF 6 MINI 50'S CRACKERS,6,2011-11-18 15:00:00,2.49,16279.0,United Kingdom
549958,23207,LUNCH BAG ALPHABET DESIGN,3,2011-04-13 13:47:00,1.65,17589.0,United Kingdom
544294,22026,BANQUET BIRTHDAY  CARD  ,12,2011-02-17 12:42:00,0.42,15601.0,United Kingdom
573406,22952,60 CAKE CASES VINTAGE CHRISTMAS,24,2011-10-30 15:57:00,0.55,14112.0,United Kingdom
566606,51014L,"FEATHER PEN,LIGHT PINK",24,2011-09-13 16:33:00,0.39,15194.0,United Kingdom
565434,22035,VINTAGE CARAVAN GREETING CARD ,12,2011-09-04 13:35:00,0.42,12867.0,United Kingdom
541430,21114,LAVENDER SCENTED FABRIC HEART,40,2011-01-18 09:50:00,1.25,12356.0,Portugal
579135,23357,HOT WATER BOTTLE SEX BOMB,1,2011-11-28 12:44:00,4.95,18096.0,United Kingdom
543293,22488,NATURAL SLATE RECTANGLE CHALKBOARD,12,2011-02-07 11:20:00,1.65,17613.0,United Kingdom
577010,20725,LUNCH BAG RED RETROSPOT,3,2011-11-17 12:11:00,1.65,15506.0,United Kingdom
563557,22485,SET OF 2 WOODEN MARKET CRATES,2,2011-08-17 13:33:00,12.75,15786.0,United Kingdom
564300,21584,RETROSPOT SMALL TUBE MATCHES,1,2011-08-24 11:31:00,1.65,16723.0,United Kingdom
575176,21931,JUMBO STORAGE BAG SUKI,1,2011-11-08 18:29:00,4.13,,United Kingdom
540247,22961,JAM MAKING SET PRINTED,1,2011-01-05 15:56:00,1.45,15464.0,United Kingdom
556509,23243,SET OF TEA COFFEE SUGAR TINS PANTRY,4,2011-06-13 10:33:00,4.95,12708.0,Germany
576644,22278,OVERNIGHT BAG VINTAGE ROSE PAISLEY,2,2011-11-16 10:01:00,10.79,,United Kingdom
558614,22994,TRAVEL CARD WALLET RETROSPOT,1,2011-06-30 15:56:00,0.83,,United Kingdom
542420,22059,CERAMIC STRAWBERRY DESIGN MUG,6,2011-01-27 18:05:00,1.49,17180.0,United Kingdom
573386,22112,CHOCOLATE HOT WATER BOTTLE,24,2011-10-30 14:27:00,4.25,17183.0,United Kingdom
551811,21929,JUMBO BAG PINK VINTAGE PAISLEY,10,2011-05-04 11:37:00,2.08,15039.0,United Kingdom
544928,21991,BOHEMIAN COLLAGE STATIONERY SET,1,2011-02-24 18:07:00,2.46,,United Kingdom
568066,22652,TRAVEL SEWING KIT,3,2011-09-23 13:48:00,1.65,14529.0,United Kingdom
537653,84658,WHITE STITCHED CUSHION COVER,2,2010-12-07 15:54:00,6.95,17897.0,United Kingdom
580727,22371,AIRLINE BAG VINTAGE TOKYO 78,4,2011-12-05 17:17:00,8.29,14096.0,United Kingdom
539736,22383,LUNCH BAG SUKI  DESIGN ,3,2010-12-21 15:18:00,5.06,,United Kingdom
541658,21704,BAG 250g SWIRLY MARBLES,4,2011-01-20 12:16:00,0.85,15529.0,United Kingdom
538106,22445,PENCIL CASE LIFE IS BEAUTIFUL,1,2010-12-09 15:20:00,2.95,17950.0,United Kingdom
569136,22595,GINGHAM HEART DECORATION,12,2011-09-30 14:41:00,0.85,15834.0,United Kingdom
560863,22551,PLASTERS IN TIN SPACEBOY,1,2011-07-21 13:53:00,1.65,12748.0,United Kingdom
550956,20675,BLUE POLKADOT BOWL,4,2011-04-21 16:37:00,1.25,17179.0,United Kingdom
574284,23581,JUMBO BAG PAISLEY PARK,20,2011-11-03 15:01:00,2.08,17644.0,United Kingdom
537396,85199L,LARGE HANGING IVORY & RED WOOD BIRD,7,2010-12-06 14:08:00,0.65,17223.0,United Kingdom
539434,84754,S/15 SILVER GLASS BAUBLES IN BAG,2,2010-12-17 14:41:00,2.51,,United Kingdom
578921,22948,METAL DECORATION NAUGHTY CHILDREN ,3,2011-11-27 11:57:00,0.85,13596.0,United Kingdom
537823,84828,JUNGLE POPSICLES ICE LOLLY HOLDERS,2,2010-12-08 14:25:00,2.51,,United Kingdom
573904,23147,SINGLE ANTIQUE ROSE HOOK IVORY,3,2011-11-01 14:54:00,1.45,14505.0,United Kingdom
536837,22632,HAND WARMER RED RETROSPOT,4,2010-12-02 18:15:00,2.1,14395.0,United Kingdom
565233,85131D,BEADED CRYSTAL HEART PINK ON STICK,3,2011-09-02 09:34:00,0.83,,United Kingdom
557308,23300,GARDENERS KNEELING PAD CUP OF TEA ,1,2011-06-19 15:13:00,1.65,16744.0,United Kingdom
562204,22089,PAPER BUNTING VINTAGE PAISLEY,2,2011-08-03 12:54:00,2.95,16324.0,United Kingdom
579777,23366,SET 12 COLOURING PENCILS DOILY,1,2011-11-30 15:13:00,1.25,,United Kingdom
559123,23200,JUMBO BAG PEARS,1,2011-07-06 12:26:00,2.08,17341.0,United Kingdom
543200,21876,POTTERING MUG,1,2011-02-04 13:03:00,3.29,,United Kingdom
537638,48184,DOORMAT ENGLISH ROSE ,1,2010-12-07 15:28:00,14.43,,United Kingdom
555279,22419,LIPSTICK PEN RED,2,2011-06-01 17:42:00,0.42,16348.0,United Kingdom
569216,17003,BROCADE RING PURSE ,27,2011-10-02 12:41:00,0.39,15555.0,United Kingdom
551193,21201,TROPICAL  HONEYCOMB PAPER GARLAND ,3,2011-04-27 11:05:00,2.55,17954.0,United Kingdom
547987,22661,CHARLOTTE BAG DOLLY GIRL DESIGN,10,2011-03-29 09:11:00,0.85,17428.0,United Kingdom
561923,22355,CHARLOTTE BAG SUKI DESIGN,10,2011-08-01 12:16:00,0.85,14112.0,United Kingdom
547703,85049H,URBAN BLACK RIBBONS ,12,2011-03-24 17:10:00,1.25,12540.0,Spain
577572,23396,LE JARDIN BOTANIQUE CUSHION COVER,3,2011-11-20 15:48:00,3.75,17384.0,United Kingdom
536993,21933,PINK VINTAGE PAISLEY PICNIC BAG,1,2010-12-03 15:19:00,2.95,14396.0,United Kingdom
556280,22430,ENAMEL WATERING CAN CREAM,1,2011-06-09 20:03:00,4.95,14584.0,United Kingdom
546314,84249A,"GREETING CARD,SQUARE, DOUGHNUTS",12,2011-03-10 19:05:00,0.42,16808.0,United Kingdom
543467,22271,FELTCRAFT DOLL ROSIE,1,2011-02-08 14:35:00,5.79,,United Kingdom
581418,23240,SET OF 4 KNICK KNACK TINS DOILY ,6,2011-12-08 15:02:00,4.15,17451.0,United Kingdom
581217,23177,TREASURE ISLAND BOOK BOX,1,2011-12-08 09:20:00,4.58,,United Kingdom
543040,21084,SET/6 COLLAGE PAPER CUPS,1,2011-02-02 17:06:00,0.65,17337.0,United Kingdom
571283,22697,GREEN REGENCY TEACUP AND SAUCER,6,2011-10-16 13:51:00,2.95,16533.0,United Kingdom
572695,21989,PACK OF 20 SKULL PAPER NAPKINS,12,2011-10-25 14:23:00,0.85,12610.0,Italy
548373,21922,UNION STRIPE WITH FRINGE  HAMMOCK,1,2011-03-30 16:34:00,16.63,,United Kingdom
552286,22629,SPACEBOY LUNCH BOX ,2,2011-05-08 13:07:00,1.95,16393.0,United Kingdom
543519,21239,PINK  POLKADOT CUP,24,2011-02-09 11:38:00,0.85,17083.0,United Kingdom
536592,48111,DOORMAT 3 SMILEY CATS,1,2010-12-01 17:06:00,14.43,,United Kingdom
560233,23207,LUNCH BAG ALPHABET DESIGN,2,2011-07-17 11:10:00,1.65,16813.0,United Kingdom
574532,71101E,STANDING FAIRY POLE SUPPORT ,12,2011-11-04 14:19:00,0.85,15676.0,United Kingdom
561113,21935,SUKI  SHOULDER BAG,1,2011-07-25 12:09:00,1.65,17841.0,United Kingdom
545349,22522,CHILDS GARDEN FORK BLUE ,3,2011-03-02 11:07:00,0.85,18118.0,United Kingdom
577700,22197,POPCORN HOLDER,5,2011-11-21 12:06:00,0.85,14449.0,United Kingdom
564734,22937,BAKING MOULD CHOCOLATE CUPCAKES,6,2011-08-28 13:32:00,2.55,12484.0,Spain
580367,22749,FELTCRAFT PRINCESS CHARLOTTE DOLL,1,2011-12-02 16:39:00,7.46,,United Kingdom
571629,22271,FELTCRAFT DOLL ROSIE,6,2011-10-18 11:18:00,2.95,13362.0,United Kingdom
575930,23294,SET OF 6 SNACK LOAF BAKING CASES,2,2011-11-11 17:58:00,2.46,,United Kingdom
576644,22681,FRENCH BLUE METAL DOOR SIGN 6,1,2011-11-16 10:01:00,2.46,,United Kingdom
554694,22718,CARD CAT AND TREE ,1,2011-05-25 17:06:00,0.83,,United Kingdom
542255,22427,ENAMEL FLOWER JUG CREAM,1,2011-01-26 16:43:00,11.63,,United Kingdom
574102,23479,WIRE EGG BASKET ,12,2011-11-03 10:27:00,6.65,16128.0,United Kingdom
546122,21745,GAOLERS KEYS DECORATIVE GARDEN ,1,2011-03-09 14:32:00,3.75,15581.0,United Kingdom
566583,23245,SET OF 3 REGENCY CAKE TINS,4,2011-09-13 13:55:00,4.95,15343.0,United Kingdom
546190,23052,RECYCLED ACAPULCO MAT TURQUOISE,2,2011-03-10 10:57:00,8.25,13102.0,United Kingdom
558771,22188,BLACK HEART CARD HOLDER,3,2011-07-03 15:53:00,3.95,17105.0,United Kingdom
544186,85099F,JUMBO BAG STRAWBERRY,1,2011-02-16 15:56:00,4.13,,United Kingdom
544295,21673,WHITE SPOT BLUE CERAMIC DRAWER KNOB,12,2011-02-17 12:43:00,1.06,14298.0,United Kingdom
554014,21925,UNION STRIPE CUSHION COVER ,12,2011-05-20 13:13:00,1.25,13856.0,United Kingdom
571280,22209,WOOD STAMP SET HAPPY BIRTHDAY,2,2011-10-16 13:08:00,0.83,18122.0,United Kingdom
537692,22295,HEART FILIGREE DOVE LARGE,5,2010-12-08 10:40:00,1.65,14796.0,United Kingdom
572279,23301,GARDENERS KNEELING PAD KEEP CALM ,5,2011-10-23 10:56:00,1.65,16066.0,United Kingdom
576904,23266,SET OF 3 WOODEN STOCKING DECORATION,12,2011-11-17 09:25:00,1.25,14931.0,Channel Islands
539492,22300,COFFEE MUG DOG + BALL DESIGN,1,2010-12-20 10:14:00,5.06,,United Kingdom
545715,21033,JUMBO BAG CHARLIE AND LOLA TOYS,3,2011-03-07 10:13:00,4.13,,United Kingdom
560715,85099F,JUMBO BAG STRAWBERRY,10,2011-07-20 13:21:00,2.08,13549.0,United Kingdom
580393,21733,RED HANGING HEART T-LIGHT HOLDER,1,2011-12-04 10:51:00,2.95,16438.0,United Kingdom
539034,21258,VICTORIAN SEWING BOX LARGE,1,2010-12-15 14:29:00,12.75,16161.0,United Kingdom
571849,23500,KEY RING BASEBALL BOOT ASSORTED ,20,2011-10-19 12:52:00,1.25,12841.0,United Kingdom
561900,22817,CARD SUKI BIRTHDAY,12,2011-07-31 15:31:00,0.42,16655.0,United Kingdom
554124,21982,PACK OF 12 SUKI TISSUES ,24,2011-05-23 08:31:00,0.29,13339.0,United Kingdom
574662,22636,CHILDS BREAKFAST SET CIRCUS PARADE,2,2011-11-06 12:01:00,8.5,16676.0,United Kingdom
553174,48129,DOORMAT TOPIARY,1,2011-05-15 11:04:00,7.95,16206.0,United Kingdom
580295,22308,TEA COSY BLUE STRIPE,1,2011-12-02 13:49:00,2.55,17841.0,United Kingdom
564835,23346,SPACEBOY BEAKER,1,2011-08-30 12:31:00,2.46,,United Kingdom
C541710,21791,VINTAGE HEADS AND TAILS CARD GAME ,-12,2011-01-21 11:17:00,1.25,14320.0,United Kingdom
542255,22166,WALL MIRROR RECTANGLE DIAMANTE PINK,1,2011-01-26 16:43:00,7.46,,United Kingdom
544673,22083,PAPER CHAIN KIT RETROSPOT,1,2011-02-22 15:46:00,2.95,13421.0,United Kingdom
551262,22674,FRENCH TOILET SIGN BLUE METAL,2,2011-04-27 12:05:00,1.25,14527.0,United Kingdom
538353,21181,PLEASE ONE PERSON METAL SIGN,96,2010-12-10 15:31:00,1.85,13798.0,United Kingdom
580367,22469,HEART OF WICKER SMALL,4,2011-12-02 16:39:00,3.29,,United Kingdom
C542539,22423,REGENCY CAKESTAND 3 TIER,-7,2011-01-28 14:07:00,10.95,14229.0,United Kingdom
552710,23144,ZINC T-LIGHT HOLDER STARS SMALL,24,2011-05-11 07:35:00,0.83,13098.0,United Kingdom
553415,22399,MAGNETS PACK OF 4 CHILDHOOD MEMORY,12,2011-05-17 10:02:00,1.25,12463.0,Belgium
545027,22665,RECIPE BOX BLUE SKETCHBOOK DESIGN,2,2011-02-25 14:59:00,6.63,,United Kingdom
542659,47566B,TEA TIME PARTY BUNTING,10,2011-01-31 12:09:00,4.65,15738.0,United Kingdom
560090,21577,SAVE THE PLANET COTTON TOTE BAG,2,2011-07-14 16:46:00,1.63,,United Kingdom
539663,21664,RIDGED GLASS STORAGE JAR CREAM LID,6,2010-12-21 10:26:00,3.75,17961.0,United Kingdom
540832,20719,WOODLAND CHARLOTTE BAG,59,2011-01-11 14:42:00,2.46,,United Kingdom
578018,22152,PLACE SETTING WHITE STAR,24,2011-11-22 13:08:00,0.42,15311.0,United Kingdom
553160,23167,SMALL CERAMIC TOP STORAGE JAR ,12,2011-05-13 15:26:00,0.83,14194.0,United Kingdom
543189,22236,CAKE STAND 3 TIER MAGIC GARDEN,2,2011-02-04 11:48:00,12.75,17517.0,United Kingdom
536747,22834,HAND WARMER BABUSHKA DESIGN,6,2010-12-02 13:44:00,2.1,17802.0,United Kingdom
540468,84086C,PINK/PURPLE RETRO RADIO,1,2011-01-07 13:55:00,2.51,,United Kingdom
573155,21108,FAIRY CAKE FLANNEL ASSORTED COLOUR,18,2011-10-28 08:34:00,0.79,13632.0,United Kingdom
572301,22665,RECIPE BOX BLUE SKETCHBOOK DESIGN,1,2011-10-23 14:41:00,2.95,16794.0,United Kingdom
556419,21755,LOVE BUILDING BLOCK WORD,3,2011-06-10 12:30:00,5.95,15411.0,United Kingdom
572509,23201,JUMBO BAG ALPHABET,20,2011-10-24 14:25:00,2.08,17004.0,United Kingdom
542420,20675,BLUE POLKADOT BOWL,1,2011-01-27 18:05:00,1.25,17180.0,United Kingdom
569129,23310,BUBBLEGUM RING ASSORTED,36,2011-09-30 13:40:00,0.42,15034.0,United Kingdom
562031,22682,FRENCH BLUE METAL DOOR SIGN 7,6,2011-08-01 17:37:00,1.25,16984.0,United Kingdom
581439,23006,TRAVEL CARD WALLET FLOWER MEADOW,3,2011-12-08 16:30:00,0.83,,United Kingdom
567482,22083,PAPER CHAIN KIT RETROSPOT,2,2011-09-20 13:42:00,2.95,16464.0,United Kingdom
545918,22917,HERB MARKER ROSEMARY,24,2011-03-08 11:55:00,0.65,16917.0,United Kingdom
563705,21755,LOVE BUILDING BLOCK WORD,3,2011-08-18 14:33:00,5.95,17736.0,United Kingdom
545701,20972,PINK CREAM FELT CRAFT TRINKET BOX ,5,2011-03-06 15:17:00,1.25,17107.0,United Kingdom
570103,20974,12 PENCILS SMALL TUBE SKULL,2,2011-10-07 12:18:00,0.65,15719.0,United Kingdom
540468,85170D,SET/6 PINK BIRD T-LIGHT CANDLES,2,2011-01-07 13:55:00,2.51,,United Kingdom
541422,21220,SET/4 BADGES DOGS,3,2011-01-17 17:48:00,0.83,,United Kingdom
568671,23516,EMBROIDERED RIBBON REEL SOPHIE  ,6,2011-09-28 13:13:00,3.75,13139.0,United Kingdom
560483,21892,TRADITIONAL WOODEN CATCH CUP GAME ,12,2011-07-19 10:49:00,1.25,12955.0,United Kingdom
571257,47591D,PINK FAIRY CAKE CHILDRENS APRON,1,2011-10-14 17:17:00,4.13,,United Kingdom
580872,23381,PACK OF 12 VINTAGE LEAF TISSUES ,2,2011-12-06 12:02:00,0.39,18283.0,United Kingdom
557960,22457,NATURAL SLATE HEART CHALKBOARD ,1,2011-06-23 19:46:00,2.95,15453.0,United Kingdom
546634,22424,ENAMEL BREAD BIN CREAM,2,2011-03-15 12:10:00,12.75,14527.0,United Kingdom
563231,22766,PHOTO FRAME CORNICE,2,2011-08-14 15:42:00,2.95,14658.0,United Kingdom
579345,23445,ICE CREAM BUBBLES,20,2011-11-29 11:46:00,0.83,12727.0,France
580115,22693,GROW A FLYTRAP OR SUNFLOWER IN TIN,1,2011-12-01 16:22:00,2.5,,United Kingdom
546089,22995,TRAVEL CARD WALLET SUKI,24,2011-03-09 11:44:00,0.42,17864.0,United Kingdom
536569,21761,WOOD AND GLASS MEDICINE CABINET,1,2010-12-01 15:35:00,29.95,16274.0,United Kingdom
573585,22835,HOT WATER BOTTLE I AM SO POORLY,3,2011-10-31 14:41:00,10.79,,United Kingdom
539089,22457,NATURAL SLATE HEART CHALKBOARD ,6,2010-12-16 09:46:00,2.95,15246.0,United Kingdom
542795,21217,RED RETROSPOT ROUND CAKE TINS,2,2011-02-01 10:59:00,9.95,18055.0,United Kingdom
542303,21657,MILK BOTTLE WITH GLASS STOPPER ,3,2011-01-27 11:05:00,6.95,12539.0,Spain
541965,21508,VINTAGE KID DOLLY CARD ,12,2011-01-24 13:27:00,0.42,12625.0,Germany
C559983,22917,HERB MARKER ROSEMARY,-12,2011-07-14 11:41:00,0.65,14562.0,United Kingdom
545217,22439,6 ROCKET BALLOONS ,1,2011-02-28 16:59:00,1.25,,United Kingdom
540255,84596B,SMALL DOLLY MIX DESIGN ORANGE BOWL,2,2011-01-05 16:50:00,0.85,,United Kingdom
556108,21935,SUKI  SHOULDER BAG,1,2011-06-08 17:59:00,3.29,,United Kingdom
578225,23314,VINTAGE CHRISTMAS TABLECLOTH,2,2011-11-23 11:51:00,12.5,17700.0,United Kingdom
576412,22348,TEA BAG PLATE RED RETROSPOT,24,2011-11-15 11:21:00,0.85,13455.0,United Kingdom
579187,23309,SET OF 60 I LOVE LONDON CAKE CASES ,1,2011-11-28 15:31:00,1.25,,United Kingdom
575765,35971,ROSE FOLKART HEART DECORATIONS,24,2011-11-11 11:02:00,1.25,17730.0,United Kingdom
548191,21731,RED TOADSTOOL LED NIGHT LIGHT,1,2011-03-29 15:20:00,3.29,,United Kingdom
570192,22081,RIBBON REEL FLORA + FAUNA ,10,2011-10-07 15:26:00,1.65,17509.0,United Kingdom
570287,23266,SET OF 3 WOODEN STOCKING DECORATION,12,2011-10-10 11:37:00,1.25,17425.0,United Kingdom
574059,20931,BLUE POT PLANT CANDLE ,1,2011-11-02 14:13:00,2.95,14646.0,Netherlands
580730,23395,BELLE JARDINIERE CUSHION COVER,1,2011-12-05 17:28:00,10.79,,United Kingdom
574885,23480,MINI LIGHTS WOODLAND MUSHROOMS,8,2011-11-07 14:01:00,3.75,12472.0,Germany
574722,22096,PINK PAISLEY SQUARE TISSUE BOX ,5,2011-11-06 14:45:00,0.39,14502.0,United Kingdom
578786,22111,SCOTTIE DOG HOT WATER BOTTLE,2,2011-11-25 12:02:00,4.95,13184.0,United Kingdom
561689,22149,FELTCRAFT 6 FLOWER FRIENDS,18,2011-07-29 09:01:00,2.1,15942.0,United Kingdom
555323,22629,SPACEBOY LUNCH BOX ,1,2011-06-02 11:02:00,2.46,,United Kingdom
567043,20727,LUNCH BAG  BLACK SKULL.,6,2011-09-16 11:27:00,1.65,13268.0,United Kingdom
568066,22747,POPPY'S PLAYHOUSE BATHROOM,1,2011-09-23 13:48:00,2.1,14529.0,United Kingdom
C564142,22244,3 HOOK HANGER MAGIC GARDEN,-1,2011-08-23 11:49:00,1.95,12477.0,Germany
575179,22111,SCOTTIE DOG HOT WATER BOTTLE,3,2011-11-09 08:11:00,4.95,14284.0,United Kingdom
572499,85049E,SCANDINAVIAN REDS RIBBONS,12,2011-10-24 14:10:00,1.25,15786.0,United Kingdom
560937,20694,FLORAL PINK MONSTER,1,2011-07-22 10:52:00,3.75,17920.0,United Kingdom
571713,22413,METAL SIGN TAKE IT OR LEAVE IT ,1,2011-10-18 16:58:00,5.79,,United Kingdom
555397,21781,MA CAMPAGNE CUTLERY BOX,1,2011-06-02 17:26:00,29.13,,United Kingdom
570424,22734,SET OF 6 RIBBONS VINTAGE CHRISTMAS,4,2011-10-10 13:41:00,2.89,17372.0,United Kingdom
557957,23193,BUFFALO BILL TREASURE BOOK BOX,3,2011-06-23 19:20:00,2.25,13969.0,United Kingdom
559357,23208,LUNCH BAG VINTAGE LEAF DESIGN,10,2011-07-07 18:56:00,1.65,17107.0,United Kingdom
546427,72349B,SET/6 PURPLE BUTTERFLY T-LIGHTS,1,2011-03-13 14:29:00,2.1,14606.0,United Kingdom
571675,22866,HAND WARMER SCOTTY DOG DESIGN,12,2011-10-18 13:26:00,2.1,13700.0,United Kingdom
546421,84596L,BISCUITS SMALL BOWL LIGHT BLUE,16,2011-03-13 11:21:00,0.42,13700.0,United Kingdom
566789,21801,CHRISTMAS TREE DECORATION WITH BELL,36,2011-09-15 10:35:00,0.42,13134.0,United Kingdom
573019,23374,RED SPOT PAPER GIFT BAG,10,2011-10-27 12:33:00,0.82,15145.0,United Kingdom
569640,22741,FUNKY DIVA PEN,96,2011-10-05 12:25:00,0.85,12471.0,Germany
573897,23329,DECORATIVE WICKER HEART LARGE,6,2011-11-01 14:29:00,1.65,16729.0,United Kingdom
567656,82567,"AIRLINE LOUNGE,METAL SIGN",2,2011-09-21 14:40:00,1.63,14096.0,United Kingdom
552042,22063,CERAMIC BOWL WITH STRAWBERRY DESIGN,6,2011-05-06 09:00:00,2.95,13952.0,United Kingdom
581191,22730,ALARM CLOCK BAKELIKE IVORY,1,2011-12-07 16:56:00,3.75,17449.0,United Kingdom
550183,84991,60 TEATIME FAIRY CAKE CASES,24,2011-04-14 17:58:00,0.55,14105.0,United Kingdom
559340,22692,DOORMAT WELCOME TO OUR HOME,4,2011-07-07 16:51:00,7.95,13699.0,United Kingdom
544459,21876,POTTERING MUG,12,2011-02-20 13:52:00,1.25,17838.0,United Kingdom
571237,21181,PLEASE ONE PERSON METAL SIGN,12,2011-10-14 14:38:00,2.1,15078.0,United Kingdom
568947,21264,WHITE GOOSE FEATHER TREE 60CM ,12,2011-09-29 15:04:00,1.95,14696.0,United Kingdom
575739,20973,12 PENCIL SMALL TUBE WOODLAND,2,2011-11-11 09:05:00,1.25,,United Kingdom
579777,23495,SET OF 3 PANTRY WOODEN SPOONS,2,2011-11-30 15:13:00,2.46,,United Kingdom
569629,22578,WOODEN STAR CHRISTMAS SCANDINAVIAN,24,2011-10-05 11:37:00,0.29,15249.0,United Kingdom
537240,22450,SILK PURSE BABUSHKA BLUE,1,2010-12-06 10:08:00,6.77,,United Kingdom
544685,22024,RAINY LADIES BIRTHDAY CARD,12,2011-02-22 17:13:00,0.42,13285.0,United Kingdom
576329,21064,BOOM BOX SPEAKER BOYS,2,2011-11-14 15:22:00,4.13,,United Kingdom
568721,20971,PINK BLUE FELT CRAFT TRINKET BOX,1,2011-09-28 16:24:00,2.46,,United Kingdom
537855,22766,PHOTO FRAME CORNICE,4,2010-12-08 15:59:00,2.95,15996.0,United Kingdom
577483,85071C,"CHARLIE+LOLA""EXTREMELY BUSY"" SIGN",1,2011-11-20 11:50:00,0.39,14502.0,United Kingdom
544894,20724,RED RETROSPOT CHARLOTTE BAG,10,2011-02-24 12:09:00,0.85,15805.0,United Kingdom
568990,22139,RETROSPOT TEA SET CERAMIC 11 PC ,3,2011-09-29 16:42:00,4.95,15933.0,United Kingdom
581352,22562,MONSTERS STENCIL CRAFT,1,2011-12-08 12:26:00,1.25,14698.0,United Kingdom
552670,22055,MINI CAKE STAND  HANGING STRAWBERY,1,2011-05-10 15:06:00,3.29,,United Kingdom
538040,21479,WHITE SKULL HOT WATER BOTTLE ,1,2010-12-09 13:08:00,3.75,16520.0,United Kingdom
548160,21389,IVORY HANGING DECORATION  BIRD,12,2011-03-29 13:33:00,0.85,16253.0,United Kingdom
557804,84755,COLOUR GLASS T-LIGHT HOLDER HANGING,48,2011-06-23 10:24:00,0.65,18198.0,United Kingdom
542258,22399,MAGNETS PACK OF 4 CHILDHOOD MEMORY,1,2011-01-26 17:08:00,1.25,17372.0,United Kingdom
547367,21547,CERAMIC BIRDHOUSE CRESTED TIT SMALL,2,2011-03-22 13:11:00,2.95,15437.0,United Kingdom
538880,22414,DOORMAT NEIGHBOURHOOD WITCH ,1,2010-12-14 15:52:00,14.43,,United Kingdom
560856,84944,SET OF 6 KASHMIR FOLKART BAUBLES,6,2011-07-21 13:06:00,1.65,16607.0,United Kingdom
C549666,85064,CREAM SWEETHEART LETTER RACK,-1,2011-04-11 12:17:00,4.65,13113.0,United Kingdom
564172,22396,MAGNETS PACK OF 4 RETRO PHOTO,4,2011-08-23 14:19:00,0.39,16033.0,United Kingdom
562565,23321,SMALL WHITE HEART OF WICKER,10,2011-08-07 10:45:00,1.65,16206.0,United Kingdom
562024,21219,SET/4 BADGES BALLOON GIRL,1,2011-08-01 16:07:00,2.46,,United Kingdom
564857,22995,TRAVEL CARD WALLET SUKI,1,2011-08-31 09:23:00,0.83,,United Kingdom
562113,23182,TOILET SIGN OCCUPIED OR VACANT,1,2011-08-02 16:11:00,2.46,,United Kingdom
549694,22925,BLUE GIANT GARDEN THERMOMETER,1,2011-04-11 13:45:00,5.95,15414.0,United Kingdom
577485,22551,PLASTERS IN TIN SPACEBOY,2,2011-11-20 11:56:00,1.65,16360.0,United Kingdom
546860,22178,VICTORIAN GLASS HANGING T-LIGHT,192,2011-03-17 14:47:00,1.06,18198.0,United Kingdom
552654,21880,RED RETROSPOT TAPE,1,2011-05-10 14:20:00,0.65,15756.0,United Kingdom
564061,22121,NOEL WOODEN BLOCK LETTERS ,1,2011-08-22 14:38:00,5.95,14505.0,United Kingdom
564733,22659,LUNCH BOX I LOVE LONDON,1,2011-08-28 13:18:00,1.95,17841.0,United Kingdom
568301,21804,WHITE CHRISTMAS GARLAND STARS TREES,2,2011-09-26 12:45:00,3.75,16383.0,United Kingdom
575176,23256,CHILDRENS CUTLERY SPACEBOY ,1,2011-11-08 18:29:00,8.29,,United Kingdom
550439,48138,DOORMAT UNION FLAG,2,2011-04-18 12:17:00,7.95,18231.0,United Kingdom
567618,16161P,WRAP ENGLISH ROSE ,25,2011-09-21 12:26:00,0.42,12721.0,France
557389,23067,HANGING ENGRAVED METAL HEART,4,2011-06-20 11:03:00,4.15,15921.0,United Kingdom
547906,21164,HOME SWEET HOME METAL SIGN ,2,2011-03-28 12:13:00,2.95,14410.0,United Kingdom
559816,22960,JAM MAKING SET WITH JARS,2,2011-07-12 16:11:00,8.29,,United Kingdom
577297,16048,TEATIME ROUND PENCIL SHARPENER ,1,2011-11-18 12:48:00,0.12,14593.0,United Kingdom
572899,22865,HAND WARMER OWL DESIGN,1,2011-10-26 14:50:00,2.1,13435.0,United Kingdom
547386,21754,HOME BUILDING BLOCK WORD,1,2011-03-22 15:52:00,11.63,,United Kingdom
569983,22563,HAPPY STENCIL CRAFT,2,2011-10-06 19:49:00,1.25,17231.0,United Kingdom
558234,22464,HANGING METAL HEART LANTERN,12,2011-06-27 14:37:00,1.65,18073.0,United Kingdom
546376,21272,SALLE DE BAIN HOOK,12,2011-03-11 12:11:00,1.25,13842.0,United Kingdom
561773,21439,BASKET OF TOADSTOOLS,1,2011-07-29 12:41:00,1.25,17841.0,United Kingdom
C538102,84792,ENCHANTED BIRD COATHANGER 5 HOOK,-2,2010-12-09 15:01:00,4.65,14047.0,United Kingdom
560228,22999,TRAVEL CARD WALLET VINTAGE LEAF,24,2011-07-15 17:29:00,0.42,17750.0,United Kingdom
574837,22197,POPCORN HOLDER,100,2011-11-07 11:33:00,0.72,15785.0,United Kingdom
569844,22746,POPPY'S PLAYHOUSE LIVINGROOM ,6,2011-10-06 13:30:00,2.1,12626.0,Germany
555918,84673B,BLUE FLY SWAT,12,2011-06-07 16:21:00,0.65,16098.0,United Kingdom
554098,23085,ANTIQUE SILVER BAUBLE LAMP  ,3,2011-05-22 13:01:00,10.4,14769.0,United Kingdom
556876,84991,60 TEATIME FAIRY CAKE CASES,1,2011-06-15 11:56:00,0.55,16241.0,United Kingdom
568227,22467,GUMBALL COAT RACK,1,2011-09-26 10:57:00,2.55,17841.0,United Kingdom
536525,22149,FELTCRAFT 6 FLOWER FRIENDS,1,2010-12-01 12:54:00,2.1,14078.0,United Kingdom
542600,35971,ROSE FOLKART HEART DECORATIONS,1,2011-01-30 11:11:00,1.25,16923.0,United Kingdom
574076,90200A,PURPLE SWEETHEART BRACELET,1,2011-11-02 15:38:00,4.15,,United Kingdom
545514,21577,SAVE THE PLANET COTTON TOTE BAG,11,2011-03-03 12:06:00,2.25,15053.0,United Kingdom
547821,23154,SET OF 4 JAM JAR MAGNETS,120,2011-03-25 14:50:00,1.85,12621.0,Germany
557067,22045,SPACEBOY GIFT WRAP,25,2011-06-16 15:12:00,0.42,13098.0,United Kingdom
544286,21171,BATHROOM METAL SIGN ,5,2011-02-17 12:29:00,1.45,13151.0,United Kingdom
537674,21790,VINTAGE SNAP CARDS,12,2010-12-08 09:51:00,0.85,15628.0,United Kingdom
555279,22907,PACK OF 20 NAPKINS PANTRY DESIGN,5,2011-06-01 17:42:00,0.85,16348.0,United Kingdom
581486,22727,ALARM CLOCK BAKELIKE RED ,8,2011-12-09 09:38:00,3.75,17001.0,United Kingdom
549790,22466,FAIRY TALE COTTAGE NIGHTLIGHT,12,2011-04-12 12:02:00,1.95,16172.0,United Kingdom
558613,23176,ABC TREASURE BOOK BOX ,8,2011-06-30 15:46:00,2.25,14911.0,EIRE
539750,22356,CHARLOTTE BAG PINK POLKADOT,57,2010-12-21 15:40:00,2.51,,United Kingdom
550636,20914,SET/5 RED RETROSPOT LID GLASS BOWLS,2,2011-04-19 15:37:00,5.79,,United Kingdom
574721,23511,EMBROIDERED RIBBON REEL EMILY ,1,2011-11-06 14:43:00,2.08,17920.0,United Kingdom
580136,84510C,SET OF 4 POLKADOT COASTERS,1,2011-12-01 19:42:00,1.25,17841.0,United Kingdom
545215,84563A,PINK & WHITE BREAKFAST TRAY,1,2011-02-28 16:47:00,11.63,,United Kingdom
570333,47480,HANGING PHOTO CLIP ROPE LADDER,1,2011-10-10 12:19:00,1.65,18126.0,United Kingdom
578998,21175,GIN AND TONIC DIET METAL SIGN,1,2011-11-27 16:05:00,2.55,15436.0,United Kingdom
577029,21917,SET 12 KIDS  WHITE CHALK STICKS,8,2011-11-17 12:59:00,0.42,15563.0,United Kingdom
565411,23293,SET OF 12 FAIRY CAKE BAKING CASES,8,2011-09-04 11:22:00,0.83,13772.0,United Kingdom
548711,84992,72 SWEETHEART FAIRY CAKE CASES,1,2011-04-03 14:24:00,0.55,18116.0,United Kingdom
580385,23284,DOORMAT KEEP CALM AND COME IN,10,2011-12-04 10:11:00,7.08,16326.0,United Kingdom
581146,23439,HAND WARMER RED LOVE HEART,5,2011-12-07 13:53:00,2.1,17602.0,United Kingdom
573245,23263,SET OF 3 WOODEN HEART DECORATIONS,10,2011-10-28 12:08:00,1.25,17841.0,United Kingdom
562560,84569D,PACK 6 HEART/ICE-CREAM PATCHES,12,2011-08-05 17:12:00,1.25,14156.0,EIRE
566081,23298,SPOTTY BUNTING,6,2011-09-09 10:09:00,4.95,16293.0,United Kingdom
559693,22269,EGG CUP NATURAL CHICKEN,4,2011-07-11 16:21:00,0.83,,United Kingdom
568054,22096,PINK PAISLEY SQUARE TISSUE BOX ,6,2011-09-23 12:50:00,0.39,16978.0,United Kingdom
556953,23172,REGENCY TEA PLATE PINK,24,2011-06-16 08:16:00,1.65,14911.0,EIRE
541423,85170D,SET/6 PINK BIRD T-LIGHT CANDLES,2,2011-01-17 17:54:00,2.46,,United Kingdom
546915,22148,EASTER CRAFT 4 CHICKS ,12,2011-03-18 08:31:00,1.95,15695.0,United Kingdom
550633,82482,WOODEN PICTURE FRAME WHITE FINISH,2,2011-04-19 14:57:00,2.55,17449.0,United Kingdom
552639,21704,BAG 250g SWIRLY MARBLES,12,2011-05-10 13:18:00,0.85,15134.0,United Kingdom
580694,22075,6 RIBBONS ELEGANT CHRISTMAS ,24,2011-12-05 16:00:00,0.39,16600.0,United Kingdom
547065,47566,PARTY BUNTING,4,2011-03-20 13:38:00,4.95,17068.0,United Kingdom
547042,20973,12 PENCIL SMALL TUBE WOODLAND,10,2011-03-20 11:00:00,1.25,,United Kingdom
575753,47580,TEA TIME DES TEA COSY,1,2011-11-11 10:41:00,2.55,17841.0,United Kingdom
573576,20723,STRAWBERRY CHARLOTTE BAG,4,2011-10-31 14:09:00,1.63,14096.0,United Kingdom
556089,84997a,CHILDRENS CUTLERY POLKADOT GREEN ,1,2011-06-08 15:25:00,8.29,,United Kingdom
538652,84946,ANTIQUE SILVER TEA GLASS ETCHED,6,2010-12-13 15:12:00,1.25,17890.0,United Kingdom
552365,21713,CITRONELLA CANDLE FLOWERPOT,3,2011-05-09 12:25:00,2.1,16440.0,United Kingdom
559055,21098,CHRISTMAS TOILET ROLL,1,2011-07-05 17:09:00,2.46,,United Kingdom
581023,22605,WOODEN CROQUET GARDEN SET,1,2011-12-07 10:35:00,24.96,,United Kingdom
571841,21218,RED SPOTTY BISCUIT TIN,1,2011-10-19 12:21:00,3.75,17625.0,United Kingdom
578513,85099B,JUMBO BAG RED RETROSPOT,20,2011-11-24 13:32:00,2.08,16609.0,United Kingdom
570258,22149,FELTCRAFT 6 FLOWER FRIENDS,1,2011-10-10 09:56:00,4.96,,United Kingdom
545474,82494L,WOODEN FRAME ANTIQUE WHITE ,6,2011-03-03 10:55:00,2.95,16709.0,United Kingdom
550464,47591D,PINK FAIRY CAKE CHILDRENS APRON,3,2011-04-18 13:30:00,1.95,16550.0,United Kingdom
558642,21900,"KEY FOB , SHED",24,2011-07-01 09:47:00,0.65,17667.0,United Kingdom
536843,22966,GINGERBREAD MAN COOKIE CUTTER,12,2010-12-02 18:46:00,1.25,17552.0,United Kingdom
576054,23300,GARDENERS KNEELING PAD CUP OF TEA ,1,2011-11-13 14:55:00,1.65,15787.0,United Kingdom
542735,POST,POSTAGE,3,2011-01-31 15:36:00,18.0,12681.0,France
539456,85136A,YELLOW SHARK HELICOPTER,1,2010-12-17 17:23:00,7.95,16885.0,United Kingdom
543345,22196,SMALL HEART MEASURING SPOONS,5,2011-02-07 12:29:00,1.63,,United Kingdom
565289,22699,ROSES REGENCY TEACUP AND SAUCER ,6,2011-09-02 11:43:00,2.95,14911.0,EIRE
550283,21877,HOME SWEET HOME MUG,12,2011-04-15 14:05:00,1.25,18094.0,United Kingdom
573580,21929,JUMBO BAG PINK VINTAGE PAISLEY,1,2011-10-31 14:21:00,4.13,,United Kingdom
554788,23108,SET OF 10 LED DOLLY LIGHTS,4,2011-05-26 12:00:00,6.25,12987.0,United Kingdom
537440,21624,VINTAGE UNION JACK DOORSTOP,2,2010-12-06 17:16:00,5.95,17869.0,United Kingdom
558862,21791,VINTAGE HEADS AND TAILS CARD GAME ,12,2011-07-04 12:25:00,1.25,13901.0,United Kingdom
539307,22608,PENS ASSORTED FUNKY JEWELED ,180,2010-12-16 17:43:00,0.21,13694.0,United Kingdom
556776,22553,PLASTERS IN TIN SKULLS,1,2011-06-14 12:24:00,1.65,14730.0,United Kingdom
572185,20724,RED RETROSPOT CHARLOTTE BAG,54,2011-10-21 10:52:00,2.46,,United Kingdom
557764,23108,SET OF 10 LED DOLLY LIGHTS,6,2011-06-22 14:21:00,6.25,13089.0,United Kingdom
538744,21874,GIN AND TONIC MUG,6,2010-12-14 11:26:00,1.25,15356.0,United Kingdom
581222,85099B,JUMBO BAG RED RETROSPOT,30,2011-12-08 09:46:00,2.08,14520.0,United Kingdom
576239,22968,ROSE COTTAGE KEEPSAKE BOX ,24,2011-11-14 13:33:00,8.5,15694.0,United Kingdom
545410,21876,POTTERING MUG,12,2011-03-02 12:18:00,1.25,16670.0,United Kingdom
570430,21358,TOAST ITS - HAPPY BIRTHDAY,1,2011-10-10 14:25:00,1.25,15886.0,United Kingdom
543815,22916,HERB MARKER THYME,2,2011-02-13 15:18:00,0.65,17255.0,United Kingdom
537384,22632,HAND WARMER RED RETROSPOT,20,2010-12-06 13:21:00,2.1,15984.0,United Kingdom
554058,21154,RED RETROSPOT OVEN GLOVE ,3,2011-05-20 16:04:00,1.25,17757.0,United Kingdom
562046,21201,TROPICAL  HONEYCOMB PAPER GARLAND ,12,2011-08-02 10:34:00,2.55,12378.0,Switzerland
559535,M,Manual,1,2011-07-10 12:16:00,3.75,17841.0,United Kingdom
571629,22366,DOORMAT AIRMAIL ,2,2011-10-18 11:18:00,8.25,13362.0,United Kingdom
545515,21084,SET/6 COLLAGE PAPER CUPS,12,2011-03-03 12:06:00,0.65,12727.0,France
C544557,85150,LADIES & GENTLEMEN METAL SIGN,-1,2011-02-21 12:31:00,2.55,17422.0,United Kingdom
570455,21643,ASSORTED TUTTI FRUTTI MIRROR,2,2011-10-10 15:27:00,1.25,14529.0,United Kingdom
539752,22221,CAKE STAND LOVEBIRD 2 TIER PINK,2,2010-12-21 15:43:00,9.95,12515.0,Italy
560299,22706,WRAP COWBOYS  ,25,2011-07-18 10:28:00,0.42,17593.0,United Kingdom
561533,22725,ALARM CLOCK BAKELIKE CHOCOLATE,24,2011-07-28 09:32:00,3.75,16672.0,United Kingdom
571726,23224,CHERUB HEART DECORATION GOLD,12,2011-10-19 09:00:00,0.83,16191.0,United Kingdom
557643,DOT,DOTCOM POSTAGE,1,2011-06-21 16:36:00,129.08,,United Kingdom
562043,85132C,CHARLIE AND LOLA FIGURES TINS,12,2011-08-02 10:19:00,1.95,15342.0,United Kingdom
568908,22951,60 CAKE CASES DOLLY GIRL DESIGN,24,2011-09-29 13:38:00,0.55,16653.0,United Kingdom
566040,22848,BREAD BIN DINER STYLE PINK,1,2011-09-08 13:38:00,16.95,12540.0,Spain
542617,21535,RED RETROSPOT SMALL MILK JUG,2,2011-01-30 15:48:00,2.55,17463.0,United Kingdom
579187,23158,SET OF 5 LUCKY CAT MAGNETS ,1,2011-11-28 15:31:00,4.13,,United Kingdom
541684,22457,NATURAL SLATE HEART CHALKBOARD ,1,2011-01-20 15:22:00,2.95,15498.0,United Kingdom
552315,22975,SPACEBOY CHILDRENS EGG CUP,12,2011-05-08 16:10:00,1.25,12700.0,France
575491,22633,HAND WARMER UNION JACK,1,2011-11-09 17:47:00,2.1,15531.0,United Kingdom
551250,79302M,"ART LIGHTS,FUNK MONKEY",1,2011-04-27 12:00:00,2.95,17841.0,United Kingdom
577133,21340,CLASSIC METAL BIRDCAGE PLANT HOLDER,1,2011-11-18 08:47:00,12.75,13962.0,United Kingdom
559797,21219,SET/4 BADGES BALLOON GIRL,10,2011-07-12 13:31:00,1.25,12720.0,Germany
543448,21327,SKULLS WRITING SET ,2,2011-02-08 12:12:00,2.46,,United Kingdom
576590,22138,BAKING SET 9 PIECE RETROSPOT ,3,2011-11-15 14:30:00,4.95,16240.0,United Kingdom
562936,23321,SMALL WHITE HEART OF WICKER,1,2011-08-10 17:12:00,1.65,,United Kingdom
559817,23013,GLASS APOTHECARY BOTTLE TONIC,1,2011-07-12 16:20:00,3.95,,United Kingdom
580519,22735,RIBBON REEL SOCKS AND MITTENS,1,2011-12-04 14:51:00,4.13,,United Kingdom
536365,84406B,CREAM CUPID HEARTS COAT HANGER,8,2010-12-01 08:26:00,2.75,17850.0,United Kingdom
557481,21257,VICTORIAN SEWING BOX MEDIUM,2,2011-06-20 14:11:00,15.79,,United Kingdom
548544,22768,FAMILY PHOTO FRAME CORNICE,2,2011-03-31 18:49:00,9.95,14525.0,United Kingdom
537645,85048,15CM CHRISTMAS GLASS BALL 20 LIGHTS,1,2010-12-07 15:34:00,16.98,,United Kingdom
563288,22382,LUNCH BAG SPACEBOY DESIGN ,20,2011-08-15 12:53:00,1.65,12656.0,France
C560046,23092,LARGE ANTIQUE WHITE PHOTO FRAME,-1,2011-07-14 14:55:00,7.9,17049.0,United Kingdom
553340,22139,RETROSPOT TEA SET CERAMIC 11 PC ,24,2011-05-16 12:20:00,4.25,15125.0,United Kingdom
577485,22113,GREY HEART HOT WATER BOTTLE,2,2011-11-20 11:56:00,4.25,16360.0,United Kingdom
565303,22964,3 PIECE SPACEBOY COOKIE CUTTER SET,2,2011-09-02 12:17:00,2.1,,Unspecified
554957,22386,JUMBO BAG PINK POLKADOT,3,2011-05-27 15:17:00,4.13,,United Kingdom
562611,22456,NATURAL SLATE CHALKBOARD LARGE ,3,2011-08-08 11:58:00,4.95,17716.0,United Kingdom
540260,21232,STRAWBERRY CERAMIC TRINKET BOX,12,2011-01-06 09:40:00,1.25,13097.0,United Kingdom
540826,22883,NUMBER TILE VINTAGE FONT 4,12,2011-01-11 14:00:00,0.42,13102.0,United Kingdom
564140,22964,3 PIECE SPACEBOY COOKIE CUTTER SET,6,2011-08-23 11:47:00,2.1,12621.0,Germany
540418,22163,HEART STRING MEMO HOLDER HANGING,3,2011-01-07 11:04:00,3.36,,United Kingdom
566564,22999,TRAVEL CARD WALLET VINTAGE LEAF,6,2011-09-13 12:26:00,0.42,15522.0,United Kingdom
537200,84029E,RED WOOLLY HOTTIE WHITE HEART.,1,2010-12-05 14:17:00,3.75,15867.0,United Kingdom
560048,23300,GARDENERS KNEELING PAD CUP OF TEA ,12,2011-07-14 15:02:00,1.65,13515.0,United Kingdom
578068,23108,SET OF 10 LED DOLLY LIGHTS,2,2011-11-22 15:45:00,6.25,14505.0,United Kingdom
555547,POST,POSTAGE,4,2011-06-05 13:13:00,18.0,12681.0,France
571693,23002,TRAVEL CARD WALLET SKULLS,24,2011-10-18 14:44:00,0.42,14776.0,United Kingdom
546982,22244,3 HOOK HANGER MAGIC GARDEN,1,2011-03-18 12:26:00,1.95,15483.0,United Kingdom
579571,21032,SPACE CADET WHITE,10,2011-11-30 11:48:00,1.25,16657.0,United Kingdom
553374,20725,LUNCH BAG RED RETROSPOT,10,2011-05-16 14:51:00,1.65,14489.0,United Kingdom
560211,23199,JUMBO BAG APPLES,10,2011-07-15 14:34:00,2.08,12621.0,Germany
541680,21166,COOK WITH WINE METAL SIGN ,48,2011-01-20 14:18:00,1.69,14062.0,United Kingdom
581241,21181,PLEASE ONE PERSON METAL SIGN,12,2011-12-08 10:58:00,2.1,15520.0,United Kingdom
539095,18097C,WHITE TALL PORCELAIN T-LIGHT HOLDER,6,2010-12-16 10:18:00,2.55,16037.0,United Kingdom
541999,90115,SUMMER BUTTERFLIES BAG CHARM,1,2011-01-25 10:45:00,2.46,,United Kingdom
570496,22630,DOLLY GIRL LUNCH BOX,12,2011-10-11 09:05:00,1.95,16422.0,United Kingdom
555733,22791,T-LIGHT GLASS FLUTED ANTIQUE,72,2011-06-07 08:21:00,1.06,16839.0,United Kingdom
569261,23445,ICE CREAM BUBBLES,20,2011-10-03 11:34:00,0.83,17321.0,United Kingdom
546107,22257,FELT FARM ANIMAL SHEEP,2,2011-03-09 12:33:00,1.25,17238.0,United Kingdom
574098,22619,SET OF 6 SOLDIER SKITTLES,4,2011-11-03 10:03:00,3.75,16337.0,United Kingdom
547520,21711,FOLDING UMBRELLA WHITE/RED POLKADOT,4,2011-03-23 14:55:00,4.95,12564.0,France
549747,23201,JUMBO BAG ALPHABET,100,2011-04-12 10:41:00,1.79,17428.0,United Kingdom
538327,16258A,SWIRLY CIRCULAR RUBBERS IN BAG,1,2010-12-10 13:58:00,0.42,15514.0,United Kingdom
539436,22696,WICKER WREATH LARGE,1,2010-12-17 14:49:00,4.21,,United Kingdom
577320,22961,JAM MAKING SET PRINTED,12,2011-11-18 13:44:00,1.45,13880.0,United Kingdom
549749,22773,GREEN DRAWER KNOB ACRYLIC EDWARDIAN,24,2011-04-12 10:45:00,1.25,12928.0,United Kingdom
545699,22704,WRAP RED APPLES ,25,2011-03-06 14:50:00,0.42,15572.0,United Kingdom
564646,22197,POPCORN HOLDER,1,2011-08-26 13:39:00,1.63,,United Kingdom
580983,90175A,WHITE GLASS CHUNKY CHARM BRACELET,1,2011-12-06 16:26:00,9.15,,United Kingdom
547656,22487,WHITE WOOD GARDEN PLANT LADDER,1,2011-03-24 12:53:00,9.95,13263.0,United Kingdom
556812,23052,RECYCLED ACAPULCO MAT TURQUOISE,1,2011-06-14 17:25:00,16.63,,United Kingdom
569129,22694,WICKER STAR ,2,2011-09-30 13:40:00,2.1,15034.0,United Kingdom
578530,23156,SET OF 5 MINI GROCERY MAGNETS,12,2011-11-24 14:37:00,2.08,14251.0,United Kingdom
552234,22442,GROW YOUR OWN FLOWERS SET OF 3,1,2011-05-06 16:01:00,15.79,,United Kingdom
546079,23177,TREASURE ISLAND BOOK BOX,1,2011-03-09 11:05:00,2.25,14534.0,United Kingdom
545377,21165,BEWARE OF THE CAT METAL SIGN ,1,2011-03-02 11:32:00,1.69,14606.0,United Kingdom
548329,82600,NO SINGING METAL SIGN,12,2011-03-30 13:14:00,2.1,16584.0,United Kingdom
559462,23203,JUMBO BAG DOILEY PATTERNS,30,2011-07-08 13:12:00,2.08,16523.0,United Kingdom
551558,22456,NATURAL SLATE CHALKBOARD LARGE ,2,2011-05-03 10:41:00,4.95,17841.0,United Kingdom
578541,23290,SPACEBOY CHILDRENS BOWL,4,2011-11-24 15:01:00,1.25,14277.0,France
547962,21843,RED RETROSPOT CAKE STAND,1,2011-03-28 15:38:00,10.95,12957.0,United Kingdom
572216,21993,FLORAL FOLK STATIONERY SET,1,2011-10-21 12:56:00,1.25,16015.0,United Kingdom
577519,23311,VINTAGE CHRISTMAS STOCKING ,5,2011-11-20 13:20:00,2.55,15044.0,United Kingdom
548984,85049H,URBAN BLACK RIBBONS ,2,2011-04-05 12:37:00,1.25,14546.0,United Kingdom
580729,23535,WALL ART BICYCLE SAFETY,10,2011-12-05 17:24:00,12.46,,United Kingdom
540848,84086C,PINK/PURPLE RETRO RADIO,1,2011-01-12 09:26:00,2.51,,United Kingdom
571219,23243,SET OF TEA COFFEE SUGAR TINS PANTRY,4,2011-10-14 13:35:00,4.95,15601.0,United Kingdom
575369,21790,VINTAGE SNAP CARDS,12,2011-11-09 15:09:00,0.85,16655.0,United Kingdom
579278,21733,RED HANGING HEART T-LIGHT HOLDER,6,2011-11-29 10:18:00,2.95,14209.0,United Kingdom
556108,22266,EASTER DECORATION HANGING BUNNY,5,2011-06-08 17:59:00,1.25,,United Kingdom
571213,20728,LUNCH BAG CARS BLUE,10,2011-10-14 12:55:00,1.65,13995.0,United Kingdom
580500,21155,RED RETROSPOT PEG BAG,8,2011-12-04 12:52:00,2.55,17131.0,United Kingdom
C576561,22845,VINTAGE CREAM CAT FOOD CONTAINER,-1,2011-11-15 13:22:00,5.55,15311.0,United Kingdom
539300,22756,LARGE YELLOW BABUSHKA NOTEBOOK ,1,2010-12-16 17:31:00,1.25,,United Kingdom
556533,21868,POTTING SHED TEA MUG,24,2011-06-13 12:05:00,1.25,15625.0,United Kingdom
578833,23312,VINTAGE CHRISTMAS GIFT SACK,1,2011-11-25 15:23:00,8.29,,United Kingdom
552353,23200,JUMBO BAG PEARS,10,2011-05-09 12:14:00,2.08,17612.0,United Kingdom
540475,22241,GARLAND WOODEN HAPPY EASTER,3,2011-01-07 14:43:00,1.25,15311.0,United Kingdom
544187,20725,LUNCH BAG RED RETROSPOT,10,2011-02-16 16:31:00,1.65,14107.0,United Kingdom
563935,21216,"SET 3 RETROSPOT TEA,COFFEE,SUGAR",1,2011-08-21 16:24:00,4.95,15547.0,United Kingdom
578506,23107,WHITE HEARTS WIRE PLANT POT HOLDER,2,2011-11-24 13:01:00,2.89,17458.0,United Kingdom
556820,23245,SET OF 3 REGENCY CAKE TINS,4,2011-06-15 10:22:00,4.95,12682.0,France
559546,22622,BOX OF VINTAGE ALPHABET BLOCKS,6,2011-07-10 14:49:00,11.95,14163.0,United Kingdom
565806,22904,CALENDAR PAPER CUT DESIGN,6,2011-09-07 10:51:00,2.95,15594.0,United Kingdom
574950,21974,SET OF 36 PAISLEY FLOWER DOILIES,1,2011-11-08 09:29:00,2.92,,United Kingdom
565840,23301,GARDENERS KNEELING PAD KEEP CALM ,1,2011-09-07 12:02:00,3.29,,United Kingdom
555383,21928,JUMBO BAG SCANDINAVIAN BLUE PAISLEY,2,2011-06-02 15:13:00,2.08,12517.0,Germany
568712,23228,FILIGREE HEART BIRD WHITE ,2,2011-09-28 15:50:00,1.25,17841.0,United Kingdom
541569,84997A,GREEN 3 PIECE POLKADOT CUTLERY SET,6,2011-01-19 12:14:00,3.75,13520.0,Switzerland
546791,22977,DOLLY GIRL CHILDRENS EGG CUP,12,2011-03-17 10:38:00,1.25,17716.0,United Kingdom
540953,21918,SET 12 KIDS COLOUR  CHALK STICKS,2,2011-01-12 13:16:00,0.42,14587.0,United Kingdom
573032,22720,SET OF 3 CAKE TINS PANTRY DESIGN ,3,2011-10-27 13:36:00,4.95,18211.0,United Kingdom
567656,22083,PAPER CHAIN KIT RETROSPOT,2,2011-09-21 14:40:00,5.79,14096.0,United Kingdom
577698,47591D,PINK FAIRY CAKE CHILDRENS APRON,3,2011-11-21 12:05:00,1.95,14963.0,United Kingdom
575631,22641,SET OF 4 NAPKIN CHARMS INSTRUMENT,1,2011-11-10 13:41:00,2.55,15184.0,United Kingdom
536544,21870,I CAN ONLY PLEASE ONE PERSON MUG,1,2010-12-01 14:32:00,3.36,,United Kingdom
556636,23306,SET OF 36 DOILIES PANTRY DESIGN,1,2011-06-13 15:30:00,2.92,,United Kingdom
553859,21188,3D HEARTS  HONEYCOMB PAPER GARLAND,2,2011-05-19 13:35:00,2.95,14505.0,United Kingdom
571717,23503,PLAYING CARDS KEEP CALM & CARRY ON,2,2011-10-18 17:10:00,1.25,14381.0,United Kingdom
562104,21929,JUMBO BAG PINK VINTAGE PAISLEY,1,2011-08-02 14:31:00,4.13,,United Kingdom
544169,21754,HOME BUILDING BLOCK WORD,3,2011-02-16 13:44:00,5.95,13078.0,United Kingdom
543821,85175,CACTI T-LIGHT CANDLES,16,2011-02-14 09:24:00,0.42,17667.0,United Kingdom
580558,23355,HOT WATER BOTTLE KEEP CALM,20,2011-12-05 10:19:00,4.95,14931.0,Channel Islands
566589,20728,LUNCH BAG CARS BLUE,10,2011-09-13 14:50:00,1.65,14753.0,United Kingdom
581219,23119,PACK OF 6 LARGE FRUIT STRAWS ,1,2011-12-08 09:28:00,1.25,,United Kingdom
569467,22899,CHILDREN'S APRON DOLLY GIRL ,6,2011-10-04 11:44:00,2.1,14291.0,United Kingdom
550496,85132B,CHARLIE AND LOLA TABLE TINS,1,2011-04-18 15:05:00,5.79,,United Kingdom
543269,84638,,-18,2011-02-04 17:25:00,0.0,,United Kingdom
576092,10135,COLOURING PENCILS BROWN TUBE,20,2011-11-14 09:00:00,1.25,18263.0,United Kingdom
569574,23354,6 GIFT TAGS 50'S CHRISTMAS ,24,2011-10-05 10:30:00,0.83,15127.0,United Kingdom
562549,23255,CHILDRENS CUTLERY CIRCUS PARADE,4,2011-08-05 16:10:00,4.15,17092.0,United Kingdom
561217,22940,FELTCRAFT CHRISTMAS FAIRY,1,2011-07-25 17:09:00,8.29,,United Kingdom
549286,21915,RED  HARMONICA IN BOX ,3,2011-04-07 18:03:00,1.25,17928.0,United Kingdom
541504,84792,ENCHANTED BIRD COATHANGER 5 HOOK,2,2011-01-18 15:37:00,4.65,14415.0,United Kingdom
560504,16045,POPART WOODEN PENCILS ASST,100,2011-07-19 11:47:00,0.04,13081.0,United Kingdom
555277,22699,ROSES REGENCY TEACUP AND SAUCER ,1,2011-06-01 17:30:00,5.79,,United Kingdom
548516,21977,PACK OF 60 PINK PAISLEY CAKE CASES,4,2011-03-31 16:28:00,1.25,,United Kingdom
540010,22501,reverse 21/5/10 adjustment,-100,2011-01-04 11:13:00,0.0,,United Kingdom
554969,21908,CHOCOLATE THIS WAY METAL SIGN,7,2011-05-27 16:30:00,2.1,14976.0,United Kingdom
540523,21383,PACK OF 12 STICKY BUNNIES,10,2011-01-09 12:51:00,0.65,13069.0,United Kingdom
571690,85099F,JUMBO BAG STRAWBERRY,10,2011-10-18 14:32:00,2.08,14191.0,United Kingdom
579143,23491,VINTAGE JINGLE BELLS HEART,4,2011-11-28 13:08:00,8.25,13882.0,United Kingdom
555584,22915,ASSORTED BOTTLE TOP  MAGNETS ,12,2011-06-06 09:04:00,0.42,16906.0,United Kingdom
569246,23188,VINTAGE  2 METER FOLDING RULER,1,2011-10-03 09:57:00,3.29,14096.0,United Kingdom
538635,84849B,FAIRY SOAP SOAP HOLDER,1,2010-12-13 13:32:00,1.69,17303.0,United Kingdom
537643,21874,GIN AND TONIC MUG,2,2010-12-07 15:34:00,3.36,,United Kingdom
540821,90129A,PINK GLASS TASSLE BAG CHARM ,1,2011-01-11 13:16:00,1.66,,United Kingdom
557735,22699,ROSES REGENCY TEACUP AND SAUCER ,12,2011-06-22 11:30:00,2.95,16214.0,United Kingdom
550988,47566,PARTY BUNTING,4,2011-04-21 18:10:00,4.95,14231.0,United Kingdom
573137,22469,HEART OF WICKER SMALL,1,2011-10-27 17:15:00,3.29,,United Kingdom
541405,20963,APPLE BATH SPONGE,10,2011-01-17 15:17:00,1.25,12683.0,France
572853,23406,HOME SWEET HOME KEY HOLDER,2,2011-10-26 12:28:00,6.25,17712.0,United Kingdom
581171,22620,4 TRADITIONAL SPINNING TOPS,12,2011-12-07 15:02:00,1.45,12615.0,France
576236,22609,PENS ASSORTED SPACEBALL,36,2011-11-14 13:31:00,0.19,13755.0,United Kingdom
571883,22923,FRIDGE MAGNETS LES ENFANTS ASSORTED,6,2011-10-19 13:58:00,0.85,14704.0,United Kingdom
566850,22735,RIBBON REEL SOCKS AND MITTENS,10,2011-09-15 12:04:00,1.65,13662.0,United Kingdom
548178,85099B,JUMBO BAG RED RETROSPOT,10,2011-03-29 14:35:00,1.95,14367.0,United Kingdom
569231,84247E,PACK OF 12 CHRISTMAS FUN CARDS,1,2011-10-02 15:18:00,2.95,13379.0,United Kingdom
566287,22450,SILK PURSE BABUSHKA BLUE,3,2011-09-11 15:11:00,3.35,17218.0,United Kingdom
539744,21116,OWL DOORSTOP,2,2010-12-21 15:21:00,8.47,,United Kingdom
559174,47503A,ASS FLORAL PRINT MULTI SCREWDRIVER,24,2011-07-07 10:04:00,0.42,18263.0,United Kingdom
558919,85014A,BLACK/BLUE POLKADOT UMBRELLA,3,2011-07-05 09:56:00,5.95,15078.0,United Kingdom
570592,85049g,CHOCOLATE BOX RIBBONS ,3,2011-10-11 11:37:00,2.46,,United Kingdom
579777,22821,GIFT BAG PSYCHEDELIC APPLES,1,2011-11-30 15:13:00,0.83,,United Kingdom
564817,20723,STRAWBERRY CHARLOTTE BAG,1,2011-08-30 12:02:00,1.63,,United Kingdom
537674,21080,SET/20 RED RETROSPOT PAPER NAPKINS ,24,2010-12-08 09:51:00,0.85,15628.0,United Kingdom
544203,47566B,TEA TIME PARTY BUNTING,4,2011-02-17 10:30:00,4.95,12362.0,Belgium
574937,82486,3 DRAWER ANTIQUE WHITE WOOD CABINET,4,2011-11-07 17:08:00,8.95,15344.0,United Kingdom
568342,22083,PAPER CHAIN KIT RETROSPOT,12,2011-09-26 15:10:00,2.95,14473.0,United Kingdom
575739,21905,MORE BUTTER METAL SIGN ,1,2011-11-11 09:05:00,1.63,,United Kingdom
552514,21179,NO JUNK MAIL METAL SIGN,1,2011-05-09 16:30:00,1.63,,United Kingdom
541602,21756,BATH BUILDING BLOCK WORD,1,2011-01-19 17:17:00,5.95,17231.0,United Kingdom
570231,22065,CHRISTMAS PUDDING TRINKET POT ,6,2011-10-09 13:44:00,0.39,16685.0,United Kingdom
574069,23564,EGG CUP MILKMAID INGRID,12,2011-11-02 14:52:00,1.25,17735.0,United Kingdom
536975,22705,WRAP GREEN PEARS ,25,2010-12-03 14:04:00,0.42,14911.0,EIRE
569844,21671,RED SPOT CERAMIC DRAWER KNOB,12,2011-10-06 13:30:00,1.45,12626.0,Germany
549577,22416,SET OF 36 DOILIES SPACEBOY DESIGN ,12,2011-04-11 08:16:00,1.45,14286.0,United Kingdom
538174,22907,PACK OF 20 NAPKINS PANTRY DESIGN,24,2010-12-10 09:35:00,0.85,12471.0,Germany
541827,84968C,SET OF 16 VINTAGE PISTACHIO CUTLERY,9,2011-01-21 17:05:00,8.29,,United Kingdom
570273,22187,GREEN CHRISTMAS TREE CARD HOLDER,12,2011-10-10 10:51:00,1.95,13373.0,United Kingdom
572242,23493,VINTAGE DOILY TRAVEL SEWING KIT,10,2011-10-21 15:36:00,1.95,15677.0,United Kingdom
578344,22255,FELT TOADSTOOL  SMALL,1,2011-11-24 09:21:00,1.63,,United Kingdom
561803,22089,PAPER BUNTING VINTAGE PAISLEY,6,2011-07-29 14:39:00,2.95,17926.0,United Kingdom
569697,22193,RED DINER WALL CLOCK,2,2011-10-05 15:38:00,8.5,17647.0,United Kingdom
541274,22937,BAKING MOULD CHOCOLATE CUPCAKES,6,2011-01-17 11:24:00,2.55,15696.0,United Kingdom
542622,22469,HEART OF WICKER SMALL,2,2011-01-31 09:09:00,3.29,,United Kingdom
556636,22385,JUMBO BAG SPACEBOY DESIGN,4,2011-06-13 15:30:00,4.13,,United Kingdom
538566,21398,RED POLKADOT COFFEE  MUG,2,2010-12-13 11:21:00,4.21,,United Kingdom
551840,85116,BLACK CANDELABRA T-LIGHT HOLDER,24,2011-05-04 13:36:00,2.1,15144.0,United Kingdom
557975,23209,LUNCH BAG DOILEY PATTERN ,20,2011-06-24 10:33:00,1.65,15981.0,United Kingdom
554270,22832,BROCANTE SHELF WITH HOOKS,2,2011-05-23 13:05:00,10.75,15046.0,United Kingdom
554491,21891,TRADITIONAL WOODEN SKIPPING ROPE,1,2011-05-24 13:50:00,1.45,14606.0,United Kingdom
541886,21485,RETROSPOT HEART HOT WATER BOTTLE,1,2011-01-24 11:21:00,4.95,15039.0,United Kingdom
549448,22684,FRENCH BLUE METAL DOOR SIGN 9,10,2011-04-08 14:07:00,1.25,13078.0,United Kingdom
573151,22951,60 CAKE CASES DOLLY GIRL DESIGN,3,2011-10-27 20:09:00,0.55,17602.0,United Kingdom
C574955,23110,PARISIENNE KEY CABINET ,-2,2011-11-08 09:56:00,5.75,15066.0,United Kingdom
575152,23103,JINGLE BELL HEART DECORATION,8,2011-11-08 16:12:00,1.65,16284.0,United Kingdom
572932,22909,SET OF 20 VINTAGE CHRISTMAS NAPKINS,12,2011-10-27 10:14:00,0.85,15791.0,United Kingdom
578992,22782,SET 3 WICKER STORAGE BASKETS ,1,2011-11-27 15:38:00,24.95,13610.0,United Kingdom
548701,20828,GLITTER BUTTERFLY CLIPS,1,2011-04-03 11:36:00,2.55,17629.0,United Kingdom
548555,22384,LUNCH BAG PINK POLKADOT,10,2011-04-01 09:21:00,1.65,13758.0,United Kingdom
553997,22629,SPACEBOY LUNCH BOX ,64,2011-05-20 11:34:00,1.65,12656.0,France
560833,22084,PAPER CHAIN KIT EMPIRE,1,2011-07-21 12:14:00,2.95,16891.0,United Kingdom
577531,23582,VINTAGE DOILY JUMBO BAG RED ,1,2011-11-20 13:58:00,4.13,,United Kingdom
547623,82583,HOT BATHS METAL SIGN,12,2011-03-24 11:29:00,2.1,15641.0,United Kingdom
562045,23167,SMALL CERAMIC TOP STORAGE JAR ,12,2011-08-02 10:33:00,0.83,12644.0,Germany
576771,20727,LUNCH BAG  BLACK SKULL.,10,2011-11-16 13:19:00,1.65,13285.0,United Kingdom
544685,48188,DOORMAT WELCOME PUPPIES,2,2011-02-22 17:13:00,7.95,13285.0,United Kingdom
538509,22127,PARTY CONES CARNIVAL ASSORTED,6,2010-12-12 13:37:00,1.25,14413.0,United Kingdom
559364,21907,I'M ON HOLIDAY METAL SIGN,12,2011-07-08 08:48:00,2.1,17735.0,United Kingdom
571552,22732,3D VINTAGE CHRISTMAS STICKERS ,18,2011-10-18 08:42:00,1.25,16848.0,United Kingdom
575221,21967,PACK OF 12 SKULL TISSUES,24,2011-11-09 11:25:00,0.39,12949.0,United Kingdom
541838,85066,CREAM SWEETHEART MINI CHEST,2,2011-01-23 10:43:00,12.75,12916.0,United Kingdom
581233,21497,FANCY FONTS BIRTHDAY WRAP,25,2011-12-08 10:33:00,0.42,13436.0,United Kingdom
576057,20723,STRAWBERRY CHARLOTTE BAG,3,2011-11-13 15:06:00,0.85,15861.0,United Kingdom
570241,90001D,ANTIQUE OLIVE GREEN FLOWER EARRINGS,1,2011-10-09 15:24:00,4.25,14801.0,United Kingdom
555257,22440,BALLOON WATER BOMB PACK OF 35,20,2011-06-01 15:28:00,0.42,17596.0,United Kingdom
537772,22079,RIBBON REEL HEARTS DESIGN ,5,2010-12-08 12:35:00,1.65,18043.0,United Kingdom
578149,22374,AIRLINE BAG VINTAGE JET SET RED,1,2011-11-23 11:11:00,4.13,,United Kingdom
554512,23199,JUMBO BAG APPLES,3,2011-05-24 15:54:00,4.13,,United Kingdom
569568,84997D,CHILDRENS CUTLERY POLKADOT PINK,4,2011-10-05 09:57:00,4.15,12700.0,France
545851,47594B,SCOTTIES DESIGN WASHBAG,4,2011-03-07 13:45:00,1.95,15026.0,United Kingdom
579156,23359,SET OF 12 T-LIGHTS VINTAGE DOILY,12,2011-11-28 13:47:00,1.95,17419.0,United Kingdom
568786,85099F,JUMBO BAG STRAWBERRY,20,2011-09-29 09:16:00,2.08,15144.0,United Kingdom
537775,22846,BREAD BIN DINER STYLE RED ,4,2010-12-08 12:41:00,14.95,17722.0,United Kingdom
543097,22697,GREEN REGENCY TEACUP AND SAUCER,1,2011-02-03 11:41:00,5.79,,United Kingdom
578943,22189,CREAM HEART CARD HOLDER,8,2011-11-27 13:35:00,3.95,15009.0,United Kingdom
539954,21864,UNION JACK FLAG PASSPORT COVER ,30,2010-12-23 12:04:00,1.69,13777.0,United Kingdom
546791,21791,VINTAGE HEADS AND TAILS CARD GAME ,12,2011-03-17 10:38:00,1.25,17716.0,United Kingdom
539437,22549,PICTURE DOMINOES,1,2010-12-17 14:54:00,3.36,,United Kingdom
573131,23536,VILLAGE SHOW WALL ART,4,2011-10-27 16:44:00,5.95,15622.0,United Kingdom
548194,16207A,PINK STRAWBERRY HANDBAG ,1,2011-03-29 15:30:00,3.29,,United Kingdom
569243,21974,SET OF 36 PAISLEY FLOWER DOILIES,12,2011-10-03 09:44:00,1.45,13344.0,United Kingdom
537051,22727,ALARM CLOCK BAKELIKE RED ,2,2010-12-05 11:12:00,3.75,15708.0,United Kingdom
567976,22720,SET OF 3 CAKE TINS PANTRY DESIGN ,3,2011-09-23 10:26:00,4.95,13127.0,United Kingdom
541421,22371,AIRLINE BAG VINTAGE TOKYO 78,4,2011-01-17 17:44:00,4.13,,United Kingdom
571883,23265,SET OF 3 WOODEN TREE DECORATIONS,1,2011-10-19 13:58:00,1.25,14704.0,United Kingdom
546017,20751,FUNKY WASHING UP GLOVES ASSORTED,2,2011-03-08 17:23:00,2.1,14507.0,United Kingdom
556206,23160,REGENCY TEA SPOON,24,2011-06-09 13:46:00,1.25,14911.0,EIRE
538069,22759,SET OF 3 NOTEBOOKS IN PARCEL,4,2010-12-09 14:08:00,1.65,16795.0,United Kingdom
539492,22900, SET 2 TEA TOWELS I LOVE LONDON ,4,2010-12-20 10:14:00,5.91,,United Kingdom
544928,21993,FLORAL FOLK STATIONERY SET,1,2011-02-24 18:07:00,2.46,,United Kingdom
579093,23237,SET OF 4 KNICK KNACK TINS LEAF,12,2011-11-28 10:54:00,4.15,13081.0,United Kingdom
578679,22414,DOORMAT NEIGHBOURHOOD WITCH ,2,2011-11-25 08:12:00,8.25,15117.0,United Kingdom
579187,22179,SET 10 NIGHT OWL LIGHTS,1,2011-11-28 15:31:00,13.29,,United Kingdom
560433,21989,PACK OF 20 SKULL PAPER NAPKINS,2,2011-07-18 15:49:00,1.63,,United Kingdom
539840,21080,SET/20 RED RETROSPOT PAPER NAPKINS ,12,2010-12-22 14:28:00,0.85,12383.0,Belgium
558614,21159,MOODY BOY  DOOR HANGER ,1,2011-06-30 15:56:00,3.29,,United Kingdom
578344,21871,SAVE THE PLANET MUG,2,2011-11-24 09:21:00,3.29,,United Kingdom
542929,85099F,JUMBO BAG STRAWBERRY,10,2011-02-02 10:34:00,1.95,17811.0,United Kingdom
567670,22554,PLASTERS IN TIN WOODLAND ANIMALS,1,2011-09-21 15:32:00,3.29,,United Kingdom
557776,82494L,WOODEN FRAME ANTIQUE WHITE ,6,2011-06-22 15:07:00,2.95,14422.0,United Kingdom
539303,22966,GINGERBREAD MAN COOKIE CUTTER,36,2010-12-16 17:34:00,1.06,16684.0,United Kingdom
541696,22371,AIRLINE BAG VINTAGE TOKYO 78,1,2011-01-20 18:08:00,4.13,,United Kingdom
549443,22844,VINTAGE CREAM DOG FOOD CONTAINER,2,2011-04-08 12:56:00,8.5,15775.0,United Kingdom
540681,90200D,PINK SWEETHEART BRACELET,1,2011-01-10 16:25:00,4.24,,United Kingdom
559028,22355,CHARLOTTE BAG SUKI DESIGN,20,2011-07-05 14:27:00,0.85,12839.0,United Kingdom
560239,22619,SET OF 6 SOLDIER SKITTLES,4,2011-07-17 11:50:00,3.75,13507.0,United Kingdom
576062,23204,CHARLOTTE BAG APPLES DESIGN,6,2011-11-13 15:30:00,0.85,12867.0,United Kingdom
578783,21429,RED GINGHAM ROSE JEWELLERY BOX,4,2011-11-25 11:58:00,1.95,12748.0,United Kingdom
553741,22554,PLASTERS IN TIN WOODLAND ANIMALS,12,2011-05-19 09:37:00,1.65,12520.0,Germany
558777,22493,PAINT YOUR OWN CANVAS SET,1,2011-07-04 10:23:00,3.29,,United Kingdom
536412,22271,FELTCRAFT DOLL ROSIE,2,2010-12-01 11:49:00,2.95,17920.0,United Kingdom
568719,22714,CARD BIRTHDAY COWBOY,1,2011-09-28 16:19:00,0.83,,United Kingdom
544599,22722,SET OF 6 SPICE TINS PANTRY DESIGN,3,2011-02-21 18:15:00,8.29,,United Kingdom
550804,21217,RED RETROSPOT ROUND CAKE TINS,2,2011-04-20 15:32:00,9.95,16676.0,United Kingdom
551270,72802B,OCEAN SCENT CANDLE IN JEWELLED BOX,2,2011-04-27 12:35:00,4.25,15891.0,United Kingdom
540099,22845,VINTAGE CREAM CAT FOOD CONTAINER,3,2011-01-04 16:41:00,6.35,15808.0,United Kingdom
542407,22983,CARD BILLBOARD FONT,12,2011-01-27 16:17:00,0.42,15601.0,United Kingdom
560251,72807B,SET/3 OCEAN SCENT CANDLE JEWEL BOX,3,2011-07-17 12:32:00,4.25,17774.0,United Kingdom
536796,84832,ZINC WILLIE WINKIE  CANDLE STICK,2,2010-12-02 15:46:00,0.85,15574.0,United Kingdom
543812,22268,EASTER DECORATION SITTING BUNNY,1,2011-02-13 14:40:00,0.85,17472.0,United Kingdom
537253,22327,ROUND SNACK BOXES SET OF 4 SKULLS,4,2010-12-06 10:53:00,2.95,,United Kingdom
580729,22142,CHRISTMAS CRAFT WHITE FAIRY ,2,2011-12-05 17:24:00,3.29,,United Kingdom
563929,72760B,VINTAGE CREAM 3 BASKET CAKE STAND,1,2011-08-21 15:35:00,9.95,15031.0,United Kingdom
544599,85049A,TRADITIONAL CHRISTMAS RIBBONS,1,2011-02-21 18:15:00,2.46,,United Kingdom
C548460,48184,DOORMAT ENGLISH ROSE ,-2,2011-03-31 11:58:00,7.95,16801.0,United Kingdom
555631,20727,LUNCH BAG  BLACK SKULL.,2,2011-06-06 12:06:00,1.65,18118.0,United Kingdom
567613,21481,FAWN BLUE HOT WATER BOTTLE,4,2011-09-21 11:49:00,3.75,13908.0,United Kingdom
559052,85199S,SMALL HANGING IVORY/RED WOOD BIRD,1,2011-07-05 16:53:00,0.83,,United Kingdom
538071,21944,KITTENS DESIGN FLANNEL,2,2010-12-09 14:09:00,1.66,,United Kingdom
536630,22752,SET 7 BABUSHKA NESTING BOXES,2,2010-12-02 10:56:00,7.65,17850.0,United Kingdom
575637,22810,SET OF 6 T-LIGHTS SNOWMEN,3,2011-11-10 13:46:00,2.95,16904.0,United Kingdom
571694,71477,COLOUR GLASS. STAR T-LIGHT HOLDER,24,2011-10-18 14:44:00,3.29,13308.0,United Kingdom
554827,23192,BUNDLE OF 3 ALPHABET EXERCISE BOOKS,48,2011-05-26 15:19:00,1.45,14646.0,Netherlands
578075,21080,SET/20 RED RETROSPOT PAPER NAPKINS ,3,2011-11-22 16:11:00,0.85,15039.0,United Kingdom
537738,21479,WHITE SKULL HOT WATER BOTTLE ,4,2010-12-08 11:02:00,3.75,17706.0,United Kingdom
567138,23243,SET OF TEA COFFEE SUGAR TINS PANTRY,4,2011-09-16 14:39:00,4.95,17652.0,United Kingdom
559357,22273,FELTCRAFT DOLL MOLLY,2,2011-07-07 18:56:00,2.95,17107.0,United Kingdom
580317,23340,VINTAGE CHRISTMAS CAKE FRILL,12,2011-12-02 15:29:00,1.65,13458.0,United Kingdom
576379,22079,RIBBON REEL HEARTS DESIGN ,10,2011-11-15 09:21:00,1.65,16423.0,United Kingdom
562166,23209,LUNCH BAG DOILEY PATTERN ,10,2011-08-03 12:10:00,1.65,13209.0,United Kingdom
546218,21137,BLACK RECORD COVER FRAME,2,2011-03-10 12:11:00,3.75,14667.0,United Kingdom
572211,22400,MAGNETS PACK OF 4 HOME SWEET HOME,24,2011-10-21 12:25:00,0.39,13429.0,United Kingdom
573937,23284,DOORMAT KEEP CALM AND COME IN,2,2011-11-02 10:40:00,8.25,15830.0,United Kingdom
554326,21792,CLASSIC FRENCH STYLE BASKET GREEN ,3,2011-05-23 16:32:00,3.95,13737.0,United Kingdom
536993,22866,HAND WARMER SCOTTY DOG DESIGN,2,2010-12-03 15:19:00,2.1,14396.0,United Kingdom
580916,84661A,WHITE SQUARE TABLE CLOCK,1,2011-12-06 13:45:00,0.79,13685.0,United Kingdom
577536,47504H,ENGLISH ROSE SPIRIT LEVEL ,1,2011-11-20 14:14:00,0.79,15850.0,United Kingdom
571660,22705,WRAP GREEN PEARS ,25,2011-10-18 12:49:00,0.42,16191.0,United Kingdom
561714,23014,GLASS APOTHECARY BOTTLE ELIXIR,4,2011-07-29 11:56:00,3.95,18081.0,United Kingdom
569533,22578,WOODEN STAR CHRISTMAS SCANDINAVIAN,2,2011-10-04 15:21:00,0.29,16374.0,United Kingdom
566949,35648,VINTAGE BEAD PINK PURSE ,9,2011-09-15 16:32:00,1.63,,United Kingdom
568135,22571,ROCKING HORSE RED CHRISTMAS ,2,2011-09-23 17:04:00,1.63,,United Kingdom
550701,21080,SET/20 RED RETROSPOT PAPER NAPKINS ,24,2011-04-20 10:48:00,0.85,14905.0,United Kingdom
542584,21042,RED RETROSPOT APRON ,2,2011-01-28 15:21:00,5.95,18016.0,United Kingdom
558614,84919,BLUE CUSHION COVER WITH FLOWER,1,2011-06-30 15:56:00,5.79,,United Kingdom
568046,20972,PINK CREAM FELT CRAFT TRINKET BOX ,1,2011-09-23 12:16:00,1.25,18118.0,United Kingdom
548148,21380,WOODEN HAPPY BIRTHDAY GARLAND,1,2011-03-29 12:31:00,2.95,17931.0,United Kingdom
560926,21557,SET OF 6 FUNKY BEAKERS,1,2011-07-22 09:20:00,2.46,,United Kingdom
550183,21508,VINTAGE KID DOLLY CARD ,12,2011-04-14 17:58:00,0.42,14105.0,United Kingdom
563940,21922,UNION STRIPE WITH FRINGE  HAMMOCK,10,2011-08-22 09:30:00,7.95,17416.0,United Kingdom
539718,21216,"SET 3 RETROSPOT TEA,COFFEE,SUGAR",1,2010-12-21 13:06:00,11.02,,United Kingdom
579196,22360,GLASS JAR ENGLISH CONFECTIONERY,1,2011-11-28 15:54:00,5.79,14096.0,United Kingdom
578814,23695,DOILY THANK YOU CARD,12,2011-11-25 13:40:00,0.42,12748.0,United Kingdom
545073,22423,REGENCY CAKESTAND 3 TIER,1,2011-02-28 09:26:00,12.75,14036.0,United Kingdom
573289,21481,FAWN BLUE HOT WATER BOTTLE,8,2011-10-28 14:44:00,3.75,12705.0,Germany
573923,23156,SET OF 5 MINI GROCERY MAGNETS,3,2011-11-02 09:31:00,2.08,17965.0,United Kingdom
580983,23395,BELLE JARDINIERE CUSHION COVER,1,2011-12-06 16:26:00,10.79,,United Kingdom
539958,22795,SWEETHEART RECIPE BOOK STAND,1,2010-12-23 13:26:00,13.57,,United Kingdom
580316,21259,VICTORIAN SEWING BOX SMALL ,16,2011-12-02 15:25:00,5.95,18109.0,United Kingdom
547658,22854,CREAM SWEETHEART EGG HOLDER,4,2011-03-24 13:04:00,4.95,13736.0,United Kingdom
545429,48173C,DOORMAT BLACK FLOCK ,1,2011-03-02 14:46:00,7.95,15031.0,United Kingdom
572215,23173,REGENCY TEAPOT ROSES ,4,2011-10-21 12:52:00,9.95,12646.0,USA
537241,22111,SCOTTIE DOG HOT WATER BOTTLE,9,2010-12-06 10:18:00,4.95,14293.0,United Kingdom
578620,21165,BEWARE OF THE CAT METAL SIGN ,1,2011-11-24 15:21:00,1.69,17247.0,United Kingdom
579471,22411,JUMBO SHOPPER VINTAGE RED PAISLEY,4,2011-11-29 15:08:00,4.13,,United Kingdom
539730,22789,T-LIGHT HOLDER SWEETHEART HANGING,8,2010-12-21 14:54:00,1.95,13487.0,United Kingdom
577077,21615,4 LAVENDER BOTANICAL DINNER CANDLES,4,2011-11-17 15:16:00,1.25,17799.0,United Kingdom
554827,21559,STRAWBERRY LUNCH BOX WITH CUTLERY,180,2011-05-26 15:19:00,2.1,14646.0,Netherlands
555575,21042,RED RETROSPOT APRON ,6,2011-06-05 15:47:00,5.95,14466.0,United Kingdom
544304,82583,HOT BATHS METAL SIGN,2,2011-02-17 13:47:00,2.1,18125.0,United Kingdom
545324,22212,FOUR HOOK  WHITE LOVEBIRDS,6,2011-03-01 14:58:00,2.1,13110.0,United Kingdom
556222,21096,SET/6 FRUIT SALAD  PAPER PLATES,7,2011-06-09 14:23:00,0.39,17522.0,United Kingdom
571328,35970,ZINC FOLKART SLEIGH BELLS,12,2011-10-17 11:27:00,1.69,12473.0,Germany
578844,22037,ROBOT BIRTHDAY CARD,1,2011-11-25 16:14:00,0.83,,United Kingdom
578347,21191,LARGE WHITE HONEYCOMB PAPER BELL  ,2,2011-11-24 09:26:00,4.13,,United Kingdom
552229,82583,HOT BATHS METAL SIGN,2,2011-05-06 15:40:00,4.13,,United Kingdom
572484,84997A,CHILDRENS CUTLERY POLKADOT GREEN ,2,2011-10-24 13:50:00,4.15,17220.0,United Kingdom
571701,21379,CAMPHOR WOOD PORTOBELLO MUSHROOM,6,2011-10-18 15:05:00,1.25,14639.0,United Kingdom
553158,22192,BLUE DINER WALL CLOCK,2,2011-05-13 15:24:00,8.5,14194.0,United Kingdom
579273,21500,PINK POLKADOT WRAP ,25,2011-11-29 10:00:00,0.42,15197.0,United Kingdom
537640,21556,CERAMIC STRAWBERRY MONEY BOX,3,2010-12-07 15:31:00,5.91,,United Kingdom
565847,22469,HEART OF WICKER SMALL,1,2011-09-07 12:44:00,4.13,,United Kingdom
547785,21507,"ELEPHANT, BIRTHDAY CARD, ",24,2011-03-25 11:41:00,0.42,13097.0,United Kingdom
580685,23207,LUNCH BAG ALPHABET DESIGN,10,2011-12-05 15:16:00,1.65,17676.0,United Kingdom
559038,22728,ALARM CLOCK BAKELIKE PINK,1,2011-07-05 15:31:00,8.29,,United Kingdom
538877,84030e,ENGLISH ROSE HOT WATER BOTTLE,7,2010-12-14 15:29:00,8.47,,United Kingdom
539642,15056P,EDWARDIAN PARASOL PINK,2,2010-12-20 15:35:00,5.95,15867.0,United Kingdom
566589,85099B,JUMBO BAG RED RETROSPOT,10,2011-09-13 14:50:00,2.08,14753.0,United Kingdom
560259,23203,JUMBO BAG DOILEY PATTERNS,10,2011-07-17 13:29:00,2.08,13654.0,United Kingdom
576927,84997D,CHILDRENS CUTLERY POLKADOT PINK,4,2011-11-17 11:02:00,4.15,12567.0,France
559362,85049C,ROMANTIC PINKS RIBBONS ,12,2011-07-08 08:43:00,1.25,12635.0,Germany
579301,21327,SKULLS WRITING SET ,5,2011-11-29 11:32:00,1.65,18118.0,United Kingdom
536628,21068,VINTAGE BILLBOARD LOVE/HATE MUG,6,2010-12-02 10:54:00,1.06,17850.0,United Kingdom
572677,22083,PAPER CHAIN KIT RETROSPOT,1,2011-10-25 13:46:00,2.95,17596.0,United Kingdom
578317,22952,60 CAKE CASES VINTAGE CHRISTMAS,24,2011-11-23 16:47:00,0.55,15398.0,United Kingdom
557250,84879,ASSORTED COLOUR BIRD ORNAMENT,1,2011-06-17 15:59:00,1.69,12748.0,United Kingdom
562204,22962,JAM JAR WITH PINK LID,3,2011-08-03 12:54:00,0.85,16324.0,United Kingdom
574356,21479,WHITE SKULL HOT WATER BOTTLE ,2,2011-11-04 10:48:00,9.13,,United Kingdom
543196,22027,TEA PARTY BIRTHDAY CARD,12,2011-02-04 12:29:00,0.42,13309.0,United Kingdom
577358,22687,DOORMAT CHRISTMAS VILLAGE,1,2011-11-18 15:59:00,16.63,,United Kingdom
552702,22678,FRENCH BLUE METAL DOOR SIGN 3,1,2011-05-10 16:00:00,2.46,,United Kingdom
572540,21558,SKULL LUNCH BOX WITH CUTLERY ,1,2011-10-24 16:17:00,4.96,,United Kingdom
577316,22492,MINI PAINT SET VINTAGE ,36,2011-11-18 13:30:00,0.65,12578.0,Italy
573993,84029E,RED WOOLLY HOTTIE WHITE HEART.,4,2011-11-02 11:23:00,4.25,16790.0,United Kingdom
581181,22410,MONEY BOX HOUSEKEEPING DESIGN,12,2011-12-07 15:55:00,0.39,14189.0,United Kingdom
539434,22108,PING! MICROWAVE PLATE,1,2010-12-17 14:41:00,3.36,,United Kingdom
571716,20961,STRAWBERRY BATH SPONGE ,2,2011-10-18 17:05:00,2.46,,United Kingdom
557644,51014L,"FEATHER PEN,LIGHT PINK",1,2011-06-21 17:06:00,0.83,,United Kingdom
547485,21448,12 DAISY PEGS IN WOOD BOX,3,2011-03-23 11:16:00,1.65,17019.0,United Kingdom
578153,23350,ROLL WRAP VINTAGE SPOT ,6,2011-11-23 11:22:00,1.25,12748.0,United Kingdom
541970,22841,ROUND CAKE TIN VINTAGE GREEN,2,2011-01-24 13:48:00,7.95,15179.0,United Kingdom
571797,23199,JUMBO BAG APPLES,15,2011-10-19 11:41:00,4.13,,United Kingdom
574686,22983,CARD BILLBOARD FONT,12,2011-11-06 13:00:00,0.42,17608.0,United Kingdom
C546507,82494L,WOODEN FRAME ANTIQUE WHITE ,-2,2011-03-14 11:47:00,2.95,12712.0,Germany
578347,22625,RED KITCHEN SCALES,1,2011-11-24 09:26:00,16.63,,United Kingdom
565462,23189,SET OF 12 FORK CANDLES,12,2011-09-05 09:38:00,2.89,16551.0,United Kingdom
567675,23332,IVORY WICKER HEART LARGE,12,2011-09-21 15:54:00,1.65,15351.0,United Kingdom
565488,84707B,PINK JEWELLED MIRROR TRINKET TRAY,2,2011-09-05 11:38:00,9.95,15307.0,United Kingdom
572923,22454,MEASURING TAPE BABUSHKA RED,6,2011-10-27 08:35:00,2.95,15948.0,United Kingdom
577297,23300,GARDENERS KNEELING PAD CUP OF TEA ,1,2011-11-18 12:48:00,1.65,14593.0,United Kingdom
539658,84032A,CHARLIE+LOLA PINK HOT WATER BOTTLE,6,2010-12-21 09:34:00,2.95,17213.0,United Kingdom
538156,21187,WHITE BELL HONEYCOMB PAPER GARLAND ,11,2010-12-09 16:53:00,1.65,15555.0,United Kingdom
578818,85032B,BLOSSOM IMAGES GIFT WRAP SET,1,2011-11-25 13:47:00,0.65,17920.0,United Kingdom
572035,23326,HANGING MINI COLOURED BOTTLES,192,2011-10-20 12:03:00,0.55,14646.0,Netherlands
560926,22249,DECORATION WHITE CHICK MAGIC GARDEN,1,2011-07-22 09:20:00,0.83,,United Kingdom
539764,22492,MINI PAINT SET VINTAGE ,72,2010-12-22 11:07:00,0.65,14533.0,United Kingdom
579447,23389,SPACEBOY MINI BACKPACK,2,2011-11-29 13:46:00,4.15,14390.0,United Kingdom
569544,22869,NUMBER TILE COTTAGE GARDEN 1,1,2011-10-04 16:33:00,4.13,,United Kingdom
563557,21908,CHOCOLATE THIS WAY METAL SIGN,12,2011-08-17 13:33:00,2.1,15786.0,United Kingdom
566164,22112,CHOCOLATE HOT WATER BOTTLE,6,2011-09-09 11:56:00,12.46,,United Kingdom
536643,85136A,YELLOW SHARK HELICOPTER,1,2010-12-02 11:57:00,7.95,14390.0,United Kingdom
557502,20972,PINK CREAM FELT CRAFT TRINKET BOX ,2,2011-06-20 15:32:00,2.46,,United Kingdom
545045,22292,HANGING CHICK  YELLOW DECORATION,1,2011-02-27 11:40:00,1.45,15708.0,United Kingdom
577078,16048,TEATIME ROUND PENCIL SHARPENER ,1,2011-11-17 15:17:00,0.83,,United Kingdom
541238,22779,WOODEN OWLS LIGHT GARLAND ,6,2011-01-16 10:42:00,4.25,16746.0,United Kingdom
564863,21519,GIN & TONIC DIET GREETING CARD ,24,2011-08-31 10:30:00,0.42,15491.0,United Kingdom
543191,21976,PACK OF 60 MUSHROOM CAKE CASES,2,2011-02-04 11:54:00,0.55,13137.0,United Kingdom
578850,23489,VINTAGE BELLS GARLAND,2,2011-11-27 10:47:00,2.89,13571.0,United Kingdom
563098,23172,REGENCY TEA PLATE PINK,12,2011-08-12 09:14:00,1.65,14911.0,EIRE
541249,22355,CHARLOTTE BAG SUKI DESIGN,10,2011-01-16 13:18:00,0.85,13700.0,United Kingdom
541435,22627,MINT KITCHEN SCALES,2,2011-01-18 10:28:00,8.5,13898.0,United Kingdom
581146,20758,ABSTRACT CIRCLES POCKET BOOK,1,2011-12-07 13:53:00,0.85,17602.0,United Kingdom
577479,23265,SET OF 3 WOODEN TREE DECORATIONS,12,2011-11-20 11:34:00,1.25,14911.0,EIRE
559923,21094,SET/6 RED SPOTTY PAPER PLATES,9,2011-07-13 16:07:00,0.83,,United Kingdom
552269,23040,PAPER LANTERN 9 POINT SNOW STAR ,1,2011-05-08 11:52:00,5.75,16121.0,United Kingdom
572219,23144,ZINC T-LIGHT HOLDER STARS SMALL,2,2011-10-21 13:17:00,0.83,17463.0,United Kingdom
541971,47566B,TEA TIME PARTY BUNTING,1,2011-01-24 13:48:00,10.79,,United Kingdom
561036,85202,HANGING WOOD AND FELT HEART,1,2011-07-24 11:54:00,0.42,13137.0,United Kingdom
555638,21509,COWBOYS AND INDIANS BIRTHDAY CARD ,12,2011-06-06 12:51:00,0.42,15150.0,United Kingdom
550632,22851,SET 20 NAPKINS FAIRY CAKES DESIGN ,1,2011-04-19 14:56:00,0.85,16907.0,United Kingdom
574690,23108,SET OF 10 LED DOLLY LIGHTS,2,2011-11-06 13:11:00,6.25,12638.0,Sweden
537389,21746,SMALL RED RETROSPOT WINDMILL,1,2010-12-06 13:41:00,1.25,17757.0,United Kingdom
580672,23510,MINI PLAYING CARDS GYMKHANA,1,2011-12-05 14:29:00,0.42,17920.0,United Kingdom
542605,22720,SET OF 3 CAKE TINS PANTRY DESIGN ,6,2011-01-30 12:42:00,4.95,17796.0,United Kingdom
572079,22154,ANGEL DECORATION 3 BUTTONS ,48,2011-10-20 14:11:00,0.42,14484.0,United Kingdom
542344,22379,RECYCLING BAG RETROSPOT ,2,2011-01-27 11:30:00,4.13,,United Kingdom
566622,22178,VICTORIAN GLASS HANGING T-LIGHT,6,2011-09-14 09:27:00,1.95,13860.0,United Kingdom
552025,23205,CHARLOTTE BAG VINTAGE ALPHABET ,10,2011-05-05 18:04:00,0.85,13969.0,United Kingdom
546753,20975,12 PENCILS SMALL TUBE RED RETROSPOT,2,2011-03-16 13:00:00,0.65,16383.0,United Kingdom
577554,21126,SET OF 6 GIRLS CELEBRATION CANDLES,2,2011-11-20 15:35:00,1.25,15533.0,United Kingdom
559930,23175,REGENCY MILK JUG PINK ,12,2011-07-14 09:22:00,3.25,17738.0,United Kingdom
545906,21890,S/6 WOODEN SKITTLES IN COTTON BAG,6,2011-03-08 09:23:00,2.95,15764.0,United Kingdom
580647,23566,EGG CUP MILKMAID HEIDI,6,2011-12-05 13:14:00,1.25,14083.0,United Kingdom
576182,84879,ASSORTED COLOUR BIRD ORNAMENT,8,2011-11-14 11:21:00,1.69,12938.0,United Kingdom
538149,82600,NO SINGING METAL SIGN,1,2010-12-09 16:27:00,4.21,,United Kingdom
552520,22899,CHILDREN'S APRON DOLLY GIRL ,2,2011-05-09 16:34:00,4.13,,United Kingdom
549431,21556,CERAMIC STRAWBERRY MONEY BOX,24,2011-04-08 12:17:00,2.25,15874.0,United Kingdom
581146,22960,JAM MAKING SET WITH JARS,1,2011-12-07 13:53:00,4.25,17602.0,United Kingdom
575320,22568,FELTCRAFT CUSHION OWL,4,2011-11-09 13:30:00,3.75,17011.0,United Kingdom
540238,22365,DOORMAT RESPECTABLE HOUSE,1,2011-01-05 14:44:00,14.43,,United Kingdom
568945,21733,RED HANGING HEART T-LIGHT HOLDER,6,2011-09-29 14:52:00,2.95,14239.0,United Kingdom
579468,21754,HOME BUILDING BLOCK WORD,1,2011-11-29 14:58:00,6.25,14711.0,United Kingdom
581492,90059D,DIAMANTE HAIR GRIP PACK/2 PERIDOT,2,2011-12-09 10:03:00,1.65,,United Kingdom
553859,22077,6 RIBBONS RUSTIC CHARM,4,2011-05-19 13:35:00,1.65,14505.0,United Kingdom
536796,22376,AIRLINE BAG VINTAGE JET SET WHITE,2,2010-12-02 15:46:00,4.25,15574.0,United Kingdom
555850,20677,PINK POLKADOT BOWL,8,2011-06-07 13:35:00,1.25,16550.0,United Kingdom
563201,23094,LE GRAND TRAY CHIC SET,1,2011-08-14 10:52:00,12.5,13838.0,United Kingdom
576246,23423,PANTRY 3 HOOK ROLLING PIN HANGER,1,2011-11-14 13:42:00,3.75,17566.0,United Kingdom
560997,21829,DINOSAUR KEYRINGS ASSORTED,36,2011-07-22 13:59:00,0.21,12627.0,Germany
547772,90014B,GOLD M PEARL  ORBIT NECKLACE,2,2011-03-25 11:34:00,9.95,17979.0,United Kingdom
558904,84596B,SMALL DOLLY MIX DESIGN ORANGE BOWL,1,2011-07-04 16:18:00,0.83,,United Kingdom
575748,23168,CLASSIC CAFE SUGAR DISPENSER,9,2011-11-11 10:21:00,3.29,,United Kingdom
561804,84818,DANISH ROSE PHOTO FRAME,24,2011-07-29 14:40:00,0.79,14191.0,United Kingdom
549424,22652,TRAVEL SEWING KIT,10,2011-04-08 11:50:00,1.65,15367.0,United Kingdom
569243,22938,CUPCAKE LACE PAPER SET 6,12,2011-10-03 09:44:00,1.95,13344.0,United Kingdom
547658,21181,PLEASE ONE PERSON METAL SIGN,2,2011-03-24 13:04:00,2.1,13736.0,United Kingdom
543800,85186C,BUNNY EGG GARLAND,2,2011-02-13 11:36:00,0.42,17282.0,United Kingdom
552469,22028,PENNY FARTHING BIRTHDAY CARD,12,2011-05-09 15:34:00,0.42,12867.0,United Kingdom
566913,23321,SMALL WHITE HEART OF WICKER,3,2011-09-15 14:07:00,1.65,17602.0,United Kingdom
569207,22865,HAND WARMER OWL DESIGN,1,2011-10-02 11:04:00,2.1,17811.0,United Kingdom
559326,21935,SUKI  SHOULDER BAG,10,2011-07-07 15:16:00,1.65,13835.0,United Kingdom
553206,23108,SET OF 10 LED DOLLY LIGHTS,12,2011-05-16 08:16:00,5.39,14156.0,EIRE
575368,21817,GLITTER CHRISTMAS TREE,1,2011-11-09 15:07:00,0.39,14482.0,United Kingdom
547567,22569,FELTCRAFT CUSHION BUTTERFLY,4,2011-03-24 09:44:00,3.75,17644.0,United Kingdom
554825,22328,ROUND SNACK BOXES SET OF 4 FRUITS ,6,2011-05-26 14:45:00,2.95,16843.0,United Kingdom
545518,21935,SUKI  SHOULDER BAG,10,2011-03-03 12:24:00,1.65,18218.0,United Kingdom
539595,21790,VINTAGE SNAP CARDS,4,2010-12-20 13:43:00,1.66,,United Kingdom
563549,75049L,LARGE CIRCULAR MIRROR MOBILE,9,2011-08-17 12:34:00,2.46,,United Kingdom
571046,85035C,ROSE 3 WICK MORRIS BOX CANDLE,2,2011-10-13 13:35:00,1.25,18096.0,United Kingdom
543292,47566,PARTY BUNTING,1,2011-02-07 11:15:00,4.95,14534.0,United Kingdom
556441,21535,RED RETROSPOT SMALL MILK JUG,2,2011-06-10 15:07:00,2.55,14415.0,United Kingdom
556108,23000,TRAVEL CARD WALLET TRANSPORT,1,2011-06-08 17:59:00,0.83,,United Kingdom
573153,22417,PACK OF 60 SPACEBOY CAKE CASES,72,2011-10-28 07:39:00,0.55,12678.0,France
575152,23510,MINI PLAYING CARDS GYMKHANA,1,2011-11-08 16:12:00,0.42,16284.0,United Kingdom
538497,22174,PHOTO CUBE,1,2010-12-12 12:44:00,1.65,14684.0,United Kingdom
544294,22772,PINK DRAWER KNOB ACRYLIC EDWARDIAN,12,2011-02-17 12:42:00,1.25,15601.0,United Kingdom
571183,22951,60 CAKE CASES DOLLY GIRL DESIGN,2,2011-10-14 11:08:00,0.55,14796.0,United Kingdom
577483,82581,TOILET METAL SIGN,2,2011-11-20 11:50:00,0.55,14502.0,United Kingdom
540977,84661B,BLACK SQUARE TABLE CLOCK,1,2011-01-12 15:01:00,2.51,,United Kingdom
542794,84375,SET OF 20 KIDS COOKIE CUTTERS,2,2011-02-01 10:56:00,4.13,,United Kingdom
568702,22536,MAGIC DRAWING SLATE PURDEY,25,2011-09-28 15:18:00,0.42,17950.0,United Kingdom
547884,22741,FUNKY DIVA PEN,48,2011-03-28 09:07:00,0.85,13481.0,United Kingdom
580367,21615,4 LAVENDER BOTANICAL DINNER CANDLES,1,2011-12-02 16:39:00,3.29,,United Kingdom
537050,22564,ALPHABET STENCIL CRAFT,5,2010-12-05 11:10:00,1.25,14800.0,United Kingdom
550651,21212,PACK OF 72 RETROSPOT CAKE CASES,1,2011-04-19 16:52:00,0.55,15436.0,United Kingdom
542237,21976,PACK OF 60 MUSHROOM CAKE CASES,24,2011-01-26 14:30:00,0.55,12347.0,Iceland
578344,35649,VINTAGE BEAD COSMETIC BAG ,3,2011-11-24 09:21:00,2.46,,United Kingdom
561231,22450,SILK PURSE BABUSHKA BLUE,3,2011-07-26 10:20:00,3.35,15855.0,United Kingdom
542621,37500,TEA TIME TEAPOT IN GIFT BOX,2,2011-01-31 09:05:00,9.95,12528.0,Germany
541510,22423,REGENCY CAKESTAND 3 TIER,1,2011-01-18 16:39:00,12.75,14428.0,United Kingdom
580055,22385,JUMBO BAG SPACEBOY DESIGN,20,2011-12-01 13:12:00,1.79,14298.0,United Kingdom
562542,22712,CARD DOLLY GIRL ,12,2011-08-05 15:40:00,0.42,17377.0,United Kingdom
574070,85099C,JUMBO  BAG BAROQUE BLACK WHITE,10,2011-11-02 14:52:00,2.08,16748.0,United Kingdom
573576,23194,GYMKHANA TREASURE BOOK BOX,1,2011-10-31 14:09:00,4.58,14096.0,United Kingdom
566022,23411, TRELLIS COAT RACK,6,2011-09-08 12:47:00,4.95,13925.0,United Kingdom
580094,23382,BOX OF 6 CHRISTMAS CAKE DECORATIONS,1,2011-12-01 14:50:00,3.75,15904.0,United Kingdom
548712,22994,TRAVEL CARD WALLET RETROSPOT,2,2011-04-03 14:42:00,0.42,17050.0,United Kingdom
572550,23328,SET 6 SCHOOL MILK BOTTLES IN CRATE,2,2011-10-24 17:06:00,7.46,,United Kingdom
580959,22419,LIPSTICK PEN RED,12,2011-12-06 14:31:00,0.42,14673.0,United Kingdom
571717,84971S,SMALL HEART FLOWERS HOOK ,3,2011-10-18 17:10:00,0.85,14381.0,United Kingdom
563614,23346,SPACEBOY BEAKER,200,2011-08-18 08:51:00,1.08,12415.0,Australia
580713,22782,SET 3 WICKER STORAGE BASKETS ,3,2011-12-05 16:37:00,24.95,18030.0,United Kingdom
581003,23320,GIANT 50'S CHRISTMAS CRACKER,24,2011-12-07 08:38:00,1.25,14911.0,EIRE
558868,10125,MINI FUNKY DESIGN TAPES,20,2011-07-04 12:47:00,0.85,13266.0,United Kingdom
538900,82582,AREA PATROLLED METAL SIGN,12,2010-12-15 09:51:00,2.1,13078.0,United Kingdom
560500,84849D,HOT BATHS SOAP HOLDER,3,2011-07-19 11:08:00,1.69,17975.0,United Kingdom
540043,84879,ASSORTED COLOUR BIRD ORNAMENT,16,2011-01-04 14:21:00,1.69,15164.0,United Kingdom
543371,21159,MOODY BOY  DOOR HANGER ,1,2011-02-07 14:53:00,1.45,14048.0,United Kingdom
550208,85099B,JUMBO BAG RED RETROSPOT,3,2011-04-15 10:39:00,4.13,,United Kingdom
579116,23200,JUMBO BAG PEARS,2,2011-11-28 11:54:00,2.08,17346.0,United Kingdom
563940,22383,LUNCH BAG SUKI DESIGN ,10,2011-08-22 09:30:00,1.65,17416.0,United Kingdom
580152,16169M,WRAP DAISY CARPET ,25,2011-12-02 10:22:00,0.42,12364.0,Belgium
551715,23054,RECYCLED ACAPULCO MAT LAVENDER,2,2011-05-03 15:23:00,8.25,13102.0,United Kingdom
572066,82483,WOOD 2 DRAWER CABINET WHITE FINISH,16,2011-10-20 13:07:00,5.95,15159.0,United Kingdom
555162,84077,WORLD WAR 2 GLIDERS ASSTD DESIGNS,48,2011-06-01 10:15:00,0.29,12473.0,Germany
556241,22848,BREAD BIN DINER STYLE PINK,1,2011-06-09 16:04:00,16.95,12597.0,Spain
574950,22944,CHRISTMAS METAL POSTCARD WITH BELLS,18,2011-11-08 09:29:00,0.97,,United Kingdom
575840,22727,ALARM CLOCK BAKELIKE RED ,8,2011-11-11 11:56:00,3.75,13137.0,United Kingdom
547386,22217,T-LIGHT HOLDER HANGING LACE,4,2011-03-22 15:52:00,2.46,,United Kingdom
544105,21669,BLUE STRIPE CERAMIC DRAWER KNOB,24,2011-02-16 10:38:00,1.25,17567.0,United Kingdom
541086,84997A,GREEN 3 PIECE POLKADOT CUTLERY SET,6,2011-01-13 12:32:00,3.75,16503.0,United Kingdom
539453,22545,MINI JIGSAW BUNNIES,1,2010-12-17 17:08:00,0.85,,United Kingdom
565730,75049L,LARGE CIRCULAR MIRROR MOBILE,54,2011-09-06 12:02:00,1.25,14715.0,United Kingdom
561896,22385,JUMBO BAG SPACEBOY DESIGN,10,2011-07-31 15:22:00,2.08,15819.0,United Kingdom
563614,22662,LUNCH BAG DOLLY GIRL DESIGN,100,2011-08-18 08:51:00,1.45,12415.0,Australia
566603,85049H,URBAN BLACK RIBBONS ,1,2011-09-13 16:12:00,0.83,,United Kingdom
566289,22637,PIGGY BANK RETROSPOT ,4,2011-09-11 15:20:00,2.55,15601.0,United Kingdom
542401,20985,HEART CALCULATOR,10,2011-01-27 15:51:00,1.25,14541.0,United Kingdom
560926,21232,STRAWBERRY CERAMIC TRINKET BOX,1,2011-07-22 09:20:00,2.46,,United Kingdom
541879,15056n,EDWARDIAN PARASOL NATURAL,1,2011-01-24 10:31:00,12.46,,United Kingdom
567194,23350,ROLL WRAP VINTAGE SPOT ,12,2011-09-19 09:28:00,1.25,18094.0,United Kingdom
541485,84846A,SCENTED CANDLE IN DIGITALIS TIN,1,2011-01-18 13:05:00,2.1,18118.0,United Kingdom
562102,22382,LUNCH BAG SPACEBOY DESIGN ,20,2011-08-02 14:21:00,1.65,13089.0,United Kingdom
550781,37327,ASSTD MULTICOLOUR CIRCLES MUG,48,2011-04-20 13:43:00,0.39,13097.0,United Kingdom
567183,82484,WOOD BLACK BOARD ANT WHITE FINISH,6,2011-09-18 15:32:00,7.95,14769.0,United Kingdom
559460,23309,SET OF 60 I LOVE LONDON CAKE CASES ,48,2011-07-08 13:00:00,0.55,13862.0,United Kingdom
537381,22151,PLACE SETTING WHITE HEART,24,2010-12-06 13:13:00,0.42,14667.0,United Kingdom
576055,22578,WOODEN STAR CHRISTMAS SCANDINAVIAN,24,2011-11-13 15:02:00,0.29,15449.0,United Kingdom
562711,22382,LUNCH BAG SPACEBOY DESIGN ,1,2011-08-08 14:53:00,1.65,16788.0,United Kingdom
565481,22495,SET OF 2 ROUND TINS CAMEMBERT ,2,2011-09-05 11:31:00,2.95,16891.0,United Kingdom
565840,22815,CARD PSYCHEDELIC APPLES,4,2011-09-07 12:02:00,0.42,,United Kingdom
558475,21832,CHOCOLATE CALCULATOR,2,2011-06-29 15:58:00,3.29,,United Kingdom
569362,21174,POTTERING IN THE SHED METAL SIGN,15,2011-10-03 15:06:00,1.49,18102.0,United Kingdom
553549,85099B,JUMBO BAG RED RETROSPOT,1,2011-05-17 16:09:00,4.13,,United Kingdom
577138,20936,FORKED CACTUS CANDLE,6,2011-11-18 09:03:00,2.95,13079.0,United Kingdom
545937,22383,LUNCH BAG SUKI DESIGN ,40,2011-03-08 12:05:00,1.65,12758.0,Portugal
563038,84508A,CAMOUFLAGE DESIGN TEDDY,240,2011-08-11 15:05:00,2.1,16656.0,United Kingdom
571243,84378,SET OF 3 HEART COOKIE CUTTERS,12,2011-10-14 15:26:00,1.45,14595.0,United Kingdom
573551,23330,DECORATIVE WICKER HEART MEDIUM,6,2011-10-31 13:35:00,1.25,15044.0,United Kingdom
571714,22653,BUTTON BOX ,2,2011-10-18 17:00:00,1.63,,United Kingdom
564473,21495,SKULLS AND CROSSBONES WRAP,25,2011-08-25 12:33:00,0.42,16722.0,United Kingdom
563842,22366,DOORMAT AIRMAIL ,2,2011-08-19 13:54:00,7.95,13871.0,United Kingdom
551714,21034,REX CASH+CARRY JUMBO SHOPPER,6,2011-05-03 15:15:00,0.95,16806.0,United Kingdom
562779,21975,PACK OF 60 DINOSAUR CAKE CASES,2,2011-08-09 12:58:00,0.55,17841.0,United Kingdom
559914,23197,SKETCHBOOK MAGNETIC SHOPPING LIST,1,2011-07-13 15:13:00,3.29,,United Kingdom
569650,23541,WALL ART CLASSIC PUDDINGS ,48,2011-10-05 12:44:00,7.45,12415.0,Australia
560729,82484,WOOD BLACK BOARD ANT WHITE FINISH,12,2011-07-20 14:39:00,6.75,17511.0,United Kingdom
549560,21136,PAINTED METAL PEARS ASSORTED,1,2011-04-10 13:26:00,1.69,15058.0,United Kingdom
553730,22791,T-LIGHT GLASS FLUTED ANTIQUE,144,2011-05-19 07:49:00,1.06,16525.0,United Kingdom
552971,85123A,WHITE HANGING HEART T-LIGHT HOLDER,6,2011-05-12 13:41:00,2.95,14738.0,United Kingdom
544657,21218,RED SPOTTY BISCUIT TIN,6,2011-02-22 13:08:00,3.75,14895.0,United Kingdom
557636,22433,WATERING CAN GREEN DINOSAUR,1,2011-06-21 15:41:00,1.95,17841.0,United Kingdom
574679,23392,SPACEBOY ROCKET LOLLY MAKERS,6,2011-11-06 12:38:00,2.08,12645.0,Germany
561675,21877,HOME SWEET HOME MUG,12,2011-07-28 17:33:00,1.25,17483.0,United Kingdom
556237,47566,PARTY BUNTING,2,2011-06-09 15:34:00,10.79,,United Kingdom
572317,21163,DO NOT TOUCH MY STUFF DOOR HANGER ,2,2011-10-23 16:13:00,0.39,14629.0,United Kingdom
580612,21257,VICTORIAN SEWING BOX MEDIUM,3,2011-12-05 11:58:00,15.79,,United Kingdom
538525,22553,PLASTERS IN TIN SKULLS,24,2010-12-13 09:39:00,1.65,12540.0,Spain
563193,23296,SET OF 6 TEA TIME BAKING CASES,1,2011-08-12 16:30:00,3.29,,United Kingdom
560587,22625,RED KITCHEN SCALES,10,2011-07-19 15:49:00,6.0,13631.0,United Kingdom
537237,22726,ALARM CLOCK BAKELIKE GREEN,1,2010-12-06 09:58:00,7.62,,United Kingdom
539741,21035,SET/2 RED RETROSPOT TEA TOWELS ,1,2010-12-21 15:20:00,5.91,,United Kingdom
559674,82582,AREA PATROLLED METAL SIGN,6,2011-07-11 14:16:00,2.1,15856.0,United Kingdom
568134,23103,JINGLE BELL HEART DECORATION,2,2011-09-23 17:02:00,3.29,,United Kingdom
553211,20971,PINK BLUE FELT CRAFT TRINKET BOX,12,2011-05-16 09:40:00,1.25,15358.0,United Kingdom
550835,21442,GREEN BIRDHOUSE DECORATION,2,2011-04-21 10:52:00,0.85,15034.0,United Kingdom
561197,23075,PARLOUR CERAMIC WALL HOOK,6,2011-07-25 14:35:00,4.15,16364.0,United Kingdom
538662,85034B,3 WHITE CHOC MORRIS BOXED CANDLES,24,2010-12-13 15:44:00,1.25,15159.0,United Kingdom
574683,22751,FELTCRAFT PRINCESS OLIVIA DOLL,1,2011-11-06 12:50:00,3.75,16372.0,United Kingdom
539958,22241,GARLAND WOODEN HAPPY EASTER,3,2010-12-23 13:26:00,2.51,,United Kingdom
574532,21821,GLITTER STAR GARLAND WITH BELLS ,6,2011-11-04 14:19:00,3.75,15676.0,United Kingdom
571441,21123,SET/10 IVORY POLKADOT PARTY CANDLES,1,2011-10-17 13:31:00,0.83,14096.0,United Kingdom
567374,22835,HOT WATER BOTTLE I AM SO POORLY,24,2011-09-20 09:40:00,4.25,15341.0,United Kingdom
571716,22907,PACK OF 20 NAPKINS PANTRY DESIGN,1,2011-10-18 17:05:00,1.63,,United Kingdom
546891,22284,HEN HOUSE DECORATION,1,2011-03-17 18:18:00,3.29,,United Kingdom
575929,23311,VINTAGE CHRISTMAS STOCKING ,6,2011-11-11 17:23:00,2.55,13310.0,United Kingdom
578942,22473,TV DINNER TRAY VINTAGE PAISLEY,1,2011-11-27 13:29:00,4.95,17288.0,United Kingdom
568414,23065,LARGE DECO JEWELLERY STAND,6,2011-09-27 11:05:00,12.5,14901.0,United Kingdom
559465,47566,PARTY BUNTING,150,2011-07-08 13:26:00,4.15,14680.0,United Kingdom
545812,21224,SET/4 SKULL BADGES,10,2011-03-07 12:26:00,1.25,14214.0,United Kingdom
560264,21270,ANTIQUE CREAM CUTLERY CUPBOARD,1,2011-07-17 13:46:00,12.75,12833.0,United Kingdom
564757,21933,PINK VINTAGE PAISLEY PICNIC BAG,1,2011-08-30 10:36:00,2.46,,United Kingdom
C543469,22503,CABIN BAG VINTAGE PAISLEY,-1,2011-02-08 14:55:00,12.75,12709.0,Germany
567183,23427,STOOL HOME SWEET HOME ,2,2011-09-18 15:32:00,12.5,14769.0,United Kingdom
558452,22759,SET OF 3 NOTEBOOKS IN PARCEL,12,2011-06-29 13:51:00,1.65,15208.0,United Kingdom
543399,22988,SOLDIERS EGG CUP ,2,2011-02-08 11:07:00,2.46,,United Kingdom
569360,23243,SET OF TEA COFFEE SUGAR TINS PANTRY,3,2011-10-03 14:59:00,4.95,14653.0,United Kingdom
561894,22349,DOG BOWL CHASING BALL DESIGN,1,2011-07-31 15:00:00,3.75,14456.0,United Kingdom
561217,23286,BLUE VINTAGE SPOT BEAKER,1,2011-07-25 17:09:00,1.63,,United Kingdom
537237,22314,OFFICE MUG WARMER CHOC+BLUE,2,2010-12-06 09:58:00,5.91,,United Kingdom
578347,20764,ABSTRACT CIRCLES SKETCHBOOK ,1,2011-11-24 09:26:00,7.46,,United Kingdom
580115,21977,PACK OF 60 PINK PAISLEY CAKE CASES,1,2011-12-01 16:22:00,1.25,,United Kingdom
573038,90058B,CRYSTAL STUD EARRINGS ASSORTED COL ,36,2011-10-27 13:48:00,0.38,17545.0,United Kingdom
575930,23203,JUMBO BAG VINTAGE DOILY ,2,2011-11-11 17:58:00,4.13,,United Kingdom
539831,85049G,CHOCOLATE BOX RIBBONS ,1,2010-12-22 13:17:00,1.25,14606.0,United Kingdom
540672,21280,VINTAGE KITCHEN PRINT VEGETABLES,6,2011-01-10 15:51:00,2.55,15281.0,United Kingdom
559538,21260,FIRST AID TIN,2,2011-07-10 12:25:00,3.25,16880.0,United Kingdom
570906,20971,PINK BLUE FELT CRAFT TRINKET BOX,12,2011-10-13 10:54:00,1.06,14537.0,United Kingdom
537400,22098,BOUDOIR SQUARE TISSUE BOX,2,2010-12-06 14:36:00,1.25,17191.0,United Kingdom
540995,20972,PINK CREAM FELT CRAFT TRINKET BOX ,1,2011-01-13 09:30:00,2.46,,United Kingdom
549295,21849,SILVER DIAMANTE PEN IN GIFT BOX,2,2011-04-07 19:49:00,4.13,,United Kingdom
562570,22120,WELCOME  WOODEN BLOCK LETTERS,1,2011-08-07 12:10:00,9.95,14079.0,United Kingdom
550517,22178,VICTORIAN GLASS HANGING T-LIGHT,24,2011-04-19 08:17:00,1.25,14352.0,United Kingdom
537231,22866,HAND WARMER SCOTTY DOG DESIGN,12,2010-12-06 09:21:00,2.1,13652.0,United Kingdom
577785,23017,APOTHECARY MEASURING JAR,2,2011-11-21 16:25:00,12.5,16369.0,United Kingdom
563929,23238,SET OF 4 KNICK KNACK TINS LONDON ,1,2011-08-21 15:35:00,4.15,15031.0,United Kingdom
548987,47590B,PINK HAPPY BIRTHDAY BUNTING,1,2011-04-05 12:50:00,5.45,14535.0,United Kingdom
566730,37448,CERAMIC CAKE DESIGN SPOTTED MUG,1,2011-09-14 13:31:00,1.49,14606.0,United Kingdom
545995,20751,FUNKY WASHING UP GLOVES ASSORTED,2,2011-03-08 13:54:00,2.1,15023.0,United Kingdom
578040,22483,RED GINGHAM TEDDY BEAR ,2,2011-11-22 14:21:00,2.95,13322.0,United Kingdom
540543,21903,MAN FLU METAL SIGN,6,2011-01-09 15:23:00,2.1,14395.0,United Kingdom
566010,22111,SCOTTIE DOG HOT WATER BOTTLE,2,2011-09-08 12:05:00,4.95,13700.0,United Kingdom
580730,21990,MODERN FLORAL STATIONERY SET,7,2011-12-05 17:28:00,2.46,,United Kingdom
537135,84029G,KNITTED UNION FLAG HOT WATER BOTTLE,2,2010-12-05 12:35:00,3.75,17059.0,United Kingdom
557064,21175,GIN + TONIC DIET METAL SIGN,2,2011-06-16 15:07:00,2.55,13263.0,United Kingdom
550459,85123A,WHITE HANGING HEART T-LIGHT HOLDER,5,2011-04-18 13:17:00,2.95,18116.0,United Kingdom
545060,85200,BUNNY EGG BOX,1,2011-02-27 13:47:00,1.25,15547.0,United Kingdom
541220,22967,SET 3 SONG BIRD PAPER EGGS ASSORTED,240,2011-01-14 14:11:00,2.55,14156.0,EIRE
565726,23172,REGENCY TEA PLATE PINK,12,2011-09-06 11:58:00,1.65,14360.0,United Kingdom
540545,22931,BAKING MOULD HEART WHITE CHOCOLATE,1,2011-01-09 15:35:00,2.55,13451.0,United Kingdom
560937,22544,MINI JIGSAW SPACEBOY,1,2011-07-22 10:52:00,0.42,17920.0,United Kingdom
560972,22427,ENAMEL FLOWER JUG CREAM,6,2011-07-22 11:44:00,5.95,14209.0,United Kingdom
542622,21098,CHRISTMAS TOILET ROLL,1,2011-01-31 09:09:00,2.46,,United Kingdom
567697,22610,PENS ASSORTED FUNNY FACE,36,2011-09-22 08:41:00,0.19,16558.0,United Kingdom
541223,22083,PAPER CHAIN KIT RETROSPOT,2,2011-01-14 14:39:00,2.95,17954.0,United Kingdom
547063,22923,FRIDGE MAGNETS LES ENFANTS ASSORTED,12,2011-03-20 13:33:00,0.85,14769.0,United Kingdom
560991,POST,POSTAGE,3,2011-07-22 13:29:00,40.0,12438.0,Norway
564342,22099,CARAVAN SQUARE TISSUE BOX,1,2011-08-24 14:53:00,0.39,16340.0,United Kingdom
567970,22138,BAKING SET 9 PIECE RETROSPOT ,3,2011-09-23 10:02:00,4.95,18041.0,United Kingdom
542430,22961,JAM MAKING SET PRINTED,12,2011-01-28 10:10:00,1.45,13552.0,United Kingdom
567507,23199,JUMBO BAG APPLES,18,2011-09-20 14:46:00,4.13,,United Kingdom
554822,21932,SCANDINAVIAN PAISLEY PICNIC BAG,10,2011-05-26 14:17:00,1.65,12937.0,United Kingdom
556089,21989,PACK OF 20 SKULL PAPER NAPKINS,1,2011-06-08 15:25:00,1.63,,United Kingdom
540508,85099F,JUMBO BAG STRAWBERRY,5,2011-01-09 11:20:00,1.95,14810.0,United Kingdom
539436,21175,GIN + TONIC DIET METAL SIGN,1,2010-12-17 14:49:00,4.21,,United Kingdom
581453,22556,PLASTERS IN TIN CIRCUS PARADE ,24,2011-12-08 18:15:00,1.65,16401.0,United Kingdom
552526,22570,FELTCRAFT CUSHION RABBIT,3,2011-05-09 16:42:00,3.75,17576.0,United Kingdom
579301,22065,CHRISTMAS PUDDING TRINKET POT ,2,2011-11-29 11:32:00,0.39,18118.0,United Kingdom
565919,21110,LARGE CAKE TOWEL PINK SPOTS,8,2011-09-07 16:48:00,1.95,,United Kingdom
566085,22629,SPACEBOY LUNCH BOX ,1,2011-09-09 10:12:00,1.95,17841.0,United Kingdom
571081,22835,HOT WATER BOTTLE I AM SO POORLY,1,2011-10-13 15:23:00,4.95,16775.0,United Kingdom
573150,22851,SET 20 NAPKINS FAIRY CAKES DESIGN ,1,2011-10-27 20:07:00,0.85,15014.0,United Kingdom
552874,22352,LUNCH BOX WITH CUTLERY RETROSPOT ,6,2011-05-12 09:40:00,2.55,12621.0,Germany
553192,22272,FELTCRAFT DOLL MARIA,6,2011-05-15 13:27:00,2.95,15333.0,United Kingdom
547898,22383,LUNCH BAG SUKI DESIGN ,20,2011-03-28 11:49:00,1.65,16523.0,United Kingdom
554050,71053,WHITE METAL LANTERN,12,2011-05-20 14:54:00,3.75,18048.0,United Kingdom
570509,23207,LUNCH BAG ALPHABET DESIGN,10,2011-10-11 10:16:00,1.65,13109.0,United Kingdom
556263,23199,JUMBO BAG APPLES,6,2011-06-09 18:41:00,2.08,13969.0,United Kingdom
550622,23008,DOLLY GIRL BABY GIFT SET,1,2011-04-19 13:49:00,16.95,13735.0,United Kingdom
576618,23004,TRAVEL CARD WALLET PANTRY,2,2011-11-15 17:00:00,0.83,,United Kingdom
575183,23466,TUSCAN VILLA DOVECOTE BIRD FEEDER,2,2011-11-09 08:36:00,8.25,13046.0,United Kingdom
541423,22374,AIRLINE BAG VINTAGE JET SET RED,2,2011-01-17 17:54:00,4.13,,United Kingdom
542617,21670,BLUE SPOT CERAMIC DRAWER KNOB,12,2011-01-30 15:48:00,1.25,17463.0,United Kingdom
562166,22489,PACK OF 12 TRADITIONAL CRAYONS,24,2011-08-03 12:10:00,0.42,13209.0,United Kingdom
560527,23207,LUNCH BAG ALPHABET DESIGN,10,2011-07-19 11:57:00,1.65,15727.0,United Kingdom
560688,23207,LUNCH BAG ALPHABET DESIGN,1,2011-07-20 11:54:00,1.65,16393.0,United Kingdom
571716,21791,VINTAGE HEADS AND TAILS CARD GAME ,2,2011-10-18 17:05:00,2.46,,United Kingdom
578513,21411,GINGHAM HEART  DOORSTOP RED,3,2011-11-24 13:32:00,4.25,16609.0,United Kingdom
580893,21158,MOODY GIRL DOOR HANGER ,1,2011-12-06 12:38:00,0.39,17290.0,United Kingdom
579001,23157,SET OF 6 NATIVITY MAGNETS ,3,2011-11-27 16:19:00,2.08,15555.0,United Kingdom
572866,22197,POPCORN HOLDER,12,2011-10-26 13:07:00,0.85,15005.0,United Kingdom
555324,23148,MINIATURE ANTIQUE ROSE HOOK IVORY,1,2011-06-02 11:02:00,2.46,,United Kingdom
559898,23300,GARDENERS KNEELING PAD CUP OF TEA ,6,2011-07-13 12:18:00,1.65,16225.0,United Kingdom
543118,22795,SWEETHEART RECIPE BOOK STAND,2,2011-02-03 13:31:00,6.75,13842.0,United Kingdom
546765,21244,BLUE POLKADOT PLATE ,8,2011-03-16 14:37:00,1.69,12437.0,France
569036,21903,MAN FLU METAL SIGN,12,2011-09-30 10:44:00,2.1,18217.0,United Kingdom
C554531,21494,ROTATING LEAVES T-LIGHT HOLDER,-2,2011-05-24 17:30:00,1.25,12463.0,Belgium
547069,22629,SPACEBOY LUNCH BOX ,2,2011-03-20 13:52:00,1.95,16710.0,United Kingdom
578844,20724,RED RETROSPOT CHARLOTTE BAG,2,2011-11-25 16:14:00,1.63,,United Kingdom
568082,22766,PHOTO FRAME CORNICE,8,2011-09-23 14:38:00,2.95,14944.0,United Kingdom
573585,23427,STOOL HOME SWEET HOME ,2,2011-10-31 14:41:00,24.96,,United Kingdom
574852,72817,SET OF 2 CHRISTMAS DECOUPAGE CANDLE,2,2011-11-07 12:04:00,0.79,15493.0,United Kingdom
574701,21615,4 LAVENDER BOTANICAL DINNER CANDLES,1,2011-11-06 13:54:00,1.25,15426.0,United Kingdom
557064,21932,SCANDINAVIAN PAISLEY PICNIC BAG,5,2011-06-16 15:07:00,1.65,13263.0,United Kingdom
551966,22631,CIRCUS PARADE LUNCH BOX ,3,2011-05-05 13:14:00,1.95,15356.0,United Kingdom
563442,23173,REGENCY TEAPOT ROSES ,2,2011-08-16 13:25:00,9.95,17637.0,United Kingdom
572552,23220,REINDEER HEART DECORATION GOLD,4,2011-10-24 17:07:00,1.63,14096.0,United Kingdom
567656,21985,PACK OF 12 HEARTS DESIGN TISSUES ,4,2011-09-21 14:40:00,0.83,14096.0,United Kingdom
572835,23583,LUNCH BAG PAISLEY PARK  ,100,2011-10-26 11:49:00,1.45,17428.0,United Kingdom
561084,22468,BABUSHKA LIGHTS STRING OF 10,2,2011-07-25 08:50:00,6.75,14948.0,United Kingdom
574923,21080,SET/20 RED RETROSPOT PAPER NAPKINS ,6,2011-11-07 16:40:00,0.85,17757.0,United Kingdom
570465,21068,VINTAGE BILLBOARD LOVE/HATE MUG,1,2011-10-10 16:02:00,2.46,,United Kingdom
576618,22625,RED KITCHEN SCALES,1,2011-11-15 17:00:00,16.63,,United Kingdom
578347,22753,SMALL YELLOW BABUSHKA NOTEBOOK ,1,2011-11-24 09:26:00,0.85,,United Kingdom
562468,22775,PURPLE DRAWERKNOB ACRYLIC EDWARDIAN,17,2011-08-05 11:52:00,1.25,16928.0,United Kingdom
564319,22360,GLASS JAR ENGLISH CONFECTIONERY,1,2011-08-24 13:18:00,2.95,15059.0,United Kingdom
555278,21731,RED TOADSTOOL LED NIGHT LIGHT,1,2011-06-01 17:33:00,3.29,,United Kingdom
542646,22988,SOLDIERS EGG CUP ,12,2011-01-31 11:42:00,1.25,17220.0,United Kingdom
552315,23076,ICE CREAM SUNDAE LIP GLOSS,24,2011-05-08 16:10:00,1.25,12700.0,France
581327,22663,JUMBO BAG DOLLY GIRL DESIGN,10,2011-12-08 11:56:00,2.08,15187.0,United Kingdom
565613,84725,FREESTYLE CANVAS ART PICTURE,1,2011-09-05 15:19:00,0.75,13744.0,United Kingdom
581473,23300,GARDENERS KNEELING PAD CUP OF TEA ,1,2011-12-08 19:57:00,1.65,12748.0,United Kingdom
554131,21340,CLASSIC METAL BIRDCAGE PLANT HOLDER,1,2011-05-23 09:43:00,12.75,13988.0,United Kingdom
562046,21242,RED RETROSPOT PLATE ,24,2011-08-02 10:34:00,1.69,12378.0,Switzerland
554865,21155,RED RETROSPOT PEG BAG,6,2011-05-27 10:37:00,2.55,14280.0,United Kingdom
558777,84637,KITCHEN FLOWER POTS WALL PLAQUE,2,2011-07-04 10:23:00,4.96,,United Kingdom
575701,23213,STAR WREATH DECORATION WITH BELL,24,2011-11-10 16:59:00,1.25,13396.0,United Kingdom
573387,22867,HAND WARMER BIRD DESIGN,1,2011-10-30 14:33:00,2.1,15054.0,United Kingdom
561112,21791,VINTAGE HEADS AND TAILS CARD GAME ,1,2011-07-25 11:53:00,1.25,14606.0,United Kingdom
581064,21810,CHRISTMAS HANGING STAR WITH BELL,24,2011-12-07 11:16:00,0.39,13882.0,United Kingdom
540418,22595,CHRISTMAS GINGHAM HEART,3,2011-01-07 11:04:00,1.66,,United Kingdom
572286,22555,PLASTERS IN TIN STRONGMAN,1,2011-10-23 12:18:00,1.65,16434.0,United Kingdom
546888,22293,HANGING CHICK GREEN DECORATION,1,2011-03-17 18:15:00,2.92,,United Kingdom
561205,84926F,PSYCHEDELIC TILE COASTER,24,2011-07-25 15:48:00,0.29,17693.0,United Kingdom
564756,84796B,BLUE SAVANNAH PICNIC HAMPER FOR 2,1,2011-08-30 10:33:00,8.29,,United Kingdom
551718,47590B,PINK HAPPY BIRTHDAY BUNTING,1,2011-05-03 16:06:00,10.79,,United Kingdom
571734,23074,EMBOSSED HEART TRINKET BOX,6,2011-10-19 09:59:00,2.08,17148.0,United Kingdom
580062,23044,PAPER LANTERN 9 POINT HOLLY STAR S,1,2011-12-01 13:28:00,4.15,15862.0,United Kingdom
568179,21523,DOORMAT FANCY FONT HOME SWEET HOME,2,2011-09-25 13:39:00,8.25,12545.0,Spain
567183,22252,BIRDCAGE DECORATION TEALIGHT HOLDER,18,2011-09-18 15:32:00,1.25,14769.0,United Kingdom
577773,22533,MAGIC DRAWING SLATE BAKE A CAKE ,1,2011-11-21 15:57:00,0.42,16712.0,United Kingdom
565114,22093,MOTORING TISSUE BOX,36,2011-09-01 11:15:00,0.39,13588.0,United Kingdom
540993,22624,IVORY KITCHEN SCALES,2,2011-01-13 09:23:00,8.5,13284.0,United Kingdom
571055,21034,REX CASH+CARRY JUMBO SHOPPER,1,2011-10-13 14:08:00,0.95,14975.0,United Kingdom
580983,23181,BULL DOG BOTTLE TOP WALL CLOCK,1,2011-12-06 16:26:00,16.63,,United Kingdom
580667,23247,BISCUIT TIN 50'S CHRISTMAS,1,2011-12-05 14:19:00,2.89,15031.0,United Kingdom
561036,48187,DOORMAT NEW ENGLAND,1,2011-07-24 11:54:00,7.95,13137.0,United Kingdom
577716,21213,PACK OF 72 SKULL CAKE CASES,24,2011-11-21 12:18:00,0.55,15857.0,United Kingdom
572658,23418,LAVENDER TOILETTE BOTTLE,12,2011-10-25 12:29:00,2.08,17690.0,United Kingdom
540681,22088,PAPER BUNTING COLOURED LACE,1,2011-01-10 16:25:00,5.91,,United Kingdom
576653,22112,CHOCOLATE HOT WATER BOTTLE,72,2011-11-16 10:45:00,4.25,14156.0,EIRE
578292,23437, 50'S CHRISTMAS GIFT BAG LARGE,12,2011-11-23 14:35:00,1.25,13174.0,United Kingdom
566315,20838,FRENCH LATTICE CUSHION COVER ,12,2011-09-12 10:01:00,0.85,15392.0,United Kingdom
